embedding_index,chunk_id,document_id,chunk_index,title,pdf_name,page_start,page_end,character_count,word_count,site_url,file_url,publicbody,foirequest,uid,source_text_path,clean_text_path,text
0,8421600000,84216,0,Haushaltsabschluss: Wofür hat Minister Remmel in 2014 Geld ausgegeben?,84216_104fd16f5731e9732f79121e4d779436ab41ea62.pdf,1,1,90,12,https://fragdenstaat.de/dokumente/84216-haushaltsabschluss-wofur-hat-minister-remmel-in-2014-geld-ausgegeben/,https://media.frag-den-staat.de/files/docs/2d/ab/b1/2dabb116ba1841a8b2bf4d757944472f/104fd16f5731e9732f79121e4d779436ab41ea62.pdf,,,2dabb116-ba18-41a8-b2bf-4d757944472f,C:\Users\Admin\Desktop\OpenLens\Texte\84216_104fd16f5731e9732f79121e4d779436ab41ea62.txt,C:\Users\Admin\Desktop\OpenLens\Bereinigte_Texte\84216_84216_104fd16f5731e9732f79121e4d779436ab41ea62.txt,"FEHLER: Nordrhein-Westfalen Drucksache 16/10202
Das Dokument konnte nicht gefunden werden."
1,8487400000,84874,0,"Inobhutnahme und Beschulung unbegleiteter, minderjähriger Flüchtlinge",84874_6b08e404fee0e6e510b67a342161ca5483649843.pdf,1,1,90,12,https://fragdenstaat.de/dokumente/84874-inobhutnahme-und-beschulung-unbegleiteter-minderjahriger-fluchtlinge/,https://media.frag-den-staat.de/files/docs/4f/9c/40/4f9c4084f09c4315a1c842061f8600e8/6b08e404fee0e6e510b67a342161ca5483649843.pdf,,,4f9c4084-f09c-4315-a1c8-42061f8600e8,C:\Users\Admin\Desktop\OpenLens\Texte\84874_6b08e404fee0e6e510b67a342161ca5483649843.txt,C:\Users\Admin\Desktop\OpenLens\Bereinigte_Texte\84874_84874_6b08e404fee0e6e510b67a342161ca5483649843.txt,"FEHLER: Nordrhein-Westfalen Drucksache 16/11814
Das Dokument konnte nicht gefunden werden."
2,8497200000,84972,0,Aussagen von Minister Remmel zur Schulverpflegung,84972_5217fd3adb400b205c3d5372cb88f151e3fdefbb.pdf,1,1,90,12,https://fragdenstaat.de/dokumente/84972-aussagen-von-minister-remmel-zur-schulverpflegung/,https://media.frag-den-staat.de/files/docs/b8/11/52/b811525b35dd48dd8dfd1c901c0802b3/5217fd3adb400b205c3d5372cb88f151e3fdefbb.pdf,,,b811525b-35dd-48dd-8dfd-1c901c0802b3,C:\Users\Admin\Desktop\OpenLens\Texte\84972_5217fd3adb400b205c3d5372cb88f151e3fdefbb.txt,C:\Users\Admin\Desktop\OpenLens\Bereinigte_Texte\84972_84972_5217fd3adb400b205c3d5372cb88f151e3fdefbb.txt,"FEHLER: Nordrhein-Westfalen Drucksache 16/11813
Das Dokument konnte nicht gefunden werden."
3,8513800000,85138,0,Haushaltsabschluss: Wofür hat Minister Remmel in 2014 Geld ausgegeben?,85138_04ce806c41142f193b29754bd9c19333b627887f.pdf,1,1,90,12,https://fragdenstaat.de/dokumente/85138-haushaltsabschluss-wofur-hat-minister-remmel-in-2014-geld-ausgegeben/,https://media.frag-den-staat.de/files/docs/ef/8b/18/ef8b1825fd3f4645a7add44194594464/04ce806c41142f193b29754bd9c19333b627887f.pdf,,,ef8b1825-fd3f-4645-a7ad-d44194594464,C:\Users\Admin\Desktop\OpenLens\Texte\85138_04ce806c41142f193b29754bd9c19333b627887f.txt,C:\Users\Admin\Desktop\OpenLens\Bereinigte_Texte\85138_85138_04ce806c41142f193b29754bd9c19333b627887f.txt,"FEHLER: Nordrhein-Westfalen Drucksache 16/10207
Das Dokument konnte nicht gefunden werden."
4,8597600000,85976,0,Welche Probleme bestehen bei der Sicherung der Unterrichtsversorgung an der Johannesschule in Sassenberg?,85976_87295b4a36ab12cf72245710dafa61d109aace39.pdf,1,1,90,12,https://fragdenstaat.de/dokumente/85976-welche-probleme-bestehen-bei-der-sicherung-der-unterrichtsversorgung-an-der-johannesschule-in-sassenberg/,https://media.frag-den-staat.de/files/docs/5c/ec/93/5cec93417ddc4629896afd446328b4f4/87295b4a36ab12cf72245710dafa61d109aace39.pdf,,,5cec9341-7ddc-4629-896a-fd446328b4f4,C:\Users\Admin\Desktop\OpenLens\Texte\85976_87295b4a36ab12cf72245710dafa61d109aace39.txt,C:\Users\Admin\Desktop\OpenLens\Bereinigte_Texte\85976_85976_87295b4a36ab12cf72245710dafa61d109aace39.txt,"FEHLER: Nordrhein-Westfalen Drucksache 16/11344
Das Dokument konnte nicht gefunden werden."
5,8639300000,86393,0,Haushaltsabschluss: Wofür hat Minister Remmel in 2014 Geld ausgegeben?,86393_0582e0e320f17a7e8380e301e1992952b8c9e6be.pdf,1,1,90,12,https://fragdenstaat.de/dokumente/86393-haushaltsabschluss-wofur-hat-minister-remmel-in-2014-geld-ausgegeben/,https://media.frag-den-staat.de/files/docs/4a/ce/d7/4aced7aaa8674bb6809d3134a8e8a628/0582e0e320f17a7e8380e301e1992952b8c9e6be.pdf,,,4aced7aa-a867-4bb6-809d-3134a8e8a628,C:\Users\Admin\Desktop\OpenLens\Texte\86393_0582e0e320f17a7e8380e301e1992952b8c9e6be.txt,C:\Users\Admin\Desktop\OpenLens\Bereinigte_Texte\86393_86393_0582e0e320f17a7e8380e301e1992952b8c9e6be.txt,"FEHLER: Nordrhein-Westfalen Drucksache 16/10201
Das Dokument konnte nicht gefunden werden."
6,8724400000,87244,0,Haushaltsabschluss: Wofür hat Minister Remmel in 2014 Geld ausgegeben?,87244_32a37c18da40c6f4488cd1b2d26ebfe73675c06b.pdf,1,1,90,12,https://fragdenstaat.de/dokumente/87244-haushaltsabschluss-wofur-hat-minister-remmel-in-2014-geld-ausgegeben/,https://media.frag-den-staat.de/files/docs/48/76/83/487683b0a7ae4fd1876824077aefd5a1/32a37c18da40c6f4488cd1b2d26ebfe73675c06b.pdf,,,487683b0-a7ae-4fd1-8768-24077aefd5a1,C:\Users\Admin\Desktop\OpenLens\Texte\87244_32a37c18da40c6f4488cd1b2d26ebfe73675c06b.txt,C:\Users\Admin\Desktop\OpenLens\Bereinigte_Texte\87244_87244_32a37c18da40c6f4488cd1b2d26ebfe73675c06b.txt,"FEHLER: Nordrhein-Westfalen Drucksache 16/10203
Das Dokument konnte nicht gefunden werden."
7,8843200000,88432,0,Haushaltsabschluss: Wofür hat Minister Remmel in 2014 Geld ausgegeben?,88432_36c98faf109314aff0e1f81237af5adaafdd24d2.pdf,1,1,90,12,https://fragdenstaat.de/dokumente/88432-haushaltsabschluss-wofur-hat-minister-remmel-in-2014-geld-ausgegeben/,https://media.frag-den-staat.de/files/docs/b5/9d/fb/b59dfb41084b471dab7237b38d79aaf7/36c98faf109314aff0e1f81237af5adaafdd24d2.pdf,,,b59dfb41-084b-471d-ab72-37b38d79aaf7,C:\Users\Admin\Desktop\OpenLens\Texte\88432_36c98faf109314aff0e1f81237af5adaafdd24d2.txt,C:\Users\Admin\Desktop\OpenLens\Bereinigte_Texte\88432_88432_36c98faf109314aff0e1f81237af5adaafdd24d2.txt,"FEHLER: Nordrhein-Westfalen Drucksache 16/10204
Das Dokument konnte nicht gefunden werden."
8,8865700000,88657,0,"Bekämpfung der Herkulesstaude an Landesstraßen und Autobahnen der Stadt Essen – Welche konkreten Aktivitäten unternimmt die Landesregierung, um Mensch und Tier vor dieser gefährlichen Giftpflanze zukünftig besser zu schützen?",88657_8d84bbe60ca55c0bcd3dd4d6224bc42978b60a23.pdf,1,1,90,12,https://fragdenstaat.de/dokumente/88657-bekampfung-der-herkulesstaude-an-landesstraen-und-autobahnen-der-stadt-essen-welche-konkreten-aktivitaten-unternimmt-die-landesregierung-um-mensch-und-tier-vor-dieser-gefahrlichen-giftpflanze-zukunftig-besser-zu-schutzen/,https://media.frag-den-staat.de/files/docs/bd/83/b7/bd83b7d00bfb45e3a0761e1ff364b81f/8d84bbe60ca55c0bcd3dd4d6224bc42978b60a23.pdf,,,bd83b7d0-0bfb-45e3-a076-1e1ff364b81f,C:\Users\Admin\Desktop\OpenLens\Texte\88657_8d84bbe60ca55c0bcd3dd4d6224bc42978b60a23.txt,C:\Users\Admin\Desktop\OpenLens\Bereinigte_Texte\88657_88657_8d84bbe60ca55c0bcd3dd4d6224bc42978b60a23.txt,"FEHLER: Nordrhein-Westfalen Drucksache 16/10209
Das Dokument konnte nicht gefunden werden."
9,8987700000,89877,0,Flüchtlingen ein Dach über den Kopf III: Leerstehende Büroetagen und Zeltstädte zugleich?,89877_086f989935a53924a11785a6a2102f7afd6f0b5e.pdf,1,1,90,12,https://fragdenstaat.de/dokumente/89877-fluchtlingen-ein-dach-uber-den-kopf-iii-leerstehende-buroetagen-und-zeltstadte-zugleich/,https://media.frag-den-staat.de/files/docs/71/96/15/7196153e11384659bcef82e9ce4757d5/086f989935a53924a11785a6a2102f7afd6f0b5e.pdf,,,7196153e-1138-4659-bcef-82e9ce4757d5,C:\Users\Admin\Desktop\OpenLens\Texte\89877_086f989935a53924a11785a6a2102f7afd6f0b5e.txt,C:\Users\Admin\Desktop\OpenLens\Bereinigte_Texte\89877_89877_086f989935a53924a11785a6a2102f7afd6f0b5e.txt,"FEHLER: Nordrhein-Westfalen Drucksache 16/10208
Das Dokument konnte nicht gefunden werden."
10,9237200000,92372,0,Ministeriumsstandorte in der Bundesstadt Bonn – Wie positioniert sich die Landesregierung zum aktuellen Berlin-Vorstoß der Bundesministerin Barbara Hendricks?,92372_d965a73ac3f5c4ef9a994b6707b4df962a7cc0e2.pdf,1,1,90,12,https://fragdenstaat.de/dokumente/92372-ministeriumsstandorte-in-der-bundesstadt-bonn-wie-positioniert-sich-die-landesregierung-zum-aktuellen-berlin-vorsto-der-bundesministerin-barbara-hendricks/,https://media.frag-den-staat.de/files/docs/6e/99/14/6e9914abe4294a339b89842a794953bf/d965a73ac3f5c4ef9a994b6707b4df962a7cc0e2.pdf,,,6e9914ab-e429-4a33-9b89-842a794953bf,C:\Users\Admin\Desktop\OpenLens\Texte\92372_d965a73ac3f5c4ef9a994b6707b4df962a7cc0e2.txt,C:\Users\Admin\Desktop\OpenLens\Bereinigte_Texte\92372_92372_d965a73ac3f5c4ef9a994b6707b4df962a7cc0e2.txt,"FEHLER: Nordrhein-Westfalen Drucksache 16/10206
Das Dokument konnte nicht gefunden werden."
11,14362100000,143621,0,AntwortAnfrage,143621_AntwortAnfrage.pdf,1,1,641,86,https://fragdenstaat.de/dokumente/143621-antwortanfrage/,https://media.frag-den-staat.de/files/foi/7449/AntwortAnfrage.pdf,,,20f419f3-0280-4bfc-b8c5-b8224a92e60b,C:\Users\Admin\Desktop\OpenLens\Texte\143621_AntwortAnfrage.txt,C:\Users\Admin\Desktop\OpenLens\Bereinigte_Texte\143621_143621_AntwortAnfrage.txt,"Zu 1.
Siehe Kreiskarte und Wasserversorger (Anlage)
Zu 2.
Das GA führt keine eigenen Trinkwasserkontrollen durch. Die Betreiber der 
Wasserversorgungsanlagen haben Untersuchungsstellen beauftragt.
Zu 3.
Die Ergebnisse der Kontrollen werden sowohl in Papierform als auch als Datei und 
in einer Trinkwasserdatenbank für mind. 10 Jahre gespeichert.
Zu4.
Es wurden alle WVA im Kreisgebiet (siehe Anlage) durch Begehungen kontrolliert. 
Es gab keine gravierenden Beanstandungen. Daten zu 
Trinkwasseruntersuchungen sind nicht öffentlich zugänglich. Hierzu wenden Sie 
sich bitte an die einzelnen Wasserversorger.
Zu 5.
Siehe Antwort zu 4
Anlagen"
12,16335300000,163353,0,Datenschutzerlass des Bildungsministeriums gegenüber Berufsschülern,163353_41601a66a7f21c65c96c9b7e07bff290a82c8a41.pdf,1,2,2261,271,https://fragdenstaat.de/dokumente/163353-datenschutzerlass-des-bildungsministeriums-gegenuber-berufsschulern/,https://media.frag-den-staat.de/files/docs/bf/a0/d4/bfa0d434bbfe403faa5e6924c8eeaf04/41601a66a7f21c65c96c9b7e07bff290a82c8a41.pdf,,,bfa0d434-bbfe-403f-aa5e-6924c8eeaf04,C:\Users\Admin\Desktop\OpenLens\Texte\163353_41601a66a7f21c65c96c9b7e07bff290a82c8a41.txt,C:\Users\Admin\Desktop\OpenLens\Bereinigte_Texte\163353_163353_41601a66a7f21c65c96c9b7e07bff290a82c8a41.txt,"Landtag Brandenburg
Drucksache 3/786
3. Wahlperiode
Antwort
der Landesregierung
auf die Kleine Anfrage 260
der Abgeordneten Birgit Fechner
Fraktion der DVU
Drucksache 3/603
Datenschutzerlass des Bildungsministeriums gegenüber Berufsschülern
lern
Wortlaut der Kleinen Anfrage 260 vom 04.02.2000:
Ich frage die Landesregierung:
1.
Welche Maßnahmen will die Landesregierung ergreifen, um zu
gewährleisten, dass Berufsschüler sowie Berufsschulen gegenüber den Ausbildungsbetrieben des Landes Brandenburg
hinsichtlich des Leistungsstandes, der Anwesenheit bei
schulischen Veranstaltungen und von erteilten Ordnungsmaßnahmen auskunftspflichtig werden?
2.
Welche Maßnahmen will die Landesregierung ergreifen, um den
von der ehemaligen Bildungsministerin Angelika Peter (SPD)
eingeführten Datenschutzerlass für Auszubildende an Berufsschulen, welcher ein Auskunftsverweigerungsrecht gegenüber
den Ausbildungsbetrieben beinhaltet, rückgängig zu machen?
Namens der Landesregierung beantwortet der Minister für Bildung,
Jugend und Sport die Kleine Anfrage wie folgt:
Jugend und Sport die Kleine Anfrage wie folgt:
Zu Frage 1:
Die Verarbeitung personenbezogener Daten folgt u.a. dem Grundsatz der Erforderlichkeit. Gemäß § 9 des Berufsbildungsgesetzes
sind die Auszubildenden auf der Grundlage ihres Ausbildungsverhältnisses, nicht ihres Schulverhältnisses, zu Informationen
gegenüber den Ausbildenden verpflichtet. Die Landesregierung ist
daher nicht veranlasst, Maßnahmen in Betracht zu ziehen, identische Auskunftspflichten sowohl von Schülerinnen und Schülern im
Bildungsgang zur Vermittlung des schulischen Teils einer Berufsausbildung nach dem Berufsbildungsgesetz oder der Handwerksordnung auch von Oberstufenzentren vorzusehen. 
Datum des Eingangs: 16.03.2000 / Ausgegeben: 21.03.2000

Zu Frage 2:
Das Rundschreiben 54/98 regelt mit dem Einwilligungsvorbehalt
hinsichtlich der Übermittlung bestimmter personenbezogener Daten
kein Auskunftsverweigerungsrecht. Bereits daher ist die Landesregierung nicht veranlasst, das genannte Rundschreiben aufzuheben. Die Antwort zu Frage 1 stellt mit dem Hinweis auf das Berufsbildungsgesetz klar, dass Auszubildende gegenüber den Ausbildenden kein Auskunftsverweigerungsrecht hinsichtlich des
schulischen Leistungsstands haben."
13,16338900000,163389,0,Abschiebung von Kosovo - Albanern,163389_e2ae7d36b915ddb85b716c45a74b9febefaa3b84.pdf,1,2,1981,289,https://fragdenstaat.de/dokumente/163389-abschiebung-von-kosovo-albanern/,https://media.frag-den-staat.de/files/docs/a0/7c/eb/a07ceb8df1484dbaa7c48affc2908014/e2ae7d36b915ddb85b716c45a74b9febefaa3b84.pdf,,,a07ceb8d-f148-4dba-a7c4-8affc2908014,C:\Users\Admin\Desktop\OpenLens\Texte\163389_e2ae7d36b915ddb85b716c45a74b9febefaa3b84.txt,C:\Users\Admin\Desktop\OpenLens\Bereinigte_Texte\163389_163389_e2ae7d36b915ddb85b716c45a74b9febefaa3b84.txt,"Landtag Brandenburg
Drucksache 3/1103
3. Wahlperiode
Antwort
der Landesregierung
auf die Kleine Anfrage Nr. 399
des Abgeordneten Werner Firneburg
Fraktion der DVU
Drucksache 3/938
Abschiebung von Kosovo-Albanern
Abschiebung von Kosovo-Albanern
Wortlaut der Kleinen Anfrage Nr. 399 vom 07.04.2000:
Das Verwaltungsgericht Kassel hat durch Urteil vom 30.09.1999 -
7 E 4348/94.A(2) entschieden, dass die Anwesenheit der Kfor-
Truppen im Kosovo eine Verfolgung albanischer Volksangehöriger
durch den jugoslawischen bzw. serbischen Staat nicht mehr zu
lässt. Es ist nicht zu befürchten, dass die in den Kosovo zurückführenden Flüchtlinge dort schlechterdings keine Lebensgrundlage finden können. Die Voraussetzungen des § 53 VI I AuslG
liegen daher nicht vor.
Ich frage die Landesregierung:
1.
Wie viele Flüchtlinge aus dem Kosovo leben mit Datum vom
31.03.2000 noch im Land Brandenburg?
2.
In wie vielen Fällen wurde unter Beachtungen des oben zitierten unanfechtbaren Urteils die Abschiebung der Kosovo-
Albaner in ihre Heimat vorgenommen?
3.
In wie vielen Fällen sieht die Landesregierung noch Abschiebehindernisse und welche Vorschriften werden konkret
angewandt?
Datum des Eingangs: 10.05.2000 / Ausgegeben: 15.05.2000

Für die Landesregierung beantwortet der Minister des Innern die
 Minister des Innern die
Kleine Anfrage wie folgt:
Kleine Anfrage wie folgt:
zu Frage 1:
Nach der Statistik des Landesamtes für Soziales und Versorgung,
die auf den Angaben der Landkreise und kreisfreien Städte beruht, lebten Ende Februar 2000 noch 189 Bürgerkriegsflüchtlinge
aus dem Kosovo mit einer Duldung im Land Brandenburg, die Leistungen nach dem Asylbewerberleistungsgesetz erhalten. Die aktuellen Zahlen für den Stichtag 31. März 2000 liegen der Landesregierung nicht vor.
zu Frage 2:
Im Land Brandenburg sind bisher keine Abschiebungen dieses Personenkreises erfolgt.
zu Frage 3:
Der Landesregierung sind derzeit keine Fälle von Abschiebungshindernissen bei diesem Personenkreis bekannt."
14,16349500000,163495,0,Gutachten zur Gemeindefinanzierung,163495_2bce6bf88740e41123575a2cac3dd3ab2a778915.pdf,1,1,967,129,https://fragdenstaat.de/dokumente/163495-gutachten-zur-gemeindefinanzierung/,https://media.frag-den-staat.de/files/docs/54/a7/69/54a76962c9444053987465e221fadb43/2bce6bf88740e41123575a2cac3dd3ab2a778915.pdf,,,54a76962-c944-4053-9874-65e221fadb43,C:\Users\Admin\Desktop\OpenLens\Texte\163495_2bce6bf88740e41123575a2cac3dd3ab2a778915.txt,C:\Users\Admin\Desktop\OpenLens\Bereinigte_Texte\163495_163495_2bce6bf88740e41123575a2cac3dd3ab2a778915.txt,"Landtag Brandenburg
Drucksache 3/444
3. Wahlperiode
Antwort
der Landesregierung
auf die Kleine Anfrage Nr. 160
der Abgeordneten Kerstin Osten
Fraktion der PDS
Drucksache 3/319
Gutachten zur Gemeindefinanzierung
Gutachten zur Gemeindefinanzierung
Wortlaut der Kleinen Anfrage Nr. 160 vom 09.12.1999:
Die Landesregierung hat noch in der vergangenen Legislaturperiode ein wissenschaftliches Gutachten zur Gemeindefinanzierung in
Brandenburg in Auftrag gegeben.
Aus diesem Gutachten werden Anregungen für die inhaltliche Gestaltung eines Finanzausgleichsgesetzes erwartet.
Ich frage die Landesregierung:
Worin bestehen die Ergebnisse dieses Gutachtens?
Namens
ns der Landesregierung beantwortet der Minister des Innern
die Kleine Anfrage wie folgt:
die Kleine Anfrage wie folgt:
Das zum kommunalen Finanzausgleich an das Deutsche Institut für
Wirtschaftsforschung in Auftrag gegebene Gutachten liegt noch
nicht vor.
Datum des Eingangs: 11.01.2000 / Ausgegeben: 17.01.2000"
15,16350100000,163501,0,Großflughafen Berlin - Schönefeld,163501_36109450370afea602fe54e14e20df5dd23eb9d0.pdf,1,2,1852,236,https://fragdenstaat.de/dokumente/163501-groflughafen-berlin-schonefeld/,https://media.frag-den-staat.de/files/docs/5f/fb/b3/5ffbb344d68c4bac80af84e1906cc685/36109450370afea602fe54e14e20df5dd23eb9d0.pdf,,,5ffbb344-d68c-4bac-80af-84e1906cc685,C:\Users\Admin\Desktop\OpenLens\Texte\163501_36109450370afea602fe54e14e20df5dd23eb9d0.txt,C:\Users\Admin\Desktop\OpenLens\Bereinigte_Texte\163501_163501_36109450370afea602fe54e14e20df5dd23eb9d0.txt,"Landtag Brandenburg
Drucksache 3/157
3. Wahlperiode
Antwort
der Landesregierung
auf die Kleine Anfrage Nr. 12
des Abgeordneten Werner Firneburg
Fraktion der DVU
Drucksache 3/35
Großflughafen Berlin Schönefeld
Großflughafen Berlin Schönefeld
Wortlaut der Kleinen Anfrage Nr. 12 vom 12.10.1999:
1.
Soll nach Einschätzung der Landesregierung der bisher geplante Standort für den Großflughafen Berlin - Schönefeld
beibehalten werden?
2.
Gibt es nach Einschätzung der Landesregierung beim Bau des
Großflughafens Berlin-Schönefeld zeitliche Verzögerungen
gegenüber der Ursprungsplanung?
Wenn ja: Wie hoch sind nach Einschätzung der Landesregierung die daraus resultierenden Mehrkosten?
3.
Sind nach Einschätzung der Landesregierung alle juristischen und finanzpolitischen Fragen im Zusammenhang mit dem
Standort des Großflughafens Berlin-Schönefeld und speziell
alle Rechtsstreitigkeiten, welche sich mit dem Grundstücksanliegern ergeben haben bzw. ergeben könnten, geklärt?
Wenn nein: Kann sich aufgrund der Rechtsstreitigkeiten mit
Grundstücksanliegern bzw. aufgrund eines nichtabgeschlossenen Planfeststellungsverfahrens eine zeitliche Verzögerung
beim Bau des Großflughafens Berlin-Schönefeld ergeben?
Namens der Landesregierung beantwortet der Minister für Wirtschaft die Kleine Anfrage wie folgt:
schaft die Kleine Anfrage wie folgt:
Zu Frage 1:
Ja.
Zu Frage 2:
Nein.
Datum des Eingangs: 16.11.1999 / Ausgegeben: 22.11.1999

Zu Frage 3:
Die Landesregierung beabsichtigt nicht, Mutmaßungen über die
Wahrscheinlichkeit künftiger Rechtsstreitigkeiten und deren
mögliche Auswirkungen anzustellen. Im Übrigen werden durch den
Vorhabenträger die Unterlagen für das Planfeststellungsverfahren
bis Ende 1999 bei der zuständigen Behörde des Landes Brandenburg
eingereicht. In dem Planfeststellungsverfahren wird die Zulässigkeit des Vorhabens allseitig geprüft."
16,16354400000,163544,0,"EU-Programm ""Jugend""",163544_44f786ea16f43f89c8671f0fe051dc8b974f80ef.pdf,1,2,2454,348,https://fragdenstaat.de/dokumente/163544-eu-programm-jugend/,https://media.frag-den-staat.de/files/docs/84/b3/e7/84b3e78ac8ea4ebfb7f20b69dc471582/44f786ea16f43f89c8671f0fe051dc8b974f80ef.pdf,,,84b3e78a-c8ea-4ebf-b7f2-0b69dc471582,C:\Users\Admin\Desktop\OpenLens\Texte\163544_44f786ea16f43f89c8671f0fe051dc8b974f80ef.txt,C:\Users\Admin\Desktop\OpenLens\Bereinigte_Texte\163544_163544_44f786ea16f43f89c8671f0fe051dc8b974f80ef.txt,"Landtag Brandenburg
Drucksache 3/4170
3. Wahlperiode
Antwort
der Landesregierung
auf die Kleine Anfrage Nr. 1539
des Abgeordneten Werner Firneburg
Fraktion der DVU
Drucksache 3/4011
EU-Programm ""Jugend""
Wortlaut der Kleinen Anfrage Nr. 1539 vom 8. März 2002:
Wie einer Pressemitteilung des Ministeriums der Justiz und für Europaangelegenheiten zu entnehmen ist, ist das Programm ""JUGEND"" auch offen für die EU-Beitrittskandidaten.
Ich frage die Landesregierung:
1.
Wo existieren in Polen Jugendorganisationen der deutschen Minderheit?
2.
Wo gibt es in Polen Jugendorganisationen der Kaschuben?
3.
In wie weit fördert die Landesregierung Jugendbegegnungen mit Jugendorganisationen der deutschen Minderheit in Polen?
4.
Erhalten deutsche Jugendorganisationen im östlichen Nachbarstaat Fördermittel durch den polnischen Staat bzw. von staatlichen Stellen in Deutschland?
Wenn ja, in welcher Höhe?
5.
In wie weit setzt sich die Landesregierung für den Erhalt der Identität der
deutschen Minderheit in Pommern ein?
6.
In wie weit wird insbesondere die deutsche Sprache in welchem Umfang
gefördert?
7.
Wie hoch sind die Mittel, die das Land Brandenburg für das deutsch-polnische
Jugendwerk sowie für die Stiftung für deutsch-polnische Zusammenarbeit zur
Verfügung stellt?
Datum des Eingangs: 11.04.2002 / Ausgegeben: 16.04.2002

Namens der Landesregierung beantwortet der Minister der Justiz und für Europaangelegenheiten die Kleine Anfrage wie folgt:
zu Frage 1:
Der Landesregierung liegen dazu keine Erkenntnisse vor. Die Pflege der deutschen
Minderheit fällt in die Zuständigkeit des Bundes.
zu Frage 2:
Der Landesregierung liegen dazu keine Erkenntnisse vor.
zu Frage 3:
Die Förderung der internationalen Jugendbegegnungen erfolgt gemäß der Richtlinie
des Landesjugendplans. Die Jugendverbände suchen sich für Veranstaltungen im
Rahmen internationaler Begegnungen in eigener Verantwortung polnische Partnerorganisationen. Es wird nicht erhoben, ob es sich dabei um Jugendorganisationen der
deutschen Minderheit handelt.
zu Frage 4:
Der Landesregierung liegen dazu keine Erkenntnisse vor. Die Pflege der deutschen
Minderheit fällt in die Zuständigkeit des Bundes.
zu Frage 5:
Dies fällt nicht in die Zuständigkeit des Landes. Die Pflege der deutschen Minderheit
fällt in die Zuständigkeit des Bundes.
zu Frage 6:
Dies fällt nicht in die Zuständigkeit des Landes.
zu Frage 7:
Das Land Brandenburg ist an der Finanzierung beider Einrichtungen nicht beteiligt."
17,16355500000,163555,0,Standort des Schutzbereiches Bernau der Polizei,163555_5a3111a85fd03ed8f3ea278331bdc31a47c71fe7.pdf,1,1,1580,219,https://fragdenstaat.de/dokumente/163555-standort-des-schutzbereiches-bernau-der-polizei/,https://media.frag-den-staat.de/files/docs/e6/20/ef/e620ef43d8e14f27830421b2a32ed619/5a3111a85fd03ed8f3ea278331bdc31a47c71fe7.pdf,,,e620ef43-d8e1-4f27-8304-21b2a32ed619,C:\Users\Admin\Desktop\OpenLens\Texte\163555_5a3111a85fd03ed8f3ea278331bdc31a47c71fe7.txt,C:\Users\Admin\Desktop\OpenLens\Bereinigte_Texte\163555_163555_5a3111a85fd03ed8f3ea278331bdc31a47c71fe7.txt,"Landtag Brandenburg
Drucksache 3/2631
3. Wahlperiode
Antwort
der Landesregierung
auf die Kleine Anfrage 973
des Abgeordneten Reinhold Dellmann
Fraktion der SPD
Drucksache 3/2491
Standort des Schutzbereiches Bernau der Polizei
Standort des Schutzbereiches Bernau der Polizei
Wortlaut der Kleinen Anfrage 973 vom 01.03.2001:
Das Innenministerium des Landes Brandenburg beabsichtigt im
Zusammenhang mit der Polizeireform die Schaffung eines Schutzbereiches für den Bereich des Landkreises Barnim mit Sitz in
Bernau.
In diesem Zusammenhang frage ich die Landesregierung:
1.
Wie ist der Stand der Abarbeitung des Restitutionsverfahrens für den gegenwärtig von der Polizei genutzten Standort
in Bernau?
2.
Wie hoch ist der investive Aufwand zur Herrichtung/Neubau
eines Gebäudes für den Schutzbereich Bernau?
Namens
ns der Landesregierung beantwortet der Minister des Innern
die Kleine Anfrage wie folgt:
die Kleine Anfrage wie folgt:
zu Frage 1:
Die die Liegenschaften Bernau, Weißenseer Straße, Gemarkung
Bernau, Flur 43, Flurstück 71 bzw. 69/1 betreffenden verwaltungsgerichtlichen Verfahren sind am Verwaltungsgericht Frankfurt (Oder) anhängig.
zu Frage 2:
Eine Einschätzung über den investiven Aufwand zu Herrichtung
bzw. Neubau des Schutzbereiches Bernau ist erst nach Entscheidungen zur Feinstruktur im Rahmen der Polizeireform möglich.
Sofern sich die Maßnahmen auf den heutigen Standort konzentrieren werden, kann eine abschließende Einschätzung jedoch erst
nach dem Ergebnis der Restitutionsverfahren vorgenommen werden.
Datum des Eingangs: 04.04.2001 / Ausgegeben: 09.04.2001"
18,16365700000,163657,0,"Studiengang ""Europalehrer"" / Antwort der Landesregierung auf meine Kleine Anfrage Nr. 262 - Drs. 3/821",163657_bc05afe175072c9930d68f0f9b311663f3fa2572.pdf,1,1,1829,237,https://fragdenstaat.de/dokumente/163657-studiengang-europalehrer-antwort-der-landesregierung-auf-meine-kleine-anfrage-nr-262-drs-3821/,https://media.frag-den-staat.de/files/docs/f1/d3/99/f1d3993f214c49daa86b84a05653fac6/bc05afe175072c9930d68f0f9b311663f3fa2572.pdf,,,f1d3993f-214c-49da-a86b-84a05653fac6,C:\Users\Admin\Desktop\OpenLens\Texte\163657_bc05afe175072c9930d68f0f9b311663f3fa2572.txt,C:\Users\Admin\Desktop\OpenLens\Bereinigte_Texte\163657_163657_bc05afe175072c9930d68f0f9b311663f3fa2572.txt,"Landtag Brandenburg
Drucksache 3/4234
3. Wahlperiode
Antwort
der Landesregierung
auf die Kleine Anfrage Nr. 1573
der Abgeordneten Birgit Fechner
Fraktion der DVU
Drucksache 3/4068
Studiengang ""Europalehrer"" / Antwort der Landesregierung auf meine Kleine Anfrage
Nr. 262 – Drs. 3/821
Auf meine Kleine Anfrage Nr. 262 antwortete die Landesregierung, dass sie Überlegungen
zur Ausbildung von Europalehrern in und für Brandenburg anstelle. Allerdings sei der
politische Meinungsbildungsprozess innerhalb der Landesregierung und die fachliche Abstimmung mit der Universität Potsdam zu Studienstruktur, Studieninhalten und zum Studienabschluss noch zu treffen.
Ich frage die Landesregierung:
1.
Ist der Meinungsbildungsprozess innerhalb der Landesregierung und die fachliche
Abstimmung mit der Universität Potsdam über Studienstruktur, Studieninhalte und
Studienabschluss zu einem Studiengang ""Europalehrer"" inzwischen abgeschlossen, und
wenn ja, welches Ergebnis liegt vor?
2.
Welche Aussagen über Studienstruktur, Studieninhalte und Studienabschluss eines
Studiums zum ""Europalehrer"" kann die Landesregierung treffen?
Namens der Landesregierung beantwortet die Ministerin für Wissenschaft Forschung
und Kultur die Kleine Anfrage wie folgt:
Zu Frage 1:
Eine abschließende Meinungsbildung innerhalb der Landesregierung ist noch nicht erfolgt.
Zunächst soll die Abstimmung mit der Universität Potsdam zur Ausbildung von Lehrern, die
über europäisch ausgerichtete Kultur- und Sprachkompetenzen verfügen und in der Lage sind,
zweisprachig zu unterrichten, abgeschlossen werden. Dies wird im Zusammenhang mit der
weiteren Strukturentwicklung der Universität Potsdam und der Entwicklung des Lehr- und
Ausbildungsprofils der Hochschule erfolgen. 
Zu Frage 2:
Siehe Antwort zu Frage 1. 
Datum des Eingangs: 24.04.2002 / Ausgegeben: 29.04.2002"
19,16366400000,163664,0,"Standorte ""Staatliche Schulämter""",163664_1828830194a0a6eb389a4c564c1e23c3c29caa5c.pdf,1,2,1731,229,https://fragdenstaat.de/dokumente/163664-standorte-staatliche-schulamter/,https://media.frag-den-staat.de/files/docs/3f/08/05/3f0805c819cf4b6484352e577803b7e9/1828830194a0a6eb389a4c564c1e23c3c29caa5c.pdf,,,3f0805c8-19cf-4b64-8435-2e577803b7e9,C:\Users\Admin\Desktop\OpenLens\Texte\163664_1828830194a0a6eb389a4c564c1e23c3c29caa5c.txt,C:\Users\Admin\Desktop\OpenLens\Bereinigte_Texte\163664_163664_1828830194a0a6eb389a4c564c1e23c3c29caa5c.txt,"Landtag Brandenburg
Drucksache 3/1631
3. Wahlperiode
Antwort
der Landesregierung
auf die Kleine Anfrage 559
der Abgeordneten Gerlinde Stobrawa
Fraktion der PDS
Drucksache 3/1406
Standorte ""Staatliche Schulämter""
Standorte ""Staatliche Schulämter""
Wortlaut der Kleinen Anfrage 559 vom 23.06.2000:
Im Haushaltsstrukturgesetz ist festgeschrieben, dass die staatlichen Schulämter reduziert werden sollen.
Ich frage die Landesregierung:
1.
Welche Kriterien sind für die Zusammenlegung der staatlichen Schulämter ausschlaggebend?
2.
An welchen Standorten werden zukünftig die staatlichen
Schulämter eingerichtet?
Namens der Landesregierung beantwortet der Minister für Bildung,
Jugend und Sport die Kleine Anfrage wie folgt:
Jugend und Sport die Kleine Anfrage wie folgt:
Zu Frage 1:
Für die überkreisliche regionale Zuordnung der staatlichen
Schulämter sind die folgenden gewichteten und in Relation zu
einander gesetzten funktionalen Kriterien ausschlaggebend. Sie
werden in der Reihenfolge ihrer Gewichtung genannt:
1. Aufgabenwahrnehmung
2. Qualitätsentwicklung und Spezialisierung der Schulaufsicht
3. Beschäftigungssicherung
4. Wirtschaftlichkeit
5. Akzeptanz
6. Erreichbarkeit
7. Zuordnung zu den Planungsregionen und den Kreisgebieten
Datum des Eingangs: 28.08.2000 / Ausgegeben: 04.09.2000

Zu Frage 2:
Eine Aussage zu den Standorten der zukünftig regional zuständigen staatlichen Schulämter kann gegenwärtig noch nicht getroffen
werden, da eine Festlegung der Landesregierung über die Anzahl
und die Standorte noch nicht erfolgt ist. Die Landesregierung
beabsichtigt, den Beschluss über die örtliche Zuständigkeit vor
dem 1. November 2000 und den Beschluss über den Sitz spätestens
innerhalb von weiteren fünf Monaten zu fassen."
20,16369000000,163690,0,"Auswirkungen der ""Öko-Steuer"" auf die öffentlichen und privaten Haushalte in Brandenburg",163690_acd2b64d291e392355b62fd06b06fb3896a5ad6d.pdf,1,2,2256,315,https://fragdenstaat.de/dokumente/163690-auswirkungen-der-oko-steuer-auf-die-offentlichen-und-privaten-haushalte-in-brandenburg/,https://media.frag-den-staat.de/files/docs/fc/07/5b/fc075bd8655c4a458ee98faf4f73ba58/acd2b64d291e392355b62fd06b06fb3896a5ad6d.pdf,,,fc075bd8-655c-4a45-8ee9-8faf4f73ba58,C:\Users\Admin\Desktop\OpenLens\Texte\163690_acd2b64d291e392355b62fd06b06fb3896a5ad6d.txt,C:\Users\Admin\Desktop\OpenLens\Bereinigte_Texte\163690_163690_acd2b64d291e392355b62fd06b06fb3896a5ad6d.txt,"Landtag Brandenburg
Drucksache 3/169
3. Wahlperiode
Antwort
der Landesregierung
auf die Kleine Anfrage Nr. 28
der Abgeordneten Birgit Fechner
Fraktion der DVU
Drucksache 3/54
Auswirkungen der “Öko-Steuer” auf die öffentlichen und privaten
ffentlichen und privaten
Haushalte in Brandenburg
Haushalte in Brandenburg
Wortlaut der Kleinen Anfrage Nr. 28 vom 21. Oktober 1999:
Ich frage die Landesregierung:
1.
Welche finanziellen Erträge und welche finanziellen Belastungen brachte die am 01.04.1999 eingeführte “Öko-Steuer”
den öffentlichen und privaten Haushalten in Brandenburg
(bitte detaillierte Aufschlüsselung nach Land, Kommune,
sonstigen Körperschaften, Anstalten und Stiftungen des
öffentlichen Rechts sowie der Privatwirtschaft und der
privaten Haushalte im Lande Brandenburg)?
2.
Wofür wird der durch die Einführung der “Öko-Steuer” sich
ergebende Mehrertrag bei den unter 1. genannten Haushalten
verwendet?
3.
Welche Maßnahmen will die Landesregierung ergreifen, um die
unter 1. genannten finanziellen Belastungen der öffentlichen und privaten Haushalte zu kompensieren (bitte detaillierte Aufschlüsselung nach Landeshaushalt, kommunalen
Haushalten, Haushalten sonstiger Körperschaften, Anstalten
und Stiftungen des öffentlichen Rechts sowie der privaten
Wirtschaft und der Privathaushalte im Lande Brandenburg)?
Datum des Eingangs: 19.11.1999 / Ausgegeben: 24.11.1999

Namens der Landesregierung beantwortet die Ministerin der Finanzen die Kleine Anfrage wie folgt:
zen die Kleine Anfrage wie folgt:
zu Frage 1:
Die Auswirkungen aus der Erhöhung der Mineralölsteuer und der
Einführung der Stromsteuer werden statistisch nicht erfasst.
Daher ist eine detaillierte Aufschlüsselung der Be- und Entlastungen der öffentlichen und privaten Haushalte des Landes Brandenburg aus der ökologischen Steuerreform nicht möglich.
Zu Frage 2:
Das Aufkommen aus der Mineralölsteuer und der Stromsteuer – als
Verbrauchsteuern – steht nach Art. 106 Abs. 1 Nr. 2 des Grundgesetzes allein dem Bund zu. 
Nach Angaben der Bundesregierung konnten mit dem erzielten Aufkommen aus der ökologischen Steuerreform die Beiträge zur gesetzlichen Rentenversicherung von 20,3 v.H. auf 19,5 v.H. gesenkt werden.
Zu Frage 3:
Auf die Antworten zu den Fragen 1 und 2 wird verwiesen."
21,16369200000,163692,0,Internationale Frauen-Universität (ifu),163692_327f45739bf0741e6b908ff386488da408c31fe1.pdf,1,1,1607,229,https://fragdenstaat.de/dokumente/163692-internationale-frauen-universitat-ifu/,https://media.frag-den-staat.de/files/docs/1e/94/a2/1e94a2a30ed5492c8f00527ff8e989d2/327f45739bf0741e6b908ff386488da408c31fe1.pdf,,,1e94a2a3-0ed5-492c-8f00-527ff8e989d2,C:\Users\Admin\Desktop\OpenLens\Texte\163692_327f45739bf0741e6b908ff386488da408c31fe1.txt,C:\Users\Admin\Desktop\OpenLens\Bereinigte_Texte\163692_163692_327f45739bf0741e6b908ff386488da408c31fe1.txt,"Landtag Brandenburg
Drucksache 3/1194
3. Wahlperiode
Antwort
der Landesregierung
auf die Kleine Anfrage Nr. 424
des Abgeordneten Werner Firneburg
Fraktion der DVU
Landtagsdrucksache Nr. 3/978
Internationale Frauen-Universität (ifu)
Internationale Frauen-Universität (ifu)
Wortlaut der Kleinen Anfrage Nr. 424 vom 14.04.2000:
Im Rahmen der EXPO 2000 soll es von Juni bis September 2000 eine
Internationale Frauen-Universität (ifu) geben.
Ich frage die Landesregierung:
1.
Wird sich das Land Brandenburg an dem EXPO-Projekt ifu 2000
beteiligen? Wenn ja, welche Mittel werden bereitgestellt?
2.
Welche Ergebnisse erwartet die Landesregierung von dem
Projekt der Frauen-Universität?
Namens der Landesregierung beantwortet der Minister für Wirtschaft die Kleine Anfrage wie folgt:
schaft die Kleine Anfrage wie folgt:
Zu Frage 1:
Das Land Brandenburg wird sich an dem EXPO-Projekt ""Internationale Frauenuniversität (ifu)"" finanziell nicht beteiligen.
Zu Frage 2:
Die Landesregierung begrüßt die von privater Seite ausgegangene
Initiative zur Internationalen Frauen-Universität aus Anlass der
EXPO 2000 und erwartet, dass sie einen wichtigen Beitrag zur
Gesamthematik der Weltausstellung bringen wird. Bei der Frage
der nachhaltigen Entwicklung ist die Rolle der Frauen für das
Wirtschaftsgeschehen insbesondere in Entwicklungsländern von
hoher Bedeutung. Indem die ifu dieses Thema aufgreift und -
neben anderen - vermehrt ins öffentliche Bewusstsein rückt,
erweist sich die Weltausstellung auch in diesem Punkt als Forum
für die wichtigen Fragen der Zeit.
Datum des Eingangs: 24.05.2000 / Ausgegeben: 29.05.2000"
22,16369700000,163697,0,Gefangenenausbruch aus der JVA Frankfurt (Oder)?,163697_95a3850c780dc31f8262c4d6977bca1c0e305b38.pdf,1,2,2101,291,https://fragdenstaat.de/dokumente/163697-gefangenenausbruch-aus-der-jva-frankfurt-oder/,https://media.frag-den-staat.de/files/docs/1d/fe/11/1dfe112359704ac8831aa4e6b626427c/95a3850c780dc31f8262c4d6977bca1c0e305b38.pdf,,,1dfe1123-5970-4ac8-831a-a4e6b626427c,C:\Users\Admin\Desktop\OpenLens\Texte\163697_95a3850c780dc31f8262c4d6977bca1c0e305b38.txt,C:\Users\Admin\Desktop\OpenLens\Bereinigte_Texte\163697_163697_95a3850c780dc31f8262c4d6977bca1c0e305b38.txt,"Landtag Brandenburg
Drucksache 3/3133
3. Wahlperiode
Antwort
der Landesregierung
auf die Kleine Anfrage 1179
des Abgeordneten Stefan Sarrach
Fraktion der PDS
Drucksache 3/3033
Gefangenenausbruch aus der JVA Frankfurt (Oder)?
Gefangenenausbruch aus der JVA Frankfurt (Oder)?
Wortlaut der Kleinen Anfrage 1179:
Ich frage die Landesregierung:
1.
Ist es zutreffend, dass es in den vergangenen Wochen zu
einem erfolgreichen Gefängnisausbruch aus der JVA Frankfurt
(Oder) kam?
2.
Ist der Ausbrecher inzwischen wieder in die JVA zurückgeführt worden?
3.
Soweit es zutrifft, weshalb ist die Öffentlichkeit (meint
auch den Landtag) nicht über diesen Vorgang informiert
worden?
4.
Unter welchen Voraussetzungen werden Informationen über
Ausbrüche an die Öffentlichkeit gegeben?
a) Gibt es hierfür allgemeine Kriterien?
b) Wenn ja, welche sind das?
Namens
ns der Landesregierung beantwortet der Minister der Justiz
und für Europaangelegenheiten die Kleine Anfrage wie folgt:
und für Europaangelegenheiten die Kleine Anfrage wie folgt:
Zu Frage 1:
Es trifft nicht zu, dass es in den vergangenen Wochen zu einem
erfolgreichen Gefängnisausbruch aus der JVA Frankfurt (Oder)
gekommen ist. Seit dem Amtsantritt des jetzigen Justizministers
im Oktober 1999 hat es keinen Ausbruch i. S. einer Entweichung
eines Gefangenen aus dem geschlossenen Vollzug einer Brandenburger Justizvollzugsanstalt gegeben. Allerdings ist am 8. Juni
2001 ein Jugendstrafgefangener der JVA Frankfurt (Oder) während
einer Ausführung in der Wohnung seiner Mutter durch ein Toilettenfenster entwichen.
Datum des Eingangs: 06.08.2001 / Ausgegeben: 13.08.2001

Zu Frage 2:
Der während der Ausführung entwichene Gefangene ist bislang noch
nicht wieder aufgegriffen worden.
Zu Frage 3:
Der Gefangene verbüßte eine Resteinheitsjugendstrafe; die Vollzugsplanung ging von seiner vorzeitigen Entlassung im August
2001 aus. Bei dieser Sachlage erschien eine Information der
Öffentlichkeit entbehrlich.
Zu Frage 4:
Grundsätzlich wird die Öffentlichkeit insbesondere über jene
Vorfälle informiert, welche das Sicherheitsinteresse der Bevölkerung berühren."
23,16371800000,163718,0,Änderung des Brandenburgischen Polizeifachhochschulgesetzes,163718_a8c68dc32f3aa11397a2f53101313b7102c72c88.pdf,1,1,1766,233,https://fragdenstaat.de/dokumente/163718-anderung-des-brandenburgischen-polizeifachhochschulgesetzes/,https://media.frag-den-staat.de/files/docs/0e/ee/cd/0eeecd8604434c319a4f8b11709049ff/a8c68dc32f3aa11397a2f53101313b7102c72c88.pdf,,,0eeecd86-0443-4c31-9a4f-8b11709049ff,C:\Users\Admin\Desktop\OpenLens\Texte\163718_a8c68dc32f3aa11397a2f53101313b7102c72c88.txt,C:\Users\Admin\Desktop\OpenLens\Bereinigte_Texte\163718_163718_a8c68dc32f3aa11397a2f53101313b7102c72c88.txt,"Landtag Brandenburg
Drucksache 3/2593
3. Wahlperiode
Antwort
der Landesregierung
auf die Kleine Anfrage Nr. 962
des Abgeordneten Reinhold Dellmann
Fraktion der SPD
Drucksache 3/2433
Änderung des Brandenburgischen Polizeifachhochschulgesetzes
Änderung des Brandenburgischen Polizeifachhochschulgesetzes
Wortlaut der Kleinen Anfrage Nr. 962 vom 26.02.2001:
Im ""Gesetz über die Errichtung einer Fachhochschule der Polizei
des Landes Brandenburg (Brandenburgisches Fachhochschulgesetz)""
vom 21. Dezember 1998 ist der Standort der Fachhochschule im § 1
Absatz 2 mit folgendem Wortlaut festgelegt ""Sie ist staatliche
Hochschule... und hat ihren Sitz in Basdorf.""
Ich frage die Landesregierung:
1.
Ist es erforderlich, wenn die Landesregierung den Standort
der Fachhochschule der Polizei von Basdorf nach Oranienburg
verlagern möchte, zuvor das Brandenburgische Polizeifachhochschulgesetz zu ändern?
2.
Wenn ja, wann wird der entsprechende Gesetzentwurf dem
Landtag zur Beschlussfassung vorgelegt?
Namens
ns der Landesregierung beantwortet der Minister des Innern
die Kleine Anfrage wie folgt:
die Kleine Anfrage wie folgt:
zu Frage 1:
Ja. Die Regelung des § 1 Abs. 2 des Brandenburgischen Polizeifachhochschulgesetzes bestimmt Basdorf als Sitz der Fachhochschule der Polizei. Um die beabsichtigte Verlagerung des Sitzes
von Basdorf nach Oranienburg vollziehen zu können, bedarf es
einer Änderung des genannten Gesetzes.
zu Frage 2:
Es ist beabsichtigt, das zur Umsetzung der Polizeistrukturreform
erforderliche Artikelgesetz, das u.a. auch eine entsprechende
Änderung des Brandenburgischen Polizeifachhochschulgesetzes
beinhalten wird, dem Landtag nach der Sommerpause in diesem Jahr
zur Beschlussfassung zuzuleiten.
Datum des Eingangs: 29.03.2001 / Ausgegeben: 03.04.2001"
24,16374300000,163743,0,Umstellung auf den Euro,163743_36a0dbd990f0dc4b0a8ce245f5a996eba9ef9e77.pdf,1,1,1301,189,https://fragdenstaat.de/dokumente/163743-umstellung-auf-den-euro/,https://media.frag-den-staat.de/files/docs/d9/f4/fb/d9f4fb30c8f94cffb6708282da1706b3/36a0dbd990f0dc4b0a8ce245f5a996eba9ef9e77.pdf,,,d9f4fb30-c8f9-4cff-b670-8282da1706b3,C:\Users\Admin\Desktop\OpenLens\Texte\163743_36a0dbd990f0dc4b0a8ce245f5a996eba9ef9e77.txt,C:\Users\Admin\Desktop\OpenLens\Bereinigte_Texte\163743_163743_36a0dbd990f0dc4b0a8ce245f5a996eba9ef9e77.txt,"Landtag Brandenburg
Drucksache 3/1325
3. Wahlperiode
Antwort
der Landesregierung
auf die Kleine Anfrage Nr. 479
des Abgeordneten Sigmar-Peter Schuldt
Fraktion der DVU
Drucksache 3/1148
Umstellung auf den Euro
Umstellung auf den Euro
1.
Wird die Umstellung von DM auf Euro preis- und inflationsneutral erfolgen?
2.
Bei wie vielen Landesgesetzen, Verordnungen und insbesondere Gebührenordnungen besteht Anpassungsbedarf in Bezug auf
die neue Währung?
3.
Ist der Landesregierung bekannt, dass die finanziellen
Auswirkungen, die aufgrund des Steuer-Euroglättungsgesetzes
(StEuroG) entstehen, nach Angaben des Bundesfinanzministeriums für Bund, Länder und Gemeinden im Entstehungsjahr ein
Minus von 692 Millionen DM ausmachen? Wenn ja, mit welchen
Mindereinnahmen muss das Land bzw. müssen die Kommunen
rechnen?
Namens der Landesregierung beantwortet die Ministerin der Finanzen die Kleine Anfrage wie folgt:
zen die Kleine Anfrage wie folgt:
zu Frage 1:
Ja.
zu Frage 2:
Gemäß der Ratsverordnung über die Einführung des Euro (Nr.
974/98, 3. Mai 1998) ist eine Anpassung von Rechtsnormen nicht
zwingend notwendig. Die Landesregierung prüft den Anpassungsbedarf.
zu Frage 3:
Ja. Die Mindereinnahmen für Brandenburg werden auf etwa
10 Mio. DM geschätzt.
Datum des Eingangs: 15.06.2000 / Ausgegeben: 20.06.2000"
25,16380600000,163806,0,Kampfhunde,163806_6cf980dd45c67fc46f136486d4a926d8f2813ce4.pdf,1,2,2021,277,https://fragdenstaat.de/dokumente/163806-kampfhunde/,https://media.frag-den-staat.de/files/docs/04/04/74/040474c1a787456cb9d88efc53beb6eb/6cf980dd45c67fc46f136486d4a926d8f2813ce4.pdf,,,040474c1-a787-456c-b9d8-8efc53beb6eb,C:\Users\Admin\Desktop\OpenLens\Texte\163806_6cf980dd45c67fc46f136486d4a926d8f2813ce4.txt,C:\Users\Admin\Desktop\OpenLens\Bereinigte_Texte\163806_163806_6cf980dd45c67fc46f136486d4a926d8f2813ce4.txt,"Landtag Brandenburg
Drucksache 3/1121
3. Wahlperiode
Antwort
der Landesregierung
auf die Kleine Anfrage Nr. 409
der Abgeordneten Birgit Fechner
Fraktion der DVU
Drucksache 3/955
Kampfhunde
Kampfhunde
Wortlaut der Kleinen Anfrage Nr. 409 vom 06.04.2000:
Laut ""Brandenburger Wochenblatt"" vom 29.März 2000 wurden in der
Stadt Brandenburg an der Havel zwei Männer von einem Pitbull-
Terrier gebissen und mussten von einem herbeigerufenen Notarzt
behandelt werden.
Ich frage die Landesregierung:
1.
Wieviele Bürgerinnen und Bürger des Landes Brandenburg
wurden 
nach 
Erkenntnissen 
der 
Landesregierung 
seit
01.01.1999 im Land Brandenburg durch Kampfhunde verletzt?
2.
Wieviele Strafanzeigen wurden aufgrund der unter 1. genannten Verletzungen erstattet, und wieviele rechtskräftige
Verurteilungen von Kampfhundebesitzern gab es?
3.
Welche Maßnahmen will die Landesregierung ergreifen, um im
Land Brandenburg die Haltung von Kampfhunden zu erschweren
bzw. um höhere Anforderungen an die persönliche Eignung der
Halter von Kampfhunden zu stellen?
Datum des Eingangs: 12.05.2000 / Ausgegeben: 17.05.2000

Namens
ns der Landesregierung beantwortet der Minister des Innern
die Kleine Anfrage wie folgt:
die Kleine Anfrage wie folgt:
zu Fragen 1 und 2:
Die Hundehalterverordnung des Landes Brandenburg stellt nicht
auf den Begriff ""Kampfhund"" sondern auf den des gefährlichen
Hundes ab. Eine Erfassung von Bissvorfällen mit Kampfhunden
findet dementsprechend in Brandenburg nicht statt. Im Jahr 1999
wurden 91 Bissvorfälle von gefährlichen Hunden von der Polizei
registriert. Darüber hinaus wurden nach Aussage des Landeskriminalamtes 706 Straftaten mit Körperverletzungen durch Hundebisse
angezeigt. 
Eine Statistik über rechtskräftige Verurteilung von Kampfhundebesitzern wird nicht geführt.
zu Frage 3:
Mit seinen präventiven Möglichkeiten in der seit 1998 geltenden
Hundehalterverordnung hat Brandenburg strenge Regelungen über
die rechtlichen Anforderungen an das Halten, Führen, Züchten und
Ausbilden von Hunden geschaffen."
26,16382700000,163827,0,"Ostdeutsche Museen, Heimatstuben und Sammlungen in Brandenburg",163827_5f0b473125a943d30d30955386f988c0204d7d2b.pdf,1,1,1445,198,https://fragdenstaat.de/dokumente/163827-ostdeutsche-museen-heimatstuben-und-sammlungen-in-brandenburg/,https://media.frag-den-staat.de/files/docs/7b/42/86/7b4286303fdc4ed0b539f19ded365ab8/5f0b473125a943d30d30955386f988c0204d7d2b.pdf,,,7b428630-3fdc-4ed0-b539-f19ded365ab8,C:\Users\Admin\Desktop\OpenLens\Texte\163827_5f0b473125a943d30d30955386f988c0204d7d2b.txt,C:\Users\Admin\Desktop\OpenLens\Bereinigte_Texte\163827_163827_5f0b473125a943d30d30955386f988c0204d7d2b.txt,"Landtag Brandenburg
Drucksache 3/1585
3. Wahlperiode
Antwort
der Landesregierung
auf die Kleine Anfrage Nr. 581
des Abgeordneten Werner Firneburg
Fraktion der DVU
Landtagsdrucksache 3/1474
Ostdeutsche Museen, Heimatstuben und Sammlungen in Brandenburg
Ostdeutsche Museen, Heimatstuben und Sammlungen in Brandenburg
Wortlaut der Kleinen Anfrage Nr. 581:
In der Diskussion über die Arbeit der Kultureinrichtungen in
Brandenburg fehlt die Einbeziehung der ostdeutschen Heimatstuben
und sonstiger Kultureinrichtungen, die in Brandenburger Gemeinden und Kreisen durch den Bund der Vertriebenen seit der Wiedervereinigung zur Pflege des Heimatgedankens und zur Information
für die Einheimischen und die Vertriebenen und ihrer Nachkommen
errichtet worden sind. Ausserdem gibt es bis jetzt keine Publikation über diese Einrichtungen.
Ich frage die Landesregierung:
1.
Wie viele ostdeutsche Heimatstuben gibt es in Brandenburg?
2.
Wer sind die Träger dieser Einrichtung?
Namens der Landesregierung beantwortet der Minister für Wissender Minister für Wissenschaft, Forschung und Kultur die Kleine Anfrage wie folgt:
schaft, Forschung und Kultur die Kleine Anfrage wie folgt:
zu Frage 1:
Es gibt in der Landesregierung keine Übersicht über die Anzahl
der ostdeutschen Heimatstuben im Land Brandenburg.
zu Frage 2:
Die Trägerschaft der ostdeutschen Heimatstuben ist der Landesregierung nicht bekannt. 
Datum des Eingangs: 21.08.2000 / Ausgegeben: 28.08.2000"
27,16385100000,163851,0,Parteispendenaffäre,163851_3c29791d68f68b69f132a83fdcb08c41b5a6753d.pdf,1,2,1983,264,https://fragdenstaat.de/dokumente/163851-parteispendenaffare/,https://media.frag-den-staat.de/files/docs/e9/0b/3d/e90b3d08dfa44dc286a1623b609fe83d/3c29791d68f68b69f132a83fdcb08c41b5a6753d.pdf,,,e90b3d08-dfa4-4dc2-86a1-623b609fe83d,C:\Users\Admin\Desktop\OpenLens\Texte\163851_3c29791d68f68b69f132a83fdcb08c41b5a6753d.txt,C:\Users\Admin\Desktop\OpenLens\Bereinigte_Texte\163851_163851_3c29791d68f68b69f132a83fdcb08c41b5a6753d.txt,"Landtag Brandenburg
Drucksache 3/473
3. Wahlperiode
Antwort
der Landesregierung
auf die Kleine Anfrage Nr. 180
des Abgeordneten Sigmar-Peter Schuldt
Fraktion der DVU
Drucksache 3/358
Parteispendenaffäre
Parteispendenaffäre
Wortlaut der Kleinen Anfrage Nr. 180 vom 16.12.1999:
Ich frage die Landesregierung:
1.
Hat die Landesregierung davon Kenntnis, daß Parteispenden
von Anderkonten, Treuhandkonten oder ähnlichen Konten an
Gliederungen der Bundestagsparteien im Land Brandenburg
seit 1990 geflossen sind?
2.
Wenn ja, um welche Parteien bzw. Parteigliederungen handelt
es sich?
3.
Um welche Summen an Spendengeldern handelt es sich im einzelnen?
4.
Bestätigt die Landesregierung Pressemeldungen, nach denen
der brandenburgische Landesverband einer der Bundestagsparteien im Jahre 1991 Schecks in sechsstelliger Höhe einnahm, ohne diese in ihren Büchern bzw. Rechenschaftsberichten zu verzeichnen?
5.
Welche Möglichkeiten sieht die Landesregierung, im Rahmen
einer Bundesratsinitiative die jüngst aufgedeckte rechtswidrige Parteispendenpraxis der Bundestagsparteien zu unterbinden?
Datum des Eingangs: 14.01.2000 / Ausgegeben: 20.01.2000

Namens
ns der Landesregierung beantwortet der Minister des Innern
die Kleine Anfrage wie folgt:
die Kleine Anfrage wie folgt:
zu Fragen 1 bis 5:
Der Bundesgesetzgeber hat die öffentliche Rechenschaftslegung
der Parteien im Fünften Abschnitt des Gesetzes über die politischen Parteien (Parteiengesetz) in der Fassung der Bekanntmachung vom 31. Januar 1994 (BGBl. I S. 149), zuletzt geändert
durch Artikel 1 des Gesetzes vom 17. Februar 1999 (BGBl. I
S. 146), abschließend geregelt. Gemäß § 23 Abs. 3 des Parteiengesetzes hat der Präsident des Deutschen Bundestages zu prüfen,
ob die Rechenschaftsberichte der Parteien den Vorschriften des
Fünften Abschnittes des Parteiengesetzes entsprechen. Angesichts
dieser eindeutigen Aufgabenverteilung besteht für die Landesregierung keine Veranlassung zu öffentlichen Äußerungen oder
sonstigen Maßnahmen."
28,16393100000,163931,0,Befristete Arbeitsverträge,163931_6ea5d11424c89c1bf25633a011caf91ae376e0da.pdf,1,2,2123,267,https://fragdenstaat.de/dokumente/163931-befristete-arbeitsvertrage/,https://media.frag-den-staat.de/files/docs/e6/c3/71/e6c371e5e68d4194a410db9a13e80547/6ea5d11424c89c1bf25633a011caf91ae376e0da.pdf,,,e6c371e5-e68d-4194-a410-db9a13e80547,C:\Users\Admin\Desktop\OpenLens\Texte\163931_6ea5d11424c89c1bf25633a011caf91ae376e0da.txt,C:\Users\Admin\Desktop\OpenLens\Bereinigte_Texte\163931_163931_6ea5d11424c89c1bf25633a011caf91ae376e0da.txt,"Landtag Brandenburg
Drucksache 3/1502
3. Wahlperiode
Antwort
der Landesregierung
auf die Kleine Anfrage Nr. 522
der Abgeordneten Liane Hesselbarth
Fraktion der DVU
Landtagsdrucksache 3/1298
Befristete Arbeitsverträge
Befristete Arbeitsverträge
Wortlaut der Kleinen Anfrage Nr. 522 vom 15.06.2000:
Wie Medienberichten zu entnehmen ist, will der Bundesarbeitsminister Unternehmen und Selbständigen den Abschluss befristeter
Arbeitsverträge auch nach Auslaufen des Beschäftigungsförderungsgesetzes zum Ende des Jahres 2000 ermöglichen.
Ich frage die Landesregierung:
1.
Unterstützt die Landesregierung die Vorstellungen des Bundesarbeitsministers auch über das Jahr 2000 hinaus befristete Arbeitsverträge zu gestalten? Ist dies ein Beitrag
zum Abbau der Arbeitslosigkeit im Land Brandenburg?
2.
Wie viele Arbeitnehmer haben im Land Brandenburg einen
befristeten Arbeitsvertrag?
3.
In wie vielen Fällen wurde der befristete Arbeitsvertrag
drei Mal auf insgesamt 24 Monate verlängert?
4.
Ist die Landesregierung der Auffassung, dass befristete
Arbeitsverträge einen Einschnitt in das soziale Sicherungssystem bedeuten?
Datum des Eingangs: 19.07.2000 / Ausgegeben: 24.07.2000

Namens der Landesregierung beantwortet der Minister für Arbeit,
der Minister für Arbeit,
Soziales, Gesundheit und Frauen die Kleine Anfrage wie folgt:
Soziales, Gesundheit und Frauen die Kleine Anfrage wie folgt:
zu Frage 1:
Die Landesregierung ist in den Entscheidungsprozess der Bundesregierung über die Zukunft des Beschäftigungsförderungsgesetzes
bisher nicht eingebunden.
zu Frage 2:
Der Landesregierung ist nicht bekannt, wie viele Beschäftigte im
Land Brandenburg einen befristeten Arbeitsvertrag haben.
zu Frage 3:
Die Anzahl der Verlängerungen von befristeten Arbeitsverträgen
ist der Landesregierung nicht bekannt.
zu Frage 4:
Die Befristung von Arbeitsverträgen ist ein arbeitsrechtliches
Instrument. Rechtssystematisch kann dies deshalb keinen Einschnitt in das sozialrechtlich geregelte System der sozialen
Sicherheit (Rentenversicherung, Krankenversicherung, Pflegeversicherung, Arbeitslosenversicherung, Kindergeld, BAFöG etc.)
bedeuten."
29,16401700000,164017,0,Sicherung von freiwilligen Aufgaben,164017_3f7eb575b83f3cfcbe40c4772c024f57c6e53e48.pdf,1,1,1723,224,https://fragdenstaat.de/dokumente/164017-sicherung-von-freiwilligen-aufgaben/,https://media.frag-den-staat.de/files/docs/a2/3d/61/a23d613b93814bf9863e57c5ea9f3e7e/3f7eb575b83f3cfcbe40c4772c024f57c6e53e48.pdf,,,a23d613b-9381-4bf9-863e-57c5ea9f3e7e,C:\Users\Admin\Desktop\OpenLens\Texte\164017_3f7eb575b83f3cfcbe40c4772c024f57c6e53e48.txt,C:\Users\Admin\Desktop\OpenLens\Bereinigte_Texte\164017_164017_3f7eb575b83f3cfcbe40c4772c024f57c6e53e48.txt,"Landtag Brandenburg
Drucksache 3/369
3. Wahlperiode
Antwort
der Landesregierung
auf die Kleine Anfrage Nr. 71
des Abgeordneten Ralf Christoffers
Fraktion der PDS
Drucksache 3/118
Sicherung von freiwilligen Aufgaben
Sicherung von freiwilligen Aufgaben
Wortlaut der Kleinen Anfrage Nr. 71 vom 11.11.1999:
Das Verfassungsgericht Brandenburg hat im Zusammenhang mit einer
Kommunalen Verfassungsbeschwerde gegen das Gemeindefinanzierungsgesetz 1998 festgestellt:
""§ 16 GFG 1998 ist in verfassungskonformer Weise dahin auszulegen, dass aus dem Ausgleichsfonds Gemeinden, soweit ihnen trotz
sparsamster Wirtschaftsführung und Ausschöpfung aller Einnahmemöglichkeiten kein finanzieller Spielraum für ein Mindestmaß an
freiwilliger Selbstverwaltung verbleibt, Unterstützung zu gewähren ist. Für diese Fälle ist die Gemeinde nicht zur Rückzahlung
verpflichtet.""
(Verfassungsgericht des Landes Brandenburg, Urteil vom 16. September 1999 VfGBbg 28/88)
In diesem Zusammenhang frage ich die Landesregierung:
Welche Konsequenzen ergeben sich aus der Sicht der Landesregierung aus dem oben genannten Urteil für die Sicherung von freiwilligen Aufgaben in überschuldeten Gemeinden bzw. in Gemeinden
mit geringem finanziellen Spielraum insbesondere im Hinblick auf
die zukünftige Gemeindefinanzierung?
Namens
ns der Landesregierung beantwortet der Minister des Innern
die Kleine Anfrage wie folgt:
die Kleine Anfrage wie folgt:
Als Konsequenz aus der Entscheidung des Verfassungsgerichts des
Landes Brandenburg plant die Landesregierung, bei Bedarf Mittel
des Ausgleichsfonds gemäß § 16 GFG einzusetzen. Eine entsprechende Richtlinie zur Bewirtschaftung der Mittel wird z.Z.
erarbeitet.
Datum des Eingangs: 17.12.1999 / Ausgegeben: 22.12.1999"
30,16405400000,164054,0,Biotechnologie in Brandenburg,164054_73b89d4b44a5011b0c4eb39ab8ea4e31e4aa04c2.pdf,1,2,2144,266,https://fragdenstaat.de/dokumente/164054-biotechnologie-in-brandenburg/,https://media.frag-den-staat.de/files/docs/73/f5/ed/73f5ed81a576413aa80320724f7090e6/73b89d4b44a5011b0c4eb39ab8ea4e31e4aa04c2.pdf,,,73f5ed81-a576-413a-a803-20724f7090e6,C:\Users\Admin\Desktop\OpenLens\Texte\164054_73b89d4b44a5011b0c4eb39ab8ea4e31e4aa04c2.txt,C:\Users\Admin\Desktop\OpenLens\Bereinigte_Texte\164054_164054_73b89d4b44a5011b0c4eb39ab8ea4e31e4aa04c2.txt,"Landtag Brandenburg
Drucksache 3/510
3. Wahlperiode
Antwort
der Landesregierung
auf die Kleine Anfrage Nr. 86
des Abgeordneten Michael Claus
Fraktion der DVU
Drucksache 3/174
Biotechnologie in Brandenburg
Biotechnologie in Brandenburg
Wortlaut der Kleinen Anfrage:
1.
Welche Haltung vertritt die Landesregierung hinsichtlich
der Entwicklung beziehungsweise Förderung der Biotechnologie im Land Brandenburg?
2.
Welche Maßnahmen will die Landesregierung ergreifen, um die
Biotechnologie im Land Brandenburg zu fördern und Brandenburg zu einer Schwerpunktregion für Biotechnologie in der
Bundesrepublik Deutschland zu machen?
Namens der Landesregierung beantwortet der Minister für Wissender Minister für Wissenschaft, Forschung und Kultur die Kleine Anfrage wie folgt:
schaft, Forschung und Kultur die Kleine Anfrage wie folgt:
zu Frage 1:
Der Biotechnologie wurde bereits 1994 im Landestechnologiekonzept von der Landesregierung höchste Priorität zuerkannt. Diese
Haltung unterstrich die Landesregierung u.a. in der enormen
Unterstützung biotechnisch orientierter Projekte sowohl im Bereich der Forschung und Entwicklung als auch bei der Anwendung
dieser Erkenntnisse in Unternehmen und der Überführung in wettbewerbsfähige Produkte.
Datum des Eingangs: 19.01.2000 / Ausgegeben: 24.01.2000

zu Frage 2:
Die Landesregierung fördert zukünftig alle Initiativen zur forcierten Entwicklung und Nutzung der Biotechnologie, indem über
die bestehenden Förderprogramme Biotechnologieprojekte prioritär
behandelt werden (""Sonderprogramm Biotechnologie Brandenburg"").
Damit wird die Entwicklung der Region zu einem Kompetenzzentrum
der Biotechnologie von internationalem Rang und hoher Wettbewerbsfähigkeit und die Chance zur Schaffung innovativer Arbeitsplätze und hoher Wertschöpfung unterstützt. Die zunehmende Attraktivität des Standortes sowohl aufgrund der sehr guten
wissenschaftlichen und industriellen Potenziale als auch hinsichtlich der kontinuierlich verbesserten Infrastruktur- und
Rahmenbedingungen spiegelt deutlich den Willen der Landesregierung wider, Brandenburg zu einer Schwerpunktregion der Biotechnologie in Deutschland zu entwickeln."
31,16406300000,164063,0,Wassertourismus in Brandenburg,164063_6131198556387a06c24b827d37493a292d4913ff.pdf,1,1,1764,227,https://fragdenstaat.de/dokumente/164063-wassertourismus-in-brandenburg/,https://media.frag-den-staat.de/files/docs/f5/bd/d8/f5bdd8c177cb4022b5f1b68c7d1b2bca/6131198556387a06c24b827d37493a292d4913ff.pdf,,,f5bdd8c1-77cb-4022-b5f1-b68c7d1b2bca,C:\Users\Admin\Desktop\OpenLens\Texte\164063_6131198556387a06c24b827d37493a292d4913ff.txt,C:\Users\Admin\Desktop\OpenLens\Bereinigte_Texte\164063_164063_6131198556387a06c24b827d37493a292d4913ff.txt,"Landtag Brandenburg
Drucksache 3/3221
3. Wahlperiode
Antwort
der Landesregierung
auf die Kleine Anfrage 1226
der Abgeordneten Liane Hesselbarth
Fraktion der DVU
Drucksache 3/3126
Wassertourismus in Brandenburg
Wassertourismus in Brandenburg
Wortlaut der Kleinen Anfrage 1226:
Trotz steigender Touristenzahlen – auch im Bereich des Wassertourismus – im Land Brandenburg verfügen die meisten brandenburgischen Seen oder Flüsse über zu wenige Anlegestellen für Boote
sowie über eine mangelhafte Infrastruktur für Wassertouristen.
Ich frage die Landesregierung:
Gibt es Überlegungen, wie diese Missverhältnisse beseitigt werden könnten? Wenn ja, bitte detaillierte Angaben, wenn nein,
warum nicht!
Namens der Landesregierung beantwortet der Minister für Wirtschaft die Kleine Anfrage wie folgt:
schaft die Kleine Anfrage wie folgt:
1.
Die Landesregierung hat bereits, unter Federführung des
Ministeriums für Bildung, Jugend und Sport, den Wassersportentwicklungsplan 1996 (Teil I) und 1999 (Teil II)
vorgelegt. Eines der dort formulierten Ziele ist die Schaffung einer bedarfsgerechten Infrastruktur für den Wassersport, den Wassertourismus sowie die gewässerbezogene Erholung, z. B. Rastplätze, Anlegestellen, Ver- und Entsorgungsanlagen, Bootsgassen und Bootsschleppen u. a. unter
Berücksichtigung der Erschließungssituation.
2.
Die im Vorspann zur Frage pauschal getroffene Aussage entspricht nicht der Realität.
Tatsache ist, dass in den letzten Jahren durch konstruktive
Zusammenarbeit der Landesregierung mit den Leistungsträgern
und kommunalen Akteuren vor Ort bei der wassertouristischen
Infrastruktur erhebliche Fortschritte sowohl in quantitativer als auch qualitativer Hinsicht erzielt werden konnten.
Datum des Eingangs: 30.08.2001 / Ausgegeben: 04.09.2001"
32,16408500000,164085,0,Ausländerberatungsstellen im Lande Brandenburg,164085_431c9644e3c20541552a02238c9ec840d1db32ee.pdf,1,2,1828,241,https://fragdenstaat.de/dokumente/164085-auslanderberatungsstellen-im-lande-brandenburg/,https://media.frag-den-staat.de/files/docs/6a/9f/aa/6a9faa67008a47428cb68f9382e45afe/431c9644e3c20541552a02238c9ec840d1db32ee.pdf,,,6a9faa67-008a-4742-8cb6-8f9382e45afe,C:\Users\Admin\Desktop\OpenLens\Texte\164085_431c9644e3c20541552a02238c9ec840d1db32ee.txt,C:\Users\Admin\Desktop\OpenLens\Bereinigte_Texte\164085_164085_431c9644e3c20541552a02238c9ec840d1db32ee.txt,"Landtag Brandenburg
Drucksache 3/1551
3. Wahlperiode
Antwort
der Landesregierung
auf die Kleine Anfrage 569
der Abgeordneten Birgit Fechner
Fraktion der DVU
Drucksache 3/1449
Ausländerberatungsstellen im Lande Brandenburg
Ausländerberatungsstellen im Lande Brandenburg
Wortlaut der Kleinen Anfrage Nr. 569 vom 06.07.2000:
Ich frage die Landesregierung:
1.
Wie viele Ausländerberatungsstellen gibt es derzeit im
Lande Brandenburg?
2.
Welche Kosten verursachen die unter 1. genannten Beratungsstellen dem Land Brandenburg pro Jahr?
Namens der Landesregierung beantwortet der Minister für Arbeit,
der Minister für Arbeit,
Soziales, Gesundheit und Frauen die Kleine Anfrage wie folgt:
Soziales, Gesundheit und Frauen die Kleine Anfrage wie folgt:
Zu Frage 1:
Im Land Brandenburg gibt es derzeit acht landesfinanzierte Ausländerberatungsstellen.
Daneben wird die Beratung und Betreuung für ausländische Flüchtlinge in den 47 Gemeinschaftsunterkünften im Land Brandenburg
von 96 Betreuern (Stand: März 2000) nach einem festgelegten
Betreuungsschlüssel von mindestens 1:80 wahrgenommen.
Darüber hinaus leisten die Ausländerbeauftragten des Landes
sowie der Landkreise und kreisfreien Städte, Wohlfahrtsverbände,
Vereine und Initiativen, teilweise ergänzt durch Arbeitsfördermaßnahmen, ebenfalls Beratung und Unterstützung im Einzelfall,
deren Umfang der Landesregierung nicht bekannt ist.
Datum des Eingangs: 04.08.2000 / Ausgegeben: 11.08.2000

Zu Frage 2:
Insgesamt werden die 8,5 Personalstellen in den unter 1. genannten Beratungsstellen das Land in diesem Jahr ca. 666.000 DM
kosten.
Die Kosten der Betreuung von ausländischen Flüchtlingen in den
Gemeinschaftsunterkünften werden nach der Erstattungsverordnung
zum Landesaufnahmegesetz im Rahmen einer Gesamtjahrespauschale
erstattet und können daher nicht exakt beziffert werden."
33,16410600000,164106,0,Heroinsüchtige Patienten,164106_d61e79cfcc85943d059cec44614c97efcc9e6930.pdf,1,2,1869,260,https://fragdenstaat.de/dokumente/164106-heroinsuchtige-patienten/,https://media.frag-den-staat.de/files/docs/a5/09/a6/a509a6f84ace4aaebe49e9c88236c104/d61e79cfcc85943d059cec44614c97efcc9e6930.pdf,,,a509a6f8-4ace-4aae-be49-e9c88236c104,C:\Users\Admin\Desktop\OpenLens\Texte\164106_d61e79cfcc85943d059cec44614c97efcc9e6930.txt,C:\Users\Admin\Desktop\OpenLens\Bereinigte_Texte\164106_164106_d61e79cfcc85943d059cec44614c97efcc9e6930.txt,"Landtag Brandenburg
Drucksache 3/3564
3. Wahlperiode
Antwort
der Landesregierung
auf die Kleine Anfrage 1333
der Abgeordneten Birgit Fechner
Fraktion der DVU
Landtagsdrucksache 3/3459
Heroinsüchtige Patienten
Heroinsüchtige Patienten
Wortlaut der Kleinen Anfrage Nr. 1333 vom 19.10.2001:
Nach Angaben des Bundesgesundheitsministeriums wurden im Vorjahr
bundesweit 64.300 heroinsüchtige Patienten mit therapeutischen
Substituten behandelt.
Ich frage die Landesregierung:
1.
Liegen der Landesregierung Erkenntnisse darüber vor, wie
viele heroinsüchtige Personen im Land Brandenburg leben?
2.
Wie viele heroinsüchtige Patienten werden im Land Brandenburg mit therapeutischen Substituten
a) Methadon,
b) Levomethadon,
c) Buprenorphin,
d) Dihydrocodein
behandelt?
3.
Wie hoch ist der Anteil der Behandlungskosten, der von der
GKV im Land Brandenburg übernommen wurde?
4.
Wie viel Prozent der Kosten gingen zu Lasten der Sozialhilfeträger?
5.
Wie hoch war der Anteil der Selbstzahler?
6.
Wie hoch war der Gesamtverbrauch der oben genannten Substitutionsmittel im letzten Jahr im Land Brandenburg?
7.
Welche Erkenntnisse besitzt die Landesregierung über die
Einnahme der Substitutionsmittel in den letzten 10 Jahren?
Datum des Eingangs: 26.11.2001 / Ausgegeben: 03.12.2001

Namens der Landesregierung beantwortet der Minister für Arbeit,
der Minister für Arbeit,
Soziales, Gesundheit und Frauen die Kleine Anfrage wie folgt:
Soziales, Gesundheit und Frauen die Kleine Anfrage wie folgt:
Zu Frage 1:
Der Landesregierung liegen hierzu keine Daten vor.
Zu Frage 2:
Nach Angaben der Kassenärztlichen Vereinigung werden im Jahr
2001 im Land Brandenburg 20 Patienten mit Methadon und je ein
Patient mit Levomethadon bzw. Buprenorphin behandelt. Dihydrocodein wurde als therapeutisches Substitut nicht eingesetzt.
Zu Fragen 3 bis 7:
Der Landesregierung liegen hierzu keine Daten vor."
34,16411000000,164110,0,Sorbische Webstube,164110_7c6efd9a78a8fa385becc1c30c8f55b000cf9bcb.pdf,1,1,1823,248,https://fragdenstaat.de/dokumente/164110-sorbische-webstube/,https://media.frag-den-staat.de/files/docs/41/5b/89/415b89719eb34a1cbf81da7305e05f72/7c6efd9a78a8fa385becc1c30c8f55b000cf9bcb.pdf,,,415b8971-9eb3-4a1c-bf81-da7305e05f72,C:\Users\Admin\Desktop\OpenLens\Texte\164110_7c6efd9a78a8fa385becc1c30c8f55b000cf9bcb.txt,C:\Users\Admin\Desktop\OpenLens\Bereinigte_Texte\164110_164110_7c6efd9a78a8fa385becc1c30c8f55b000cf9bcb.txt,"Landtag Brandenburg
Drucksache 3/2616
3. Wahlperiode
Antwort
der Landesregierung
auf die Kleine Anfrage 966
des Abgeordneten Dr. Andreas Trunschke
Fraktion der PDS
Drucksache 3/2450
Sorbische Webstube
Sorbische Webstube
Die ""Sorbische Webstube"" ist am 5. Februar 2001 eröffnet worden.
890 000 DM Fördermittel hat das Land dafür bereitgestellt.
Jetzt stellt sich heraus, dass die Gemeinde Drebkau ab Februar
2001 für die SAM-Stellen monatlich 3 500 DM mit finanzieren
muss.
Deshalb frage ich die Landesregierung:
Sieht die Landesregierung eine Möglichkeit, der Gemeinde Drebkau
behilflich zu sein, da auf Grund eines Haushaltssicherungskonzeptes der Kommune keine Handlungsspielräume vorhanden sind?
Namens
ns der Landesregierung beantwortet die Ministerin für Wissenschaft, Forschung und Kultur die Kleine Anfrage wie folgt:
senschaft, Forschung und Kultur die Kleine Anfrage wie folgt:
Die ""Sorbische Webstube"" hat ihr Domizil in einem Gebäude gefunden, das sich im Eigentum der Stadt Drebkau befindet. Dieses
Gebäude wurde mit Denkmalschutzmitteln restauriert, die in Rede
stehende ""Sorbische Webstube"" wurde nicht gefördert.
Die Einrichtung und der Arbeitsbeginn des Museums ""Sorbische
Webstube"" wurde im Rahmen der Strukturanpassungsmaßnahme (SAM)
durch das Arbeitsamt und aus Mitteln des MASGF bis zum
28.02.2001 gefördert.
Eine weitere Förderung des Projekts ist grundsätzlich im Rahmen
einer Arbeitsbeschaffungsmaßnahme möglich. Nach Aussage der
örtlichen Arbeitsfördergesellschaft liegt dazu die grundsätzliche Bereitschaft des Arbeitsamtes vor. Dies ist dem Amt Drebkau
bekannt. Eine ergänzende Förderung von Arbeitsbeschaffungsmaßnahmen durch das MASGF ist durch fachliche Anleitung und Sachkostenförderung (Verstärkte Förderung nach § 266 SGB III) möglich.
Datum des Eingangs: 03.04.2001 / Ausgegeben: 09.04.2001"
35,16413400000,164134,0,Bundesstraße B 96 - Zossen,164134_f5f4d8477e5106de395153d7ed7e9a058c551bad.pdf,1,1,1204,179,https://fragdenstaat.de/dokumente/164134-bundesstrae-b-96-zossen/,https://media.frag-den-staat.de/files/docs/c7/6a/ba/c76aba1357714993b10b80a932b33531/f5f4d8477e5106de395153d7ed7e9a058c551bad.pdf,,,c76aba13-5771-4993-b10b-80a932b33531,C:\Users\Admin\Desktop\OpenLens\Texte\164134_f5f4d8477e5106de395153d7ed7e9a058c551bad.txt,C:\Users\Admin\Desktop\OpenLens\Bereinigte_Texte\164134_164134_f5f4d8477e5106de395153d7ed7e9a058c551bad.txt,"Landtag Brandenburg
Drucksache 3/1866
3. Wahlperiode
Antwort
der Landesregierung
auf die Kleine Anfrage 681
des Abgeordneten Christoph Schulze
Fraktion der SPD
Drucksache 3/1671
Wortlaut der Kleinen Anfrage 681:
Bundesstraße B 96 - Zossen
Bundesstraße B 96 - Zossen
Die B 96 führt durch die Stadt Zossen im Landkreis Teltow-Fläming. Seit Jahren ist eine Ortsumgehung für die Stadt in der
Diskussion, Planung und Vorbereitung.
Aus diesem Grunde frage ich die Landesregierung:
1.
Was ist der Planungsstand zur Ortsumgehung der Stadt Zossen?
2.
Welches Kostenvolumen hat das Gesamtprojekt?
3.
Stehen dem Planungsfortgang bzw. der Umsetzung Hindernisse
im Wege?
4.
Wann ist der voraussichtliche Baubeginn?
Namens
ns der Landesregierung beantwortet der Minister für Stadtentwicklung, Wohnen und Verkehr die Kleine Anfrage wie folgt:
entwicklung, Wohnen und Verkehr die Kleine Anfrage wie folgt:
Zu Frage 1:
Die Planung ist abgeschlossen. Der Planfeststellungsbeschluss
ist ergangen.
Zu Frage 2:
Es wird von einem Kostenvolumen von 6,6 Mio DM ausgegangen.
Zu Frage 3:
Die Bauvorbereitungen sind abgeschlossen.
Zu Frage 4:
Baubeginn war im September 2000.
Datum des Eingangs: 17.10.2000 / Ausgegeben: 23.10.2000"
36,16427300000,164273,0,Neuregelung des Länderfinanzausgleichs,164273_133fa1cceb963b76ddf647b1ef608db383c63ea8.pdf,1,2,2001,275,https://fragdenstaat.de/dokumente/164273-neuregelung-des-landerfinanzausgleichs/,https://media.frag-den-staat.de/files/docs/d3/8b/fd/d38bfd0ed500486197b6aa513535ce32/133fa1cceb963b76ddf647b1ef608db383c63ea8.pdf,,,d38bfd0e-d500-4861-97b6-aa513535ce32,C:\Users\Admin\Desktop\OpenLens\Texte\164273_133fa1cceb963b76ddf647b1ef608db383c63ea8.txt,C:\Users\Admin\Desktop\OpenLens\Bereinigte_Texte\164273_164273_133fa1cceb963b76ddf647b1ef608db383c63ea8.txt,"Landtag Brandenburg
Drucksache 3/374
3. Wahlperiode
Antwort
der Landesregierung
auf die Kleine Anfrage Nr. 94
der Abgeordneten Kerstin Osten
Fraktion der PDS
Drucksache 3/182
Neuregelung des Länderfinanzausgleichs
Neuregelung des Länderfinanzausgleichs
Wortlaut der Kleinen Anfrage Nr. 94 vom 19.11.1999:
Wie der Presse zu entnehmen war, begrüßte Finanzministerin Simon
das Karlsruher Urteil zur Neuregelung des Länderfinanzausgleichs.
Wichtige Grundlage für ein ab 2004 gefordertes neues Gesetz über
den Finanzausgleich ist ein Maßstäbegesetz, das bis Ende 2002
beschlossen sein muss.
Ich frage die Landesregierung:
1.
Mit welchen Prämissen will sich die Landesregierung in die
Erarbeitung dieses Maßstäbegesetzes einbringen, um den
horizontalen Finanzausgleich neu zu regeln?
2.
Welche Meinung vertritt sie zur weiteren Gestaltung des
vertikalen Finanzausgleichs?
Datum des Eingangs: 21.12.1999 / Ausgegeben: 30.12.1999

Landtag Brandenburg - 3. Wahlperiode
Drucksache 3/374

Namens der Landesregierung beantwortet die Ministerin der Finanzen die Kleine Anfrage wie folgt:
zen die Kleine Anfrage wie folgt:
zu Frage 1:
Das Urteil des Bundesverfassungsgerichts vom 11.11.1999 zum
Länderfinanzausgleich wirft zahlreiche schwierige rechtliche und
fachliche Probleme auf, die nur in einem längeren Prozess der
Prüfung und Beratung unter den Ländern und zusammen mit dem Bund
gelöst werden können; dies gilt insbesondere für die Erarbeitung
des Maßstäbegesetzes. Gegenwärtig können daher keine konkreten
Vorgaben für ein solches Gesetz dargelegt werden. Im Rahmen
ihrer Mitwirkung an diesem Gesetzgebungsvorhaben wird die Landesregierung aber von Anfang an darauf hinwirken, dass die finanziellen Interessen des Landes gewahrt bleiben.
zu Frage 2:
Nach Einschätzung der Landesregierung verbirgt sich hinter dieser Frage die vom Bundesverfassungsgericht geforderte Neuregelung der Grundsätze für die Verteilung der Umsatzsteuer zwischen
Bund und Ländern; hierzu wird auf die Antwort zur Frage 1 verwiesen."
37,16432400000,164324,0,Mehrausgaben für Asylbewerber / Antwort der Landesregierung (Drs. 3/1190) auf die Kleine Anfrage Nr. 477 des Abgeordneten Werner Firneburg (DVU) - Drs. 3/1019,164324_bcd080ed12a42988489be8d262cdbd7681d70d8e.pdf,1,2,2058,297,https://fragdenstaat.de/dokumente/164324-mehrausgaben-fur-asylbewerber-antwort-der-landesregierung-drs-31190-auf-die-kleine-anfrage-nr-477-des-abgeordneten-werner-firneburg-dvu-drs-31019/,https://media.frag-den-staat.de/files/docs/00/a5/92/00a59219f77740c393b0b1011deece45/bcd080ed12a42988489be8d262cdbd7681d70d8e.pdf,,,00a59219-f777-40c3-93b0-b1011deece45,C:\Users\Admin\Desktop\OpenLens\Texte\164324_bcd080ed12a42988489be8d262cdbd7681d70d8e.txt,C:\Users\Admin\Desktop\OpenLens\Bereinigte_Texte\164324_164324_bcd080ed12a42988489be8d262cdbd7681d70d8e.txt,"Landtag Brandenburg
Drucksache 3/2074
3. Wahlperiode
Antwort
der Landesregierung
auf die Kleine Anfrage 787
des Abgeordneten Werner Firneburg
Fraktion der DVU
Drucksache 3/1933
Mehrausgaben
rausgaben für Asylbewerber / Antwort der Landesregierung
(Drs.
s. 3/1190) auf die Kleine Anfrage Nr. 447 des Abgeordneten
Werner Firneburg (DVU) - Drs. 3/1019
Werner Firneburg (DVU) - Drs. 3/1019
Wortlaut der Kleinen Anfrage 787 vom 03.11.2000:
Auf die Frage 3 meiner Kleinen Anfrage Nr. 447 (Drs. 3/1019), in
welcher ich wissen wollte, wie weit der Landeshaushalt aufgrund
der bisherigen Gesetzeslage in den Jahren 2000 und 2001 durch
die seit 1. Juni 2000 geltende Neuregelung höherer Leistungen
für Asylbewerber mit mehr als drei Jahren Aufenthalt belastet
wird, antwortete die Landesregierung: ""Die Frage kann zum gegenwärtigen Zeitpunkt nicht beantwortet werden, da die Anzahl derjenigen Leistungsempfänger, bei denen die Voraussetzungen des
§ 2 Asylbewerberleistungsgesetz vorliegen, noch nicht bekannt
ist.""
Ich frage die Landesregierung:
1.
Liegen der Landesregierung inzwischen Erkenntnisse darüber
vor, wie hoch die Anzahl derjenigen Leistungsempfänger ist,
bei denen die Voraussetzungen des § 2 Asylbewerberleistungsgesetz vorliegen?
2.
Wenn ja: Welche Mehrbelastungen ergeben sich für den Landeshaushalt in den Jahren 2000 und 2001 aufgrund der Anwendung des § 2 Asylbewerberleistungsgesetz auf die unter
1. genannten Leistungsempfänger?
Datum des Eingangs: 29.11.2000 / Ausgegeben: 04.12.2000

Namens der Landesregierung beantwortet der Minister für Arbeit,
der Minister für Arbeit,
Soziales, Gesundheit und Frauen die Kleine Anfrage wie folgt:
Soziales, Gesundheit und Frauen die Kleine Anfrage wie folgt:
zu Frage 1:
Die Anzahl der Leistungsbeziehenden nach § 2 Abs. 1 Asylbewerberleistungsgesetz im Land Brandenburg betrug nach Angaben der
Landkreise und kreisfreien Städte im Monat August dieses Jahres
3.310 Personen. 
zu Frage 2:
Für den Landeshaushalt ergeben sich im Jahre 2000 ca. 740.000 DM
und im Jahre 2001 ca. 1.275.000 DM an Mehrbelastungen."
38,16433500000,164335,0,Rauchmelder in öffentlichen und privaten Gebäuden im Lande Brandenburg / Antwort der Landesregierung auf die Kleine Anfrage 163,164335_7a4c751451251b612dbf972c699156d83e775a5f.pdf,1,1,1937,254,https://fragdenstaat.de/dokumente/164335-rauchmelder-in-offentlichen-und-privaten-gebauden-im-lande-brandenburg-antwort-der-landesregierung-auf-die-kleine-anfrage-163/,https://media.frag-den-staat.de/files/docs/8c/9d/7f/8c9d7fa8ba0348f8856c83ba3716ca29/7a4c751451251b612dbf972c699156d83e775a5f.pdf,,,8c9d7fa8-ba03-48f8-856c-83ba3716ca29,C:\Users\Admin\Desktop\OpenLens\Texte\164335_7a4c751451251b612dbf972c699156d83e775a5f.txt,C:\Users\Admin\Desktop\OpenLens\Bereinigte_Texte\164335_164335_7a4c751451251b612dbf972c699156d83e775a5f.txt,"Landtag Brandenburg
Drucksache 3/815
3. Wahlperiode
Antwort
der Landesregierung
auf die Kleine Anfrage 259
der Abgeordneten Birgit Fechner
Fraktion der DVU
Drucksache 3/602
Wortlaut der Kleinen Anfrage 259:
Rauchmelder in öffentlichen und privaten Gebäuden im Land Brann Gebäuden im Land Brandenburg/ Antwort der Landesregierung auf die Kleine Anfrage 163
f die Kleine Anfrage 163
der Abgeordneten Birgit Fechner (DVU), Drs. 3/322
der Abgeordneten Birgit Fechner (DVU), Drs. 3/322
Ich frage die Landeregierung:
1.
Welche Maßnahmen will die Landesregierung unternehmen, um
alle öffentlichen Gebäude im Land Brandenburg mit Rauchmeldern ausrüsten zu lassen?
2.
Welche Fördermaßnahmen stellt die Landesregierung zur Verfügung bzw. will die Landesregierung zur Verfügung stellen,
um privaten Hauseigentümern einen Anreiz zum Einbau von
Rauchmeldern in ihre Immobilie zu geben?
Namens
ns der Landesregierung beantwortet der Minister für Stadtentwicklung, Wohnen und Verkehr die Kleine Anfrage wie folgt:
entwicklung, Wohnen und Verkehr die Kleine Anfrage wie folgt:
Zu 1:
Landeseigene öffentliche Gebäude werden entsprechend den für den
vorbeugenden Brandschutz geltenden bauaufsichtlichen Anforderungen mit Rauchmeldern ausgestattet. Über das Erfordernis von
Rauchmeldern wird nutzungsbezogen im Einzelfall im bauaufsichtlichen Verfahren entschieden. Die Landesregierung beabsichtigt
nicht, unabhängig von konkreten bauaufsichtlichen Anforderungen
eine generelle Ausstattung mit Rauchmeldern bei landeseigenen
öffentlichen Gebäuden vorzunehmen oder für nicht landeseigene
Gebäude durchzusetzen.
Zu 2:
Keine. Es steht jedem privaten Bauherrn frei, sein Gebäude mit
Rauchmeldern auszustatten. Eines besonderen Anreizes durch Förderungsmaßnahmen bedarf es nicht. Im übrigen würden die Verwaltungskosten zur Bearbeitung von Förderanträgen die Kosten der
Rauchmelder bei weitem übertreffen.
Datum des Eingangs: 22.03.2000 / Ausgegeben: 27.03.2000"
39,16434500000,164345,0,Templiner Tiefbau GmbH,164345_0918f94dcea344d7002a4c65b7ddc7e45e94be04.pdf,1,2,1898,247,https://fragdenstaat.de/dokumente/164345-templiner-tiefbau-gmbh/,https://media.frag-den-staat.de/files/docs/47/cb/78/47cb787639ff42ed859bceee9b85bb0d/0918f94dcea344d7002a4c65b7ddc7e45e94be04.pdf,,,47cb7876-39ff-42ed-859b-ceee9b85bb0d,C:\Users\Admin\Desktop\OpenLens\Texte\164345_0918f94dcea344d7002a4c65b7ddc7e45e94be04.txt,C:\Users\Admin\Desktop\OpenLens\Bereinigte_Texte\164345_164345_0918f94dcea344d7002a4c65b7ddc7e45e94be04.txt,"Landtag Brandenburg
Drucksache 3/845
3. Wahlperiode
Antwort
der Landesregierung
auf die Kleine Anfrage Nr. 297
des Abgeordneten Ralf Christoffers
Fraktion der PDS
Drucksache 3/715
Templiner Tiefbau GmbH
Templiner Tiefbau GmbH
Wortlaut der Kleinen Anfrage Nr. 297 vom 28. Februar 2000:
Seit mehreren Jahren sind die Vorgänge um die Templiner Tiefbau
GmbH in der öffentlichen Diskussion. In diesem Zusammenhang
wurden mehrere Anträge auf Schadenersatz vom Geschäftsführer der
Firma gestellt, die bisher nur unzureichend beantwortet wurden.
Damit wurden gesetzlich vorgeschriebene Termine nicht eingehalten.
In diesem Zusammenhang frage ich die Landesregierung:
Mit welcher Begründung werden von der Landesregierung die durch
das Staatshaftungsgesetz vorgeschriebenen Entscheidungstermine
nicht eingehalten?
Namens der Landesregierung beantwortet die Ministerin Dr. Wilma
die Ministerin Dr. Wilma
Simon die Kleine Anfrage wie folgt:
Simon die Kleine Anfrage wie folgt:
Das Ministerium der Finanzen hat bei seiner Entscheidung über
die aus Anlass des Besteuerungsverfahrens erhobenen Schadensersatzansprüche die Regelungen des Staatshaftungsgesetzes beachtet. Das Staatshaftungsgesetz sieht zwar nach Möglichkeit
eine Entscheidung innerhalb eines Monats ab Antragstellung vor.
Hierbei handelt es sich jedoch um eine sog. Sollvorschrift, die
im Einzelfall eine längere Bearbeitungsdauer zulässt.
Datum des Eingangs: 28.03.2000 / Ausgegeben: 03.04.2000

Im vorliegenden Fall mussten komplexe steuerliche Vorgänge, die
mehrere Jahre zurücklagen, sorgfältig geprüft werden. Zudem
wurde dem Anspruchsteller mehrmals Gelegenheit gegeben, seine
Rechtsauffassung darzustellen. Im Ergebnis der Überprüfung hat
das Ministerium der Finanzen mit Schreiben vom 28. Juli 1998 die
Ansprüche zurückgewiesen; in dem Schreiben wurde die Sach- und
Rechtslage aus Sicht der Finanzverwaltung nochmals umfassend
dargestellt."
40,16434800000,164348,0,Elektronische Fußfessel als Haftersatz,164348_6ed2f459481d69f741e3872e3d702d53d10a8664.pdf,1,2,1533,199,https://fragdenstaat.de/dokumente/164348-elektronische-fufessel-als-haftersatz/,https://media.frag-den-staat.de/files/docs/54/38/15/5438159f281142d1a32815354cde2d7c/6ed2f459481d69f741e3872e3d702d53d10a8664.pdf,,,5438159f-2811-42d1-a328-15354cde2d7c,C:\Users\Admin\Desktop\OpenLens\Texte\164348_6ed2f459481d69f741e3872e3d702d53d10a8664.txt,C:\Users\Admin\Desktop\OpenLens\Bereinigte_Texte\164348_164348_6ed2f459481d69f741e3872e3d702d53d10a8664.txt,"Landtag Brandenburg
Drucksache 3/138
3. Wahlperiode
Antwort
der Landesregierung
auf die Kleine Anfrage 13
des Abgeordneten Michael Claus
Fraktion der DVU
Drucksache 3/36
Elektronische Fußfessel als Haftersatz
Elektronische Fußfessel als Haftersatz
Wortlaut der Kleinen Anfrage 13 vom 13. Oktober 1999:
Elektronische Fußfessel als Haftersatz
Ich frage die Landesregierung:
1.
Beabsichtigt die Landesregierung, nach dem Modell des Bundeslandes Hessen die Einführung einer elektronischen Fußfessel bei rechtskräftig verurteilten Straftätern zu erproben?
2.
Wenn ja: Ist die Landesregierung der Meinung, dass die
mittels einer elektronischen Fußfessel als Haftersatz außerhalb von Haftanstalten sich befindenden rechtskräftig
verurteilten Straftäter keine Gefahr für die Allgemeinheit
darstellen, bzw. wie will die Landesregierung diese Gefahr
für die Allgemeinheit minimieren?
3.
Wenn ja: Welche Straftäter kommen für die unter 1. beschriebene Erprobung einer elektronischen Fußfessel in
Frage (bitte detaillierte Aufschlüsselung nach Deliktgruppen, Strafhöhen und soziologischen Merkmalen)?
Datum des Eingangs: 12.11.1999 / Ausgegeben: 17.11.1999

Namens
ns der Landesregierung beantwortet der Minister der Justiz
und für Europaangelegenheiten die Kleine Anfrage 13 wie folgt:
und für Europaangelegenheiten die Kleine Anfrage 13 wie folgt:
Zu Frage 1.:
Die Landesregierung beabsichtigt derzeit keinen Modellversuch
zur Erprobung des elektronisch überwachten Hausarrests im brandenburgischen Strafvollzug.
Zu Fragen 2. und 3.:
Entfällt."
41,16435900000,164359,0,Kultur als gemeinsame Verpflichtung von Bund und Ländern in das Grundgesetz?,164359_46cfe53a0e6f17824e5961e1710c3438fed9917d.pdf,1,1,1629,220,https://fragdenstaat.de/dokumente/164359-kultur-als-gemeinsame-verpflichtung-von-bund-und-landern-in-das-grundgesetz/,https://media.frag-den-staat.de/files/docs/a5/73/29/a573295876af49fcbd4a174120a1c7d9/46cfe53a0e6f17824e5961e1710c3438fed9917d.pdf,,,a5732958-76af-49fc-bd4a-174120a1c7d9,C:\Users\Admin\Desktop\OpenLens\Texte\164359_46cfe53a0e6f17824e5961e1710c3438fed9917d.txt,C:\Users\Admin\Desktop\OpenLens\Bereinigte_Texte\164359_164359_46cfe53a0e6f17824e5961e1710c3438fed9917d.txt,"Landtag Brandenburg
Drucksache 3/2722
3. Wahlperiode
Antwort
der Landesregierung
auf die Kleine Anfrage 1001
des Abgeordneten Dr. Andreas Trunschke
Fraktion der PDS
Drucksache 3/2544
Kultur als gemeinsame Verpflichtung von Bund und Ländern in das
 Bund und Ländern in das
Grundgesetz?
Grundgesetz?
Kulturstaatsminister Julian Nida-Rümelin hat vorgeschlagen,
Artikel 91b des Grundgesetzes dahingehend zu ergänzen, dass
neben der Förderung der Wissenschaft auch die der Kultur als
föderale Gemeinschaftsaufgabe aufgenommen wird. Hintergrund
seines Vorschlages ist vermutlich die generell zu geringe Kulturförderung in der Bundesrepublik und insbesondere die mangelnde Kulturförderung in der Bundeshauptstadt Berlin.
Ich frage in diesem Zusammenhang die Landesregierung:
Wie steht die Landesregierung zu dem Vorschlag von Kulturstaatsminister Nida-Rümelin?
Namens
ns der Landesregierung beantwortet die Ministerin für Wissenschaft, Forschung und Kultur die Kleine Anfrage wie folgt:
senschaft, Forschung und Kultur die Kleine Anfrage wie folgt:
Die Landesregierung sieht in der Anregung des Staatsministers
Nida-Rümelin den Versuch, das Verhältnis zwischen dem Bund und
den Ländern auf dem Felde der Kulturpolitik auf eine verbindlichere Grundlage der Aufgabenverteilung zu stellen.
Hierin erblickt die Landesregierung den Anstoß zu einer Diskussion. Ob eine Grundgesetzänderung hierfür die geeignete Lösung
im Interesse des Landes sein kann, wird im weiteren Verlauf der
Diskussion - vor allem auch vor dem Hintergrund der laufenden
Föderalismusdebatte - zu entscheiden sein.
Datum des Eingangs: 02.05.2001 / Ausgegeben: 07.05.2001"
42,16439000000,164390,0,Plochersystem,164390_3b47eda50c3d98022481a1b181c6832df2c16cfe.pdf,1,1,1645,218,https://fragdenstaat.de/dokumente/164390-plochersystem/,https://media.frag-den-staat.de/files/docs/0b/8f/c5/0b8fc592203b49fb8d1668487e16274c/3b47eda50c3d98022481a1b181c6832df2c16cfe.pdf,,,0b8fc592-203b-49fb-8d16-68487e16274c,C:\Users\Admin\Desktop\OpenLens\Texte\164390_3b47eda50c3d98022481a1b181c6832df2c16cfe.txt,C:\Users\Admin\Desktop\OpenLens\Bereinigte_Texte\164390_164390_3b47eda50c3d98022481a1b181c6832df2c16cfe.txt,"Landtag Brandenburg
Drucksache 3/1475
3. Wahlperiode
Antwort
der Landesregierung
auf die Kleine Anfrage Nr. 537
der Abgeordneten Kornelia Wehlan
Fraktion der PDS
Landtagsdrucksache 3/1316
Plochersystem
Plochersystem
Wortlaut der Kleinen Anfrage Nr. 537 vom 15.06.2000:
In Diskussionen auf Fachtagungen wurde ich auf Wirkungsmöglichkeiten des Plochersystems für die Landwirtschaft aufmerksam -
auch durch ein durch die EU finanziertes Projekt zum Einsatz des
Plochersystems in der Landwirtschaft Belgien.
Ich frage die Landesregierung:
1.
Wie bewertet sie den Einsatz des Plochersystems als eine
neue umweltverträgliche Technologie in der Landwirtschaft?
2.
Welche Möglichkeiten der finanziellen Unterstützung sieht
sie für ein Projekt zur Erprobung der Wirksamkeit des Plochersystems in Brandenburg?
Namens der Landesregierung beantwortet der Minister für Landwirtschaft, Umweltschutz und Raumordnung die Kleine Anfrage wie
g die Kleine Anfrage wie
folgt:
folgt:
Zu Frage 1:
Durch die Firma Plocher wurde ein katalytisch wirkendes System,
fixiert auf Quarzsand als Träger, entwickelt. Es soll positive
Effekte bei Reinigung von Wasser, beim Pflanzenwachstum und
Verbesserung der Gülleeigenschaften haben.
Durch universitäre und außeruniversitäre Einrichtungen wurde die
beschriebene Wirksamkeit eines eingetragenen Plocher Güllezusatzstoffes getestet.
Im Ergebnis wurde festgestellt und publiziert, dass keine wesentliche Vorteilswirkung des Zusatzstoffes abgeleitet werden
kann.
Zu Frage 2:
Es ist nicht vorgesehen, ein Projekt zur Erprobung der Wirksamkeit des Plochersystems zu fördern.
Datum des Eingangs: 14.07.2000 / Ausgegeben: 19.07.2000"
43,16445000000,164450,0,Maßnahmen gegen Straßenschäden,164450_93e0f2719b8df5fa66422d2124d0669e3dc7eb68.pdf,1,2,1997,262,https://fragdenstaat.de/dokumente/164450-manahmen-gegen-straenschaden/,https://media.frag-den-staat.de/files/docs/35/40/e0/3540e031b5044202a0d2c5cf5ce9d78b/93e0f2719b8df5fa66422d2124d0669e3dc7eb68.pdf,,,3540e031-b504-4202-a0d2-c5cf5ce9d78b,C:\Users\Admin\Desktop\OpenLens\Texte\164450_93e0f2719b8df5fa66422d2124d0669e3dc7eb68.txt,C:\Users\Admin\Desktop\OpenLens\Bereinigte_Texte\164450_164450_93e0f2719b8df5fa66422d2124d0669e3dc7eb68.txt,"Landtag Brandenburg
Drucksache 3/2442
3. Wahlperiode
Antwort
der Landesregierung
auf die Kleine Anfrage 923
des Abgeordneten Joachim Kolbe
Fraktion der SPD
Drucksache 3/2307
Wortlaut der Kleinen Anfrage 923:
Maßnahmen gegen Straßenschäden
Maßnahmen gegen Straßenschäden
Bei Fahrten mit dem Pkw über Kreis- und Landesstraßen ist zu
beobachten, dass relativ gut erhaltene Straßen durch zu hohe
Achslasten von Transportfahrzeugen durch tiefe Längsrinnen zerstört werden. Besonders in der Nähe von Baustellen sind frische
Zerstörungen dieser Art häufig zu beobachten.
Ich frage die Landesregierung:
1.
Durch welche Maßnahmen wird die Landesregierung diesen
Schäden vorbeugen?
2.
Wie nimmt die Landesregierung insbesondere Einfluss auf die
Straßenbaufirmen, die sich auf diese Art und Weise zusätzliche Arbeit beschaffen?
Namens
ns der Landesregierung beantwortet der Minister für Stadtentwicklung, Wohnen und Verkehr die Kleine Anfrage wie folgt:
entwicklung, Wohnen und Verkehr die Kleine Anfrage wie folgt:
Zu Frage 1 und zu Frage 2:
Die Brandenburgischen Straßenbauämter sind seit 1996 angewiesen,
bei der Vergabe von Straßenbauaufträgen ihre Auftragnehmer
schriftlich darauf hinzuweisen, dass bei der Bauausführung auf
strikte Einhaltung des zulässigen Gesamtgewichtes der Transportfahrzeuge zu achten ist.
Die Auftragnehmer werden ferner darauf hingewiesen, dass der
Auftraggeber alle Wiegescheine auch in Hinblick auf mögliche
Überladungen kontrolliert.
Datum des Eingangs: 23.02.2001 / Ausgegeben: 28.02.2001

Dabei festgestellte Überschreitungen des zulässigen Gesamtgewichtes sind vom Auftraggeber der zuständigen Behörde zum Zwecke
der Einleitung von Ordnungswidrigkeitenverfahren anzuzeigen.
Gleichzeitig sind die Anzeigen bei der Ausschreibung von weiteren Aufträgen in die Eignungsprüfung der Bieter mit der Folge
einzubeziehen, dass diejenigen Unternehmen, welche durch Überladungen auffällig geworden sind, wegen mangelnder Eignung von
der weiteren Vergabe ausgeschlossen werden können."
44,16459000000,164590,0,Kindertagesstättengesetz,164590_9ceab728c3fbcf8d1f3a7e500099a822d8d4c872.pdf,1,1,1406,185,https://fragdenstaat.de/dokumente/164590-kindertagesstattengesetz/,https://media.frag-den-staat.de/files/docs/e8/e5/d7/e8e5d798fb754e478fc26e6c7ac1347c/9ceab728c3fbcf8d1f3a7e500099a822d8d4c872.pdf,,,e8e5d798-fb75-4e47-8fc2-6e6c7ac1347c,C:\Users\Admin\Desktop\OpenLens\Texte\164590_9ceab728c3fbcf8d1f3a7e500099a822d8d4c872.txt,C:\Users\Admin\Desktop\OpenLens\Bereinigte_Texte\164590_164590_9ceab728c3fbcf8d1f3a7e500099a822d8d4c872.txt,"Landtag Brandenburg
Drucksache 3/484
3. Wahlperiode
Antwort
der Landesregierung
auf die Kleine Anfrage 172
der Abgeordneten Birgit Fechner
Fraktion der DVU
Drucksache 3/348
Kindertagesstättengesetz
Kindertagesstättengesetz
Wortlaut der Kleinen Anfrage 172 vom 10.12.1999:
Ich frage die Landesregierung:
1.
Bestätigt die Landesregierung Presseberichte, wonach die
Landesregierung die Außerkraftsetzung des Zweiten Gesetzes
zur Ausführung des Achten Buches des Sozialgesetzbuches -
Kinder- und Jugendhilfe - Kindertagesstättengesetz (Kita-
Gesetz) vom 10. Juni 1992 plant?
2.
Wenn ja: Welche Einsparungen im Landeshaushalt 2000 erwartet die Landesregierung durch die unter 1. geplante Außerkraftsetzung?
Wenn nein: Welche Maßnahmen will die Landesregierung ergreifen, um die in dem unter 1. genannten Gesetz verankerten Standards weiterhin zu gewährleisten bzw. auszubauen?
Namens der Landesregierung beantwortet der Minister für Bildung,
Jugend und Sport die Kleine Anfrage wie folgt:
Jugend und Sport die Kleine Anfrage wie folgt:
Zu Frage 1:
Nein, die Landesregierung plant keine Außerkraftsetzung des
Kindertagesstättengesetzes.
Zu Frage 2:
Weil die Landesregierung keine Außerkraftsetzung des Kindertagesstättengesetzes plant, braucht sie auch für diesen Fall keine
Maßnahmen zu planen, um die Standards weiterhin zu gewährleisten
bzw. auszubauen.
Datum des Eingangs: 14.01.2000 / Ausgegeben: 20.01.2000"
45,16461700000,164617,0,Grenzübergang im Oderbruch,164617_9366827e419f2697d0ff7a5492d6cf520b827a20.pdf,1,2,1955,266,https://fragdenstaat.de/dokumente/164617-grenzubergang-im-oderbruch/,https://media.frag-den-staat.de/files/docs/7c/2e/fe/7c2efebcf4aa4765844737559b592fd7/9366827e419f2697d0ff7a5492d6cf520b827a20.pdf,,,7c2efebc-f4aa-4765-8447-37559b592fd7,C:\Users\Admin\Desktop\OpenLens\Texte\164617_9366827e419f2697d0ff7a5492d6cf520b827a20.txt,C:\Users\Admin\Desktop\OpenLens\Bereinigte_Texte\164617_164617_9366827e419f2697d0ff7a5492d6cf520b827a20.txt,"Landtag Brandenburg
Drucksache 3/1054
3. Wahlperiode
Antwort
der Landesregierung
auf die Kleine Anfrage 339
der Abgeordneten Liane Hesselbarth
Fraktion der DVU
Drucksache 3/813
Wortlaut der Kleinen Anfrage 339:
Grenzübergang im Oderbruch
Grenzübergang im Oderbruch
Ich frage die Landesregierung:
1.
Befürwortet die Landesregierung einen LKW-Grenzübergang
südlich von Hohenwutzen oder an einer anderen Stelle im
Oderbruch?
Wenn ja, wann ist mit dem Bau eines Grenzübergangs zu rechnen?
2.
Ist es zutreffend, dass die Menschen vor Ort gegen einen
Grenzübergang erheblichen Widerstand leisten?
3.
Mit welchem täglichen Verkehrsaufkommen rechnet die Landesregierung für den Fall, dass ein solcher Grenzübergang
fertiggestellt wird?
4.
Würde der Tourismus im Bereich Bad Freienwalde wie auch die
Landwirtschaft und überhaupt die Kulturlandschaft im Oderbruch durch einen solchen Grenzübergang Schaden nehmen?
Wenn ja, welche Ausgleichsmaßnahmen zieht die Landesregierung in Erwägung?
Datum des Eingangs: 04.05.2000 / Ausgegeben: 09.05.2000

Namens
ns der Landesregierung beantwortet der Minister für Stadtentwicklung, Wohnen und Verkehr die Kleine Anfrage wie folgt:
entwicklung, Wohnen und Verkehr die Kleine Anfrage wie folgt:
Zu Frage 1:
Die Landesregierung strebt südlich von Hohenwutzen eine Straßenverbindung zwischen Brandenburg und Polen an.
Diese neue Straßenverbindung dient einer dringenden Entlastung
der vorhandenen Übergänge in Hohenwutzen und Küstrin-Kietz. Eine
zeitliche Einordnung kann noch nicht gegeben werden, da dieses
Problem noch mit der polnischen Regierung verhandelt werden
muss.
Zu Frage 2:
Ja, es haben sich Bürgerinitiativen gegen einen deutsch-polnischen Straßenübergang Hohenwutzen Süd gebildet.
Zu Frage 3:
4.000 Kfz/24 h
Zu Frage 4:
Die Frage kann erst beantwortet werden, wenn die Raumverträglichkeitsuntersuchung und die Umweltverträglichkeitsuntersuchung
vorliegen und im Rahmen des Raumordnungsverfahrens beurteilt
wurden."
46,16461800000,164618,0,Erasmus International School in Potsdam,164618_4e675af89c669277c10703967d80f05cfd25a8a2.pdf,1,2,2014,280,https://fragdenstaat.de/dokumente/164618-erasmus-international-school-in-potsdam/,https://media.frag-den-staat.de/files/docs/d8/9c/e2/d89ce28a531841988efedd1413eb10b5/4e675af89c669277c10703967d80f05cfd25a8a2.pdf,,,d89ce28a-5318-4198-8efe-dd1413eb10b5,C:\Users\Admin\Desktop\OpenLens\Texte\164618_4e675af89c669277c10703967d80f05cfd25a8a2.txt,C:\Users\Admin\Desktop\OpenLens\Bereinigte_Texte\164618_164618_4e675af89c669277c10703967d80f05cfd25a8a2.txt,"Landtag Brandenburg
Drucksache 3/1905
3. Wahlperiode
Antwort
der Landesregierung
auf die Kleine Anfrage 699
des Abgeordneten Sigmar-Peter Schuldt
Fraktion der DVU
Drucksache 3/1707
Erasmus International School in Potsdam
Erasmus International School in Potsdam
Wortlaut der Kleinen Anfrage 699 vom 12.09.2000:
Bei der Tagung des Wirtschafts-Presse-Forums Brandenburg e. V.
am 04. September 2000 erklärte der Vorstand der Deutsch-Internationalen Erasmus-Schule AG und Direktor der Erasmus International School, in Potsdam, diese Privatschule, welche fast ausschließlich von Kindern ausländischer, in Deutschland akkreditierter Diplomaten besucht wird, finanziere sich aus dem Schulgeld ihrer Schüler, welches wiederum von den Botschaften, bei
denen die Eltern der jeweiligen Schüler tätig sind, aufgebracht
werde.
Wenn Botschaften armer Länder das Schulgeld nicht aufbringen
könnten, werde die Differenz aus Zuschüssen vom Land Brandenburg
beglichen.
Ich frage die Landesregierung: 
1.
Sind seitens der in der Vorbemerkung genannten Privatschule
Anträge auf Zuschüsse aufgrund der Zahlungsunfähigkeit von
Botschaften armer Länder gestellt worden, und, wenn ja, in
welcher Höhe (bitte detaillierte Aufschlüsselung nach Bundes-, Landes-, EU- oder sonstigen Zuschüssen)?
2.
Wenn ja: Welche Botschaften sind nach Erkenntnissen der
Landesregierung nicht in der Lage, das Schulgeld für die in
der Vorbemerkung genannte Privatschule ganz oder teilweise
zu bezahlen (bitte detaillierte Aufschlüsselung nach Ländern und Schulgeldbeträgen)?
3.
Aufgrund welcher Rechtsgrundlagen, Verträge oder Förderprogramme werden die unter 1. genannten Zuschüsse gezahlt?
4.
In welchen Haushaltstiteln des Haushaltsplans 2000 sind die
unter 1. genannten Zuschüsse enthalten?
Datum des Eingangs: 25.10.2000 / Ausgegeben: 30.10.2000

Namens der Landesregierung beantwortet der Minister für Bildung,
Jugend und Sport die Kleine Anfrage wie folgt:
Jugend und Sport die Kleine Anfrage wie folgt:
Zu Frage 1:
Nein.
Zu Frage 2, 3 und 4:
Entfällt."
47,16462700000,164627,0,Haushaltssachmittel,164627_c73586424f8e4f232b477e07c69f1c82ecd3bf2d.pdf,1,1,1795,251,https://fragdenstaat.de/dokumente/164627-haushaltssachmittel/,https://media.frag-den-staat.de/files/docs/12/4a/93/124a93b58477465494a5c33700a89bce/c73586424f8e4f232b477e07c69f1c82ecd3bf2d.pdf,,,124a93b5-8477-4654-94a5-c33700a89bce,C:\Users\Admin\Desktop\OpenLens\Texte\164627_c73586424f8e4f232b477e07c69f1c82ecd3bf2d.txt,C:\Users\Admin\Desktop\OpenLens\Bereinigte_Texte\164627_164627_c73586424f8e4f232b477e07c69f1c82ecd3bf2d.txt,"Landtag Brandenburg
Drucksache 3/1278
3. Wahlperiode
Antwort
der Landesregierung
auf die Kleine Anfrage Nr. 472
des Abgeordneten Werner Firneburg
Fraktion der DVU
Drucksache 3/1118
Haushaltssachmittel
Haushaltssachmittel
Wortlaut der Kleinen Anfrage Nr. 472 vom 05.05.2000:
Wie dem Verfassungsschutzbericht des Jahres 1998 zu entnehmen
ist, wurden an Haushaltssachmitteln 1.292.892,19 DM ausgegeben.
Im Haushaltsplan wird unter Titel 536 10 011 dargelegt, daß aus
diesen Mitteln auch Personalausgaben bestritten werden dürfen.
Ich frage die Landesregierung:
1.
Sieht die Landesregierung einen Widerspruch zu den Angaben
im Haushaltsplan 2000/2001 und den Ausführungen im Verfassungsschutzbericht des Jahres 1998?
2.
Wie hoch waren die unter Titel 536 10 011 geleisteten Personalausgaben?
Namens
ns der Landesregierung beantwortet der Minister des Innern
die Kleine Anfrage wie folgt:
die Kleine Anfrage wie folgt:
zu Frage 1:
Die Landesregierung sieht keinen Widerspruch. Gemäß Haushaltsvermerk dürfen aus den bei Kapitel 03 020 Titel 536 10 etatisierten Ausgaben für den Verfassungsschutz auch Personalausgaben
zum Zwecke der Nachrichtenbeschaffung geleistet werden. Es handelt sich dabei um Zahlungen an Personen, die gemäß § 6 Abs. 3
Nr. 1 BbgVerfSchG im Rahmen der zulässigen Informationsbeschaffung als Vertrauensleute, sonstige geheime Informanten, zum
Zwecke der Spionageabwehr überworbene Agenten, Gewährspersonen
und verdeckte Ermittler eingesetzt werden.
zu Frage 2:
Die Höhe der aus dem Titel 536 10 geleisteten Personalausgaben
unterliegt nach § 21 des Gesetzes über die Feststellung des
Haushaltsplanes des Landes Brandenburg für das Haushaltsjahr
1998 (Haushaltsgesetz 1998 - HG 1998) vom 22. Dezember 1997 der
Geheimhaltung.
Datum des Eingangs: 09.06.2000 / Ausgegeben: 14.06.2000"
48,16465700000,164657,0,DNA-Analysedatei beim Bundeskriminalamt,164657_dfcd2b17b0b7ccbaa8a0cb6b464cf3df7ae220ff.pdf,1,2,1589,221,https://fragdenstaat.de/dokumente/164657-dna-analysedatei-beim-bundeskriminalamt/,https://media.frag-den-staat.de/files/docs/7a/ef/f4/7aeff4b013bf488e843d59d5cb4c19da/dfcd2b17b0b7ccbaa8a0cb6b464cf3df7ae220ff.pdf,,,7aeff4b0-13bf-488e-843d-59d5cb4c19da,C:\Users\Admin\Desktop\OpenLens\Texte\164657_dfcd2b17b0b7ccbaa8a0cb6b464cf3df7ae220ff.txt,C:\Users\Admin\Desktop\OpenLens\Bereinigte_Texte\164657_164657_dfcd2b17b0b7ccbaa8a0cb6b464cf3df7ae220ff.txt,"Landtag Brandenburg
Drucksache 3/3200
3. Wahlperiode
Antwort
der Landesregierung
auf die Kleine Anfrage Nr. 1194
des Abgeordneten Sven Petke
Fraktion der CDU
Drucksache 3/3063
DNA-Analysedatei beim Bundeskriminalamt
Wortlaut der Kleinen Anfrage Nr. 1194 vom 19.07.2001:
Wie viel Datensätze wurden durch das Landeskriminalamt Brandenburg seit dem 01. Januar
1998 bis heute (bitte vierteljährlich angeben) an das Bundeskriminalamt zur Einstellung an
die Verbunddatei im Sinne von § 11 Absätze 2 und 3 BKA-Gesetz (DNA-Analysedatei)
übermittelt?
Namens der Landesregierung beantwortet der Minister des Innern die Kleine Anfrage
wie folgt:
Vorbemerkung:
Die Polizei des Landes Brandenburg schöpft alle Möglichkeiten aus, um eine zeitnahe
Untersuchung der entnommenen Körperzellen sicherzustellen. Das Landeskriminalamt
koordiniert und veranlasst als zentrale Erfassungs- und Recherchestelle für die DNA-Analysedatei die polizeilichen Maßnahmen in den Polizeibehörden. Zur Beschleunigung wurden auch
Untersuchungsaufträge an externe Labore vergeben. Voraussetzung für alle Untersuchungen
ist das Vorliegen des entsprechenden richterlichen Beschlusses. 
Bis zum II. Quartal 2001 wurden insgesamt 1.378 Personendatensätze in die DNA-Analyse-
Datei eingestellt. Sie gliedern sich quartalsweise wie folgt auf:
Datum des Eingangs: 22.08.2001 / Ausgegeben: 28.08.2001

Quartale
Personen
III. Quartal 1998

IV. Quartal 1998

I. Quartal 1999

II. Quartal 1999

III. Quartal 1999

IV. Quartal 1999

I. Quartal 2000

II. Quartal 2000

III. Quartal 2000

IV. Quartal 2000

I. Quartal 2001

II. Quartal 2001"
49,16467600000,164676,0,PR-Berater für die Landesregierung?,164676_2227c8ce64bacc49ac509c06f2fe907d90f04df5.pdf,1,2,2433,333,https://fragdenstaat.de/dokumente/164676-pr-berater-fur-die-landesregierung/,https://media.frag-den-staat.de/files/docs/9b/67/84/9b67842400d94a358d1d32635aedba2d/2227c8ce64bacc49ac509c06f2fe907d90f04df5.pdf,,,9b678424-00d9-4a35-8d1d-32635aedba2d,C:\Users\Admin\Desktop\OpenLens\Texte\164676_2227c8ce64bacc49ac509c06f2fe907d90f04df5.txt,C:\Users\Admin\Desktop\OpenLens\Bereinigte_Texte\164676_164676_2227c8ce64bacc49ac509c06f2fe907d90f04df5.txt,"Landtag Brandenburg
Drucksache 3/2716
3. Wahlperiode
Antwort
der Landesregierung
auf die Kleine Anfrage Nr. 1007
des Abgeordneten Werner Firneburg
Fraktion der DVU
Drucksache 3/2555
PR–Berater für die Landesregierung?
PR–Berater für die Landesregierung?
Wortlaut der Kleinen Anfrage Nr. 1007 vom 21.03.2001:
Ich frage die Landesregierung:
1.
Sind im Bereich der Landesregierung PR-Berater oder Redeschreiber beschäftigt?
2.
Wie viele solcher Stellen gibt es im Bereich der Landesregierung?
3.
Wo sind die Stellen angesiedelt und wie hoch sind diese
Stellen dotiert?
4.
Hat die Landesregierung externe PR-Berater bzw. Redeschreiber ständig oder zeitweise beschäftigt?
5.
Üben die Berater der Landesregierung weitere Tätigkeiten,
wie z. B. Erstellung von Gutachten oder Präsentationen für
die Landesregierung oder landeseigene Betriebe aus?
6.
Wie viele Personen sind im Bereich der Landesregierung für
Aufgaben eingesetzt, die im weiteren Sinne als Öffentlichkeitsarbeit bezeichnet werden können oder der Darstellung
der Regierungspolitik dienen?
Datum des Eingangs: 02.05.2001 / Ausgegeben: 07.05.2001

Namens der Landesregierung beantwortet der Chef der Staatskanzder Chef der Staatskanzlei die Kleine Anfrage wie folgt:
lei die Kleine Anfrage wie folgt:
Zu Frage 1:
Die Landesregierung beschäftigt Redenschreiber, jedoch keine PR-
Berater.
Zu Frage 2:
Im Bereich der Landesregierung gibt es 4 Beschäftigte, die überwiegend als Redenschreiber eingesetzt sind.
Zu Frage 3:
Zwei Redenschreiber sind im Geschäftsbereich des Ministerpräsidenten, ein Redenschreiber im Ministerium für Arbeit, Soziales,
Gesundheit und Frauen und ein teilzeitbeschäftigter Redenschreiber (30 Stunden/Woche) im Ministerium für Wissenschaft, Forschung und Kultur angesiedelt.
Alle Redenschreiber sind dem höheren Dienst zugeordnet.
Zu Frage 4:
Externe PR-Berater und Redenschreiber sind für die Landesregierung nicht tätig. 
Die Landesregierung behält sich vor, bei Bedarf auch auf externe
Mitarbeiter zurückzugreifen.
Zu Frage 5:
PR-Berater sind in der Landesregierung nicht beschäftigt (siehe
Antwort zu Frage Ziffer 1.)
Zu Frage 6:
Jegliches Handeln der Mitarbeiterinnen und Mitarbeiter der Landesregierung hat auch Öffentlichkeitswirkung und kann daher als
Öffentlichkeitsarbeit im weiteren Sinne bezeichnet werden und
dient damit der Darstellung der Regierungspolitik. 
Angesichts der unpräzisen Fragestellung sind detailliertere
Angaben nicht möglich."
50,16476800000,164768,0,"""Schwarze Liste"" des Ministeriums der Justiz und für Europaangelegenheiten über Richterinnen und Richter",164768_721fd9c56259f8103b01ab3346e90e8a79e275da.pdf,1,1,1463,198,https://fragdenstaat.de/dokumente/164768-schwarze-liste-des-ministeriums-der-justiz-und-fur-europaangelegenheiten-uber-richterinnen-und-richter/,https://media.frag-den-staat.de/files/docs/96/78/d3/9678d31b804741279f4efcdd378008cf/721fd9c56259f8103b01ab3346e90e8a79e275da.pdf,,,9678d31b-8047-4127-9f4e-fcdd378008cf,C:\Users\Admin\Desktop\OpenLens\Texte\164768_721fd9c56259f8103b01ab3346e90e8a79e275da.txt,C:\Users\Admin\Desktop\OpenLens\Bereinigte_Texte\164768_164768_721fd9c56259f8103b01ab3346e90e8a79e275da.txt,"Landtag Brandenburg
Drucksache 3/2352
3. Wahlperiode
Antwort
der Landesregierung
auf die Kleine Anfrage 915
des Abgeordneten Stefan Sarrach
Fraktion der PDS
Drucksache 3/2296
""Schwarze
""Schwarze Liste"" des Ministeriums der Justiz und für Europaangelegenheiten über Richterinnen und Richter
gelegenheiten über Richterinnen und Richter
Wortlaut der Kleinen Anfrage 915 vom 16. Januar 2001:
Im Zusammenhang mit der sogenannten ""Büroleiteraffäre"" des Ministers Schelter, bei der in die richterliche Unabhängigkeit
einer Richterin in Neuruppin eingegriffen wurde, nachdem ein
Rechtsanwalt und CDU-Parteifreund für seinen verhafteten Mandanten bei den Ministern Schönbohm und Schelter intervenierte,
soll nunmehr im Ministerium der Justiz und für Europaangelegenheiten eine ""Schwarze Liste"" über Richterinnen und Richter geführt werden.
Dabei soll es sich um jene Richterinnen und Richter handeln, die
sich in dieser ""Büroleiteraffäre"" kritisch geäußert haben.
Ich frage die Landesregierung:
Trifft es zu, dass im Ministerium der Justiz und für Europaangelegenheiten eine ""Schwarze Liste"" über Richterinnen und Richter geführt wird, die sich im Zusammenhang mit der sogenannten
""Büroleiteraffäre"" kritisch geäußert haben?
Namens
ns der Landesregierung beantwortet der Minister der Justiz
und für Europaangelegenheiten die Kleine Anfrage wie folgt:
und für Europaangelegenheiten die Kleine Anfrage wie folgt:
Nein.
Datum des Eingangs: 01.02.2001 / Ausgegeben: 06.02.2001"
51,16480200000,164802,0,Verkehrswacht,164802_be82e9201b049e7e20109645d2a608529df45390.pdf,1,2,2227,296,https://fragdenstaat.de/dokumente/164802-verkehrswacht/,https://media.frag-den-staat.de/files/docs/dc/fe/e2/dcfee232820d4b379cfb842a9b67fb13/be82e9201b049e7e20109645d2a608529df45390.pdf,,,dcfee232-820d-4b37-9cfb-842a9b67fb13,C:\Users\Admin\Desktop\OpenLens\Texte\164802_be82e9201b049e7e20109645d2a608529df45390.txt,C:\Users\Admin\Desktop\OpenLens\Bereinigte_Texte\164802_164802_be82e9201b049e7e20109645d2a608529df45390.txt,"Landtag Brandenburg
Drucksache 3/1868
3. Wahlperiode
Antwort
der Landesregierung
auf die Kleine Anfrage 689
der Abgeordneten Liane Hesselbarth
Fraktion der DVU
Drucksache 3/1688
Wortlaut der Kleinen Anfrage 689:
Verkehrswacht
Verkehrswacht
Die Verkehrswacht Oder-Spree hat beim Amtsgericht Frankfurt
(Oder) einen Insolvenzantrag gestellt. Der Verein ist zahlungsunfähig.
Ich frage die Landesregierung:
1.
Seit wann existiert die Verkehrswacht Oder-Spree und welche
Verdienste hat sich der Verein bisher erworben?
2.
Erachtet es die Landesregierung für notwendig, dass es auch
in Zukunft im Kreis Oder-Spree eine Verkehrswacht gibt, die
sich vor allem um die Verkehrssicherheit unter Kindern und
Jugendlichen kümmert?
3.
Welche Möglichkeiten sieht die Landesregierung, die Verkehrswacht finanziell zu fördern, um eine Insolvenz abzuwenden?
Namens
ns der Landesregierung beantwortet der Minister für Stadtentwicklung, Wohnen und Verkehr die Kleine Anfrage wie folgt:
entwicklung, Wohnen und Verkehr die Kleine Anfrage wie folgt:
Zu Frage 1:
Die Verkehrswacht Oder-Spree existiert als eingetragener Verein
seit dem 30. April 1992. Wie die mittlerweile 23 Orts- und
Kreisverkehrswachten des Landes Brandenburg hat die Verkehrswacht Oder-Spree seit dieser Zeit die von der Deutschen Verkehrswacht und dem Deutschen Verkehrssicherheitsrat (DVR) entwickelten Zielgruppenprogramme mit hoher Akzeptanz bei der Bevölkerung durchgeführt und somit zur Erhöhung der Verkehrssicherheit im Land Brandenburg beigetragen.
Datum des Eingangs: 17.10.2000 / Ausgegeben: 23.10.2000

Zu Frage 2:
Seitens der Landesregierung wird es für wichtig und insbesondere
unter dem Gesichtspunkt einer kontinuierlich stattfindenden
Verkehrssicherheitsarbeit begrüßt, wenn auch in Zukunft im Landkreis Oder-Spree eine oder mehrere Verkehrswachten die Verkehrssicherheitsarbeit fortführen würden. 
Zu Frage 3:
Für die Landesregierung besteht keine Möglichkeit, aus den im
Haushalt für die Verkehrssicherheitsarbeit zur Verfügung stehenden Mitteln, das Insolvenzverfahren abzuwenden. Die Mittel sind
für Maßnahmen zur Sicherung im Straßenverkehr und für die Förderung von Maßnahmen im Rahmen von Verkehrserziehung und -aufklärung (Projektförderung) zweckgebunden."
52,16481000000,164810,0,Gewährung einer Bürgschaft für den Landesverband der Arbeiterwohlfahrt in Brandenburg,164810_c8c776bd8636164edde3a2c56f55f8f885ad6a22.pdf,1,2,1750,246,https://fragdenstaat.de/dokumente/164810-gewahrung-einer-burgschaft-fur-den-landesverband-der-arbeiterwohlfahrt-in-brandenburg/,https://media.frag-den-staat.de/files/docs/d4/80/09/d48009977d174bb1bc6895e82ccb3c4d/c8c776bd8636164edde3a2c56f55f8f885ad6a22.pdf,,,d4800997-7d17-4bb1-bc68-95e82ccb3c4d,C:\Users\Admin\Desktop\OpenLens\Texte\164810_c8c776bd8636164edde3a2c56f55f8f885ad6a22.txt,C:\Users\Admin\Desktop\OpenLens\Bereinigte_Texte\164810_164810_c8c776bd8636164edde3a2c56f55f8f885ad6a22.txt,"Landtag Brandenburg
Drucksache 3/1876
3. Wahlperiode
Antwort
der Landesregierung
auf die Kleine Anfrage Nr. 702
des Abgeordneten Thomas Lunacek
CDU-Fraktion
Drucksache 3/1710
Gewährung
hrung einer Bürgschaft für den Landesverband der Arbeiterwohlfahrt in Brandenburg
wohlfahrt in Brandenburg
Wortlaut der Kleinen Anfrage Nr. 702 vom 15.09.2000:
Die Existenzkrise der Brandenburger Arbeiterwohlfahrt (AWO)
sorgte im Jahre 1996 für Schlagzeilen. Die drohende Zahlungsunfähigkeit der AWO wurde u. a. durch eine Bürgschaft des Landes
Brandenburg zugunsten des AWO-Landesverbandes Brandenburg e.V.
für einen Überbrückungskredit der Deutschen Genossenschaftsbank
abgewendet. Wie bekannt wurde, prüft die EU-Wettbewerbskommission, ob diese Bürgschaft eine illegale Rettungsbeihilfe darstellt.
Ich frage die Landesregierung:
1.
War diese Bürgschaft Voraussetzung für die Kreditgewährung?
2.
Handelt es sich bei dieser Bürgschaft nach Auffassung der
Landesregierung um eine notifizierungspflichtige Beihilfe?
3.
Wenn nein, warum hat diese Bürgschaft für die Landesregierung nicht den Charakter einer Beihilfe im Sinne des
Art. 92 EG-Vertrag?
4.
Wenn ja, warum wurde diese Beihilfe nicht bei der zuständigen Stelle angemeldet?
Datum des Eingangs: 17.10.2000 / Ausgegeben: 23.10.2000

Namens der Landesregierung beantwortet die Ministerin der Finanzen die Kleine Anfrage wie folgt:
zen die Kleine Anfrage wie folgt:
Zu 1.
Ja.
Zu 2.
Nein.
Zu 3.
Die Landesregierung ist der Auffassung, dass in diesem Fall
keine Beihilfen i. S, von Art. 92 EG-Vertrag vorliegen, da es
sich bei der Arbeiterwohlfahrt um einen gemeinnützigen Träger
sozialer Einrichtungen handelt, die ausschließlich Aufgaben der
örtlichen oder regionalen Daseinsvorsorge wahrnehmen.
Zu 4.
Entfällt."
53,16487500000,164875,0,Ersatz für das Transrapid-Projekt,164875_38c9170e78647b61fdb828d5a39b7202e375d619.pdf,1,2,1559,223,https://fragdenstaat.de/dokumente/164875-ersatz-fur-das-transrapid-projekt/,https://media.frag-den-staat.de/files/docs/a5/2a/2b/a52a2bc9149544b08ef92e8af91770a4/38c9170e78647b61fdb828d5a39b7202e375d619.pdf,,,a52a2bc9-1495-44b0-8ef9-2e8af91770a4,C:\Users\Admin\Desktop\OpenLens\Texte\164875_38c9170e78647b61fdb828d5a39b7202e375d619.txt,C:\Users\Admin\Desktop\OpenLens\Bereinigte_Texte\164875_164875_38c9170e78647b61fdb828d5a39b7202e375d619.txt,"Landtag Brandenburg
Drucksache 3/1193
3. Wahlperiode
Antwort
der Landesregierung
auf die Kleine Anfrage 441
der Abgeordneten Liane Hesselbarth
Fraktion der DVU
Drucksache 3/1009
Wortlaut der Kleinen Anfrage 441:
Ersatz für das Transrapid-Projekt
Ersatz für das Transrapid-Projekt
Ich frage die Landesregierung:
1.
Hält die Landesregierung eine ICE-Neubaustrecke zwischen
Berlin und Hamburg für erforderlich?
2.
Wenn ja, mit welchem Zeitbedarf ist für
a) Planung und Planfeststellung,
b) Bau der Strecke
zu rechnen?
3.
Ist der Landesregierung eine Studie des Institutes für
Bahntechnik bekannt, wonach die unter 1. genannte Neubaustrecke etwa 8 Milliarden DM kosten wird? Wenn ja, hält die
Landesregierung diesen Betrag für plausibel? Sieht die
Landesregierung Chancen, dass der Neubau der ICE-Strecke
zwischen Berlin und Hamburg als ""vordringlicher Bedarf"" in
den Bundesverkehrswegeplan aufgenommen wird?
Namens
ns der Landesregierung beantwortet der Minister für Stadtentwicklung, Wohnen und Verkehr die Kleine Anfrage wie folgt:
entwicklung, Wohnen und Verkehr die Kleine Anfrage wie folgt:
Zu Frage 1:
Nein.
Der Ausbau der bestehenden Strecke für höhere Geschwindigkeiten
wird als ausreichend angesehen. Die damit erreichbare Fahrzeit
von ca. 90 Minuten stellt eine attraktive Alternative zum Straßenverkehr dar.
Datum des Eingangs: 22.05.2000 / Ausgegeben: 29.05.2000

Zu Frage 2:
Siehe Antwort zu Frage 1.
Zu Frage 3:
Ja. Die Größenordnung ist plausibel. Hierzu ist beim derzeitigen
Arbeitsstand des Bundesverkehrswegeplanes (BVWP) keine Aussage
möglich."
54,16489000000,164890,0,"Projekte ""Gewalt gegen Kinder"" in anderen Bundesländern",164890_2cb0cc734a4e8b6d1e5af5ce40eff47711215b31.pdf,1,2,2196,293,https://fragdenstaat.de/dokumente/164890-projekte-gewalt-gegen-kinder-in-anderen-bundeslandern/,https://media.frag-den-staat.de/files/docs/2b/24/01/2b2401ab8e71458c9c604c48c60db3ec/2cb0cc734a4e8b6d1e5af5ce40eff47711215b31.pdf,,,2b2401ab-8e71-458c-9c60-4c48c60db3ec,C:\Users\Admin\Desktop\OpenLens\Texte\164890_2cb0cc734a4e8b6d1e5af5ce40eff47711215b31.txt,C:\Users\Admin\Desktop\OpenLens\Bereinigte_Texte\164890_164890_2cb0cc734a4e8b6d1e5af5ce40eff47711215b31.txt,"Landtag Brandenburg
Drucksache 3/1873
3. Wahlperiode
Antwort
der Landesregierung
auf die Kleine Anfrage Nr. 707
der Abgeordneten Birgit Fechner
Fraktion der DVU
Drucksache 3/1717
Projekte ""Gewalt gegen Kinder"" in anderen Bundesländern
Projekte ""Gewalt gegen Kinder"" in anderen Bundesländern
Wortlaut der Kleinen Anfrage Nr. 707 vom 13.09.2000:
Ich frage die Landesregierung:
1.
Welche Maßnahmen will die Landesregierung ergreifen, um -
ähnlich wie in Niedersachsen oder Hamburg - Projekte
""Gewalt gegen Kinder"" zu initiieren bzw. durchzuführen?
2.
Welche Maßnahmen will die Landesregierung ergreifen, damit
der in Hamburg entwickelte Leitfaden für Ärzte auch in
Brandenburg eingesetzt wird?
3.
Welche Maßnahmen zum besseren Schutz von Kindern gegen
Gewalt sind seitens der Landesregierung bis zum Ende der
laufenden Legislaturperiode geplant (bitte detaillierte
Aufschlüsselung)?
Datum des Eingangs: 17.10.2000 / Ausgegeben: 23.10.2000

Namens der Landesregierung beantwortet der Minister für Arbeit,
der Minister für Arbeit,
Soziales, Gesundheit und Frauen die Kleine Anfrage wie folgt:
Soziales, Gesundheit und Frauen die Kleine Anfrage wie folgt:
zu Frage 1:
Die Landesregierung beabsichtigt, ein Projekt ""Gewalt gegen
Kinder"" in Brandenburg durchzuführen. 
zu Frage 2:
Die Landesregierung plant, in Anlehnung an den in Hamburg entwickelten Leitfaden ""Gewalt gegen Kinder"" die Entwicklung eines
auf Brandenburg bezogenen Leitfadens. 
zu Frage 3:
Im Haushaltsjahr 2000 werden aus Landesmitteln im Jugendhilfebereich das laufende Projekt des Trägers STIBB e.V. ""Überregionaler Ausbau des Kinder- und Jugendschutzes"" und das in drei miteinander vernetzten Regionen bestehende Projekt ""Kinder- und
Jugendtelefon"" weiter gefördert.
Außerdem erhält - im Rahmen eines zweijährigen Modellprojekts -
das in das Förderprogramm der Bundesstiftung 'Deutsche Jugendmarke' aufgenommene Projekt ""Psychologische und sozialpädagogische Beratung nach dem SGB VIII im Internet"" einen Landeszuschuss. 
Für das Haushaltsjahr 2001 ist eine Weiterförderung der Projekte
beabsichtigt.
Entsprechend den Bestimmungen der Landeshaushaltsordnung können
für den Zeitraum 2002 bis 2004 noch keine Aussagen getroffen
werden."
55,16490300000,164903,0,Analphabetismus,164903_9d1d3851ebdcdf2b6a93e412df114210b6050f48.pdf,1,2,2023,286,https://fragdenstaat.de/dokumente/164903-analphabetismus/,https://media.frag-den-staat.de/files/docs/3f/c1/b0/3fc1b0f5a2a24dbf8bb02f035bcd32bb/9d1d3851ebdcdf2b6a93e412df114210b6050f48.pdf,,,3fc1b0f5-a2a2-4dbf-8bb0-2f035bcd32bb,C:\Users\Admin\Desktop\OpenLens\Texte\164903_9d1d3851ebdcdf2b6a93e412df114210b6050f48.txt,C:\Users\Admin\Desktop\OpenLens\Bereinigte_Texte\164903_164903_9d1d3851ebdcdf2b6a93e412df114210b6050f48.txt,"Landtag Brandenburg
Drucksache 3/435
3. Wahlperiode
Antwort
der Landesregierung
auf die Kleine Anfrage 132
des Abgeordneten Werner Firneburg
Fraktion der DVU
Drucksache 3/249
Analphabetismus
Analphabetismus
Wortlaut der Kleinen Anfrage 132 vom 30.11.1999:
Analphabetismus bedeutet Lese- und Schreibunfähigkeit. Die UN-
ESCO schätzt den Anteil der Analphabeten auf 0,75 bis 3 Prozent
der über 15 Jahre alten Bevölkerung in Deutschland. Sie geht
dabei von dem Begriff des ""funktionalen Analphabetismus"" aus,
wonach Jugendliche und Erwachsene auch dann als Analphabeten
gelten, wenn sie nach dem Ende der Schulzeit den Anforderungen
ihrer Lebensumwelt an ihre Schreib- und Lesekenntnisse sowie an
ihre Rechenfähigkeit nicht gerecht werden.
Ich frage die Landesregierung: 
1.
Wie hoch ist der prozentuale Anteil der Analphabeten im
Lande Brandenburg der über 15-jährigen?
2.
Welche Aussagen kann die Landesregierung treffen über den
Anteil
a) der deutschen Analphabeten
b) der ausländischen Analphabeten?
3.
Welche Ursachen hat der Analphabetismus und wie kann es in
Brandenburg überhaupt dazu kommen?
4.
Welche Förderungsmaßnahmen gibt es im Lande Brandenburg zur
Bekämpfung des Analphabetismus?
Datum des Eingangs: 07.01.2000 / Ausgegeben: 12.01.2000

Namens der Landesregierung beantwortet der Minister für Bildung,
Jugend und Sport die Kleine Anfrage wie folgt:
Jugend und Sport die Kleine Anfrage wie folgt:
Zu Frage 1:
Der prozentuale Anteil von funktionalen Analphabeten in der
Gruppe der über 15-jährigen ist nicht bekannt. Statistische
Untersuchungen liegen nicht vor.
Zu Frage 2:
Nach Nationalität differenzierte Aussagen über funktionale Analphabeten liegen nicht vor.
Zu Frage 3:
Die Ursachen für funktionalen Analphabetismus sind unterschiedlich und nicht abschließend zu benennen. Funktionaler Analphabetismus kann u.a. biografisch, sozial oder auch institutionell
begründet sein.
Zu Frage 4:
Das Land Brandenburg fördert im Rahmen der Weiterbildung von
Erwachsenen Kurse zur Alphabetisierung an Volkshochschulen."
56,16496000000,164960,0,Beschleunigter Ausbau des Süd-Ost-Brandenburger Straßennetzes I,164960_51227bd190d9b18c33a8b13d632a3f0bc9cb886c.pdf,1,2,1766,255,https://fragdenstaat.de/dokumente/164960-beschleunigter-ausbau-des-sud-ost-brandenburger-straennetzes-i/,https://media.frag-den-staat.de/files/docs/37/57/49/3757494c75744f1c9057bbd0f6cb732f/51227bd190d9b18c33a8b13d632a3f0bc9cb886c.pdf,,,3757494c-7574-4f1c-9057-bbd0f6cb732f,C:\Users\Admin\Desktop\OpenLens\Texte\164960_51227bd190d9b18c33a8b13d632a3f0bc9cb886c.txt,C:\Users\Admin\Desktop\OpenLens\Bereinigte_Texte\164960_164960_51227bd190d9b18c33a8b13d632a3f0bc9cb886c.txt,"Landtag Brandenburg
Drucksache 3/1774
3. Wahlperiode
Antwort
der Landesregierung
auf die Kleine Anfrage 641
des Abgeordneten Jörg Vogelsänger
Fraktion der SPD
Drucksache 3/1618
Wortlaut der Kleinen Anfrage 641:
Beschleunigter Ausbau des Süd-Ost-Brandenburger Straßennetzes I
enburger Straßennetzes I
Autobahn A 15
Autobahn A 15
Die Autobahn A 15 hat eine wichtige Erschließungsfunktion für
die Lausitz. Dabei befindet sich die Autobahn in einem nicht den
Anforderungen an eine moderne Infrastruktur entsprechenden Zustand. Dies betrifft sowohl die Fahrbahn als auch das Fehlen von
Standstreifen. Nach einer Pressemitteilung des MSWV soll der
Ausbau der Autobahn A 15 zwischen Dreieck Spreewald, Cottbus und
Landesgrenze nach Zusagen des Bundes beschleunigt werden.
Ich frage die Landesregierung:
1.
Wann ist voraussichtlich mit der Gesamtfertigstellung der
Sanierung der A 15 von der Anschlussstelle Vetschau bis zur
Landesgrenze zu rechnen?
2.
Wie hoch werden die Gesamtkosten eingeschätzt?
3.
Welche wirtschaftlichen Impulse werden durch den beschleunigten Ausbau der A 15 erwartet?
Datum des Eingangs: 05.10.2000 / Ausgegeben: 10.10.2000

Namens
ns der Landesregierung beantwortet der Minister für Stadtentwicklung, Wohnen und Verkehr die Kleine Anfrage wie folgt:
entwicklung, Wohnen und Verkehr die Kleine Anfrage wie folgt:
Zu Frage 1:
Die Sanierung der A 15 zwischen Vetschau und der Landesgrenze
wird im wesentlichen im Jahr 2002 abgeschlossen sein.
Zu Frage 2:
Für diese Baumaßnahme werden die Kosten voraussichtlich etwa
50 Mio DM betragen.
Zu Frage 3:
Mit dem nunmehr um Jahre vorgezogenen beschleunigten Ausbau der
A 15 wird die Erreichbarkeit der Region als wesentlicher Standortfaktor verbessert, wodurch sich ihre Entwicklungschancen
deutlich erhöhen."
57,16505500000,165055,0,Situation und Nutzung von Schulsportstätten,165055_dea2dc3dcfe6d57e9770b4dee91fba0d40e29e03.pdf,1,1,2073,278,https://fragdenstaat.de/dokumente/165055-situation-und-nutzung-von-schulsportstatten/,https://media.frag-den-staat.de/files/docs/b5/25/27/b52527e985884766909c9abdc157039c/dea2dc3dcfe6d57e9770b4dee91fba0d40e29e03.pdf,,,b52527e9-8588-4766-909c-9abdc157039c,C:\Users\Admin\Desktop\OpenLens\Texte\165055_dea2dc3dcfe6d57e9770b4dee91fba0d40e29e03.txt,C:\Users\Admin\Desktop\OpenLens\Bereinigte_Texte\165055_165055_dea2dc3dcfe6d57e9770b4dee91fba0d40e29e03.txt,"Landtag Brandenburg
Drucksache 3/4016
3. Wahlperiode
Antwort
der Landesregierung
auf die Kleine Anfrage 1446
des Abgeordneten Stefan Ludwig
Fraktion der PDS
Drucksache 3/3832
Situation und Nutzung von Schulsportstätten
Wortlaut der Kleinen Anfrage 1446 vom 24.01.2002:
Ich frage die Landesregierung:
1.
Wie stellt sich gegenwärtig der Bedarf an Schulsportanlagen gegenüber dem gegenwärtigen Ist, aufgegliedert nach Schulsporthallen und Freiflächen, dar?
2.
Wo gibt es gravierende Mängel in der vorhandenen Sportfläche, die die Durchführung
des Sportunterrichts unmittelbar gefährden? (Konkrete Fälle bitte benennen.)
Namens der Landesregierung beantwortet der Minister für Bildung, Jugend und Sport die
Kleine Anfrage wie folgt:
Zu Frage 1 und 2:
Laut Statistik des Landes Brandenburg existierten zum Stichtag 01.07.2000 854 Sporthallen,
2313 Sportplätze und 245 Rundlaufbahnen, die sowohl dem Schulsport und den gemeinnützigen Sportvereinen, aber auch den vereinsungebundenen Sporttreibenden zur Verfügung
stehen. Nach o.g. Statistik haben nach wie vor 25 % der Sporthallen und 38 % der Sportplätze gravierende Bau- und Nutzungsmängel.
Gemäß § 5 des Sportförderungsgesetzes erfolgen die Planung und der Bau kommunaler und
vereinseigener Sportanlagen im Rahmen der Sportstättenentwicklungsplanung der Kommunen und Landkreise. Bei der Bemessung des Bedarfs ist die jeweilige Schulentwicklungsplanung von besonderer Bedeutung.
Konkrete Aussagen zum Bedarf an Schulsportanlagen sowie zu gravierenden Mängeln an
den vorhandenen Sportflächen, die die Durchführung des Sportunterrichts unmittelbar
gefährden, können demnach nur durch die jeweiligen Schulträger gemacht werden. Dies wird
nicht landesweit erhoben. Allerdings kann eingeschätzt werden, dass durch den Neubau von
ca. 100 Sporthallen seit 1990, der in erheblichem Umfang durch das MBJS gefördert wurde,
sich die Situation deutlich verbessert hat. Außerdem führt der Rückgang der Schülerzahlen
zu einer Verbesserung der Nutzungsmöglichkeit von Schulsportanlagen.
Datum des Eingangs: 12.03.2002 / Ausgegeben: 20.03.2002"
58,16508500000,165085,0,Brandenburger Flüchtlingsrat,165085_fad63427486721e4bc1b861463bc5aa6fdf3d07a.pdf,1,2,1829,256,https://fragdenstaat.de/dokumente/165085-brandenburger-fluchtlingsrat/,https://media.frag-den-staat.de/files/docs/8d/80/b8/8d80b8926fc14681a714a77869c384d6/fad63427486721e4bc1b861463bc5aa6fdf3d07a.pdf,,,8d80b892-6fc1-4681-a714-a77869c384d6,C:\Users\Admin\Desktop\OpenLens\Texte\165085_fad63427486721e4bc1b861463bc5aa6fdf3d07a.txt,C:\Users\Admin\Desktop\OpenLens\Bereinigte_Texte\165085_165085_fad63427486721e4bc1b861463bc5aa6fdf3d07a.txt,"Landtag Brandenburg
Drucksache 3/1106
3. Wahlperiode
Antwort
der Landesregierung
auf die Kleine Anfrage Nr. 408
des Abgeordneten Sigmar-Peter Schuldt
Fraktion der DVU
Landtagsdrucksache 3/949
Brandenburger Flüchtlingsrat
Brandenburger Flüchtlingsrat
Wortlaut der Kleinen Anfrage Nr. 408 vom 07.04.2000:
Ich frage die Landesregierung:
1.
In welcher Rechtsform ist der Brandenburger Flüchtlingsrat
organisiert?
2.
Aus wie vielen Mitgliedern besteht der Brandenburger
Flüchtlingsrat?
Verfügt er über einen Vorstand, wenn ja, welche Personen
gehören dem Vorstand an?
3.
Werden dem Brandenburger Flüchtlingsrat öffentliche Mittel
zur Verfügung gestellt?
Wenn ja, von welchen staatlichen Stellen?
4.
Wie bewertet die Landesregierung die Aussage eines Asylbewerbers: ""Die Regierung hat den Rassismus verschuldet, die
Gesetze machen uns in Brandenburg zu Menschen zweiter Klasse""?
5.
Ist der genannte 31jährige Asylbewerber aus Kamerun Mitglied des Brandenburger Flüchtlingsrates bzw. für diese
Einrichtung tätig?
Datum des Eingangs: 10.05.2000 / Ausgegeben: 15.05.2000

Namens der Landesregierung beantwortet der Minister für Arbeit,
der Minister für Arbeit,
Soziales, Gesundheit und Frauen die Kleine Anfrage wie folgt:
Soziales, Gesundheit und Frauen die Kleine Anfrage wie folgt:
Zu Frage 1:
Der Brandenburger Flüchtlingsrat ist nach Wissen der Landesregierung ein loser Zusammenschluss von Einzelpersonen und Gruppen
ohne Rechtsform.
zu Frage 2:
Wie sich aus der Antwort zu Frage 1 ergibt, ist zu dieser Frage
keine Antwort möglich.
zu Frage 3:
Nein.
zu Frage 4:
Wie bereits Minister Ziel in seiner Pressemitteilung vom 29.März
2000 erklärte, wendet sich auch die Landesregierung gegen die
Auffassung der Asylbewerber, sie würden durch gesetzliche Einschränkungen diskriminiert.
zu Frage 5:
Soweit der Landesregierung bekannt: nein."
59,16510900000,165109,0,Parkordnungen in Anlagen der Stiftung Preußische Schlösser und Gärten Berlin-Brandenburg,165109_532fea4b7d70afd36b1528a36180f24e102804fe.pdf,1,1,1187,160,https://fragdenstaat.de/dokumente/165109-parkordnungen-in-anlagen-der-stiftung-preuische-schlosser-und-garten-berlin-brandenburg/,https://media.frag-den-staat.de/files/docs/17/80/10/17801078fbe34441a2fa6876b3a99dcc/532fea4b7d70afd36b1528a36180f24e102804fe.pdf,,,17801078-fbe3-4441-a2fa-6876b3a99dcc,C:\Users\Admin\Desktop\OpenLens\Texte\165109_532fea4b7d70afd36b1528a36180f24e102804fe.txt,C:\Users\Admin\Desktop\OpenLens\Bereinigte_Texte\165109_165109_532fea4b7d70afd36b1528a36180f24e102804fe.txt,"Landtag Brandenburg
Drucksache 3/2104
3. Wahlperiode
Antwort
der Landesregierung
auf die Kleine Anfrage Nr. 776
des/der Abgeordneten Stefan Sarrach
Fraktion der PDS
Drucksache 3/1895
Parkordnungen
ordnungen in Anlagen der Stiftung Preußische Schlösser und
Gärten Berlin-Brandenburg
Gärten Berlin-Brandenburg
Wortlaut der Kleinen Anfrage Nr. 776 vom 18.10.2000:
In den Anlagen der Stiftung Preußische Schlösser und Gärten
Berlin-Brandenburg sollen Parkordnungen gelten. Ich Frage diesbezüglich die Landesregierung: Musste bei der Stiftung Preußische Schlösser und Gärten Berlin-Brandenburg als juristische
Person des öffentlichen rechts für den Erlass der Parkordnungen
die öffentlich-rechtliche Satzungsform beachtet werden?
Namens
ns der Landesregierung beantwortet die Ministerin für Wissenschaft, Forschung und Kultur die Kleine Anfrage wie folgt:
senschaft, Forschung und Kultur die Kleine Anfrage wie folgt:
Nein, die öffentlich-rechtliche Satzungsform mußte nicht beachtet werden, da die Parkordnung der Stiftung Preußische Schlösser
und Gärten Berlin-Brandenburg als privat-rechtliches Nutzungsverhältnis ausgestaltet wurde.
Datum des Eingangs: 04.12.2000 / Ausgegeben: 11.12.2000"
60,16511500000,165115,0,Flughafenholding überschuldet?,165115_66d25d36b227686a4e1ef567f17929fd604bd0e3.pdf,1,2,2103,313,https://fragdenstaat.de/dokumente/165115-flughafenholding-uberschuldet/,https://media.frag-den-staat.de/files/docs/fe/49/b0/fe49b0e326a84fd980c33f275cc5fc8c/66d25d36b227686a4e1ef567f17929fd604bd0e3.pdf,,,fe49b0e3-26a8-4fd9-80c3-3f275cc5fc8c,C:\Users\Admin\Desktop\OpenLens\Texte\165115_66d25d36b227686a4e1ef567f17929fd604bd0e3.txt,C:\Users\Admin\Desktop\OpenLens\Bereinigte_Texte\165115_165115_66d25d36b227686a4e1ef567f17929fd604bd0e3.txt,"Landtag Brandenburg
Drucksache 3/1480
3. Wahlperiode
Antwort
der Landesregierung
auf die Kleine Anfrage 533
der Abgeordneten Liane Hesselbarth
Fraktion der DVU
Drucksache 3/1309
Flughafenholding überschuldet?
Flughafenholding überschuldet?
Wortlauf der Kleinen Anfrage Nr. 533:
Ich frage die Landesregierung:
1.
Ist es zutreffend, dass die Berlin Brandenburg Flughafen-
Holding (BBF) wegen Verbindlichkeiten in Höhe von mehr als
800.000 Millionen DM überschuldet ist? Wenn nein, bei welcher Höhe ist die Überschuldungsgrenze überschritten?
2. 
Wie hoch sind die Kreditzinsen, die wegen der Fehlspekulationen um das Baufeld-Ost aufzubringen sind?
3.
Wann kann die BBF neue Finanzspritzen des Bundes bzw. der
beiden beteiligten Bundesländer in welcher Höhe erwarten?
4.
Ist die Aussage des Holding-Chefs zutreffend, wonach ein
Stopp aller Investitionen droht und auch insolvenzrechtliche Schritte nicht auszuschließen sind, sofern nicht bald
entsprechend hohe finanzielle Zuschüsse gegeben werden?
5.
Gerät durch die hohe Verschuldung die Privatisierung der
Holding und der Zeitplan des Flughafenneubaus ins Wanken?
Datum des Eingangs: 14.07.2000 / Ausgegeben: 19.07.2000

Namens der Landesregierung beantwortet der Minister für Wirtschaft die Kleine Anfrage wie folgt:
schaft die Kleine Anfrage wie folgt:
Zu Frage 1:
Die BBF ist nicht überschuldet. Eine Überschuldung wäre erst bei
vollständigem Verbrauch des Eigenkapitals gegeben.
Zu Frage 2:
Im Wirtschaftsjahr 2000 müssen hierfür rund 22 Mio DM aufgebracht werden. Da der Zinssatz schwankt, verändert sich auch die
Höhe der Aufwendungen.
Zu Frage 3:
Finanzspritzen der drei Gesellschafter der BBF sind nicht vorgesehen. Die Gesellschafter der BBF werden u. a. in 2000 die von
der BBF verauslagten Kosten für das laufende Privatisierungsverfahren erstatten. Der (Mit-)Gesellschafter Berlin hat bereits in
der letzten Woche seinen Anteil i.H.v. 7,46 Mio DM, wie seitens
der BBF erbeten, gezahlt. Das Land Brandenburg wird, genau wie
der Bund auch, in den nächsten Tagen seinen Anteil i. H. v.
7,46 Mio DM erbringen.
Zu Frage 4:
Nein.
Zu Frage 5:
Nein."
61,16514200000,165142,0,Beamte mit Parteibuch,165142_262fe90a2d163d6e325bae6136279eb9c16bb7f1.pdf,1,1,1207,187,https://fragdenstaat.de/dokumente/165142-beamte-mit-parteibuch/,https://media.frag-den-staat.de/files/docs/15/c9/ad/15c9ad18e0cd41c8930c7e015f62786e/262fe90a2d163d6e325bae6136279eb9c16bb7f1.pdf,,,15c9ad18-e0cd-41c8-930c-7e015f62786e,C:\Users\Admin\Desktop\OpenLens\Texte\165142_262fe90a2d163d6e325bae6136279eb9c16bb7f1.txt,C:\Users\Admin\Desktop\OpenLens\Bereinigte_Texte\165142_165142_262fe90a2d163d6e325bae6136279eb9c16bb7f1.txt,"Landtag Brandenburg
Drucksache 3/1496
3. Wahlperiode
Antwort
der Landesregierung
auf die Kleine Anfrage Nr. 526
des Abgeordneten Sigmar-Peter Schuldt
Fraktion der DVU
Drucksache 3/1302
""Beamte mit Parteibuch""
""Beamte mit Parteibuch""
(Kurzbezeichnung des Wortlautes der Kleinen Anfrage Nr. 526 vom
09.06.2000)
Wortlaut der Kleinen Anfrage Nr. 526 vom 09.06.2000:
Wie Presseberichten zu entnehmen ist, hat der CDU-Generalsekretär Thomas Lunacek geäußert, dass bislang ""zwei Dutzend"" Beamte
mit CDU-Parteibuch in Ministerien beschäftigt sind.
Ich frage die Landesregierung:
1.
Wie viele Beamte mit SPD-, CDU- und PDS- Parteibüchern sind
in den jeweiligen Ministerien beschäftigt (bitte genaue
Auflistung)?
2.
Wie viele Beamte in den jeweiligen Ministerien verfügen
über kein Parteibuch?
Namens der Landesregierung beantwortet der Chef der Staatskanzder Chef der Staatskanzlei die Kleine Anfrage wie folgt:
lei die Kleine Anfrage wie folgt:
zu den Fragen 1 und 2:
Die Mitgliedschaft von Beamten in politischen Parteien wird
nicht erfasst. Eine solche Erhebung ist im Hinblick auf die
Art. 11 Abs. 1, 21 Abs. 2 Satz 2 und 96 Abs. 3 Satz 1 BbgLV
unzulässig.
Datum des Eingangs: 19.07.2000 / Ausgegeben: 24.07.2000"
62,16518600000,165186,0,Abgereichertes Uran im Flugzeugbau,165186_3147dff1374286a28186d55e226baf368f66b10d.pdf,1,2,2158,289,https://fragdenstaat.de/dokumente/165186-abgereichertes-uran-im-flugzeugbau/,https://media.frag-den-staat.de/files/docs/cd/f1/1c/cdf11c20fc4b488b89f016ec68dbc936/3147dff1374286a28186d55e226baf368f66b10d.pdf,,,cdf11c20-fc4b-488b-89f0-16ec68dbc936,C:\Users\Admin\Desktop\OpenLens\Texte\165186_3147dff1374286a28186d55e226baf368f66b10d.txt,C:\Users\Admin\Desktop\OpenLens\Bereinigte_Texte\165186_165186_3147dff1374286a28186d55e226baf368f66b10d.txt,"Landtag Brandenburg
Drucksache 3/2845
3. Wahlperiode
Antwort
der Landesregierung
auf die Kleine Anfrage 1067
des Abgeordneten Werner Firneburg
Fraktion der DVU
Drucksache 3/2666
Wortlaut der Kleinen Anfrage 1067:
Abgereichertes Uran im Flugzeugbau
Abgereichertes Uran im Flugzeugbau
Wie Presseberichten zu entnehmen ist, wurde in den Flugzeugen
Boeing 747-100, 747-200, 747-SP, DC-10 und L-1011 Tristar abgereichertes Uran zur Trimmung verwandt.
Ich frage die Landesregierung:
1.
Hat die Landesregierung Kenntnis über den Einsatz von abgereichertem Uran in zivilen und militärischen Flugzeugen?
2.
Gibt es Erkenntnisse, ob in sowjetischen bzw. russischen
Flugzeugen ebenfalls Urangewichte eingebaut wurden?
3.
Welche Flughäfen werden von Flugzeugen mit Urangewichten
angeflogen? Ist es zutreffend, dass solche Flugzeuge keiner
besonderen Überwachung unterliegen?
4.
Wie beurteilt die Landesregierung die Gefährdung im Falle
eines Absturzes?
Namens
ns der Landesregierung beantwortet der Minister für Stadtentwicklung, Wohnen und Verkehr die Kleine Anfrage wie folgt:
entwicklung, Wohnen und Verkehr die Kleine Anfrage wie folgt:
Zu Frage 1:
Es ist allgemein bekannt, dass in der Vergangenheit abgereichertes Uran als Trimmgewicht im zivilen Flugzeugbau eingesetzt
wurde. In Deutschland sind derzeit noch acht zugelassene Flugzeuge vom Typ Boeing 747-200 davon betroffen. Über den Einsatz
in militärischen Flugzeugen liegen der Landesregierung keine
Informationen vor.
Datum des Eingangs: 23.05.2001 / Ausgegeben: 29.05.2001

Zu Frage 2:
Es ist nicht bekannt, welche ausländisch zugelassenen Luftfahrzeugmuster mit Uranausgleichsgewichten bestückt sind, da diese
keiner besonderen nationalen Überwachung unterliegen.
Zu Frage 3:
Flugzeuge mit einer gültigen Muster- bzw. Verkehrszulassung
dürfen grundsätzlich aufgrund internationaler Verträge an allen
Verkehrsflughäfen weltweit operieren. Flugbeschränkungen für
Flugzeuge mit Uranausgleichsgewichten sind nicht bekannt.
Zu Frage 4:
Nach Auffassung der Landesregierung ist eine zusätzliche Gefahr
für Mensch und Umwelt im Falle eines Absturzes durch den Einsatz
von Uranausgleichsgewichten nicht zu erwarten."
63,16520200000,165202,0,Kosten für die neuen Sicherheitsvorkehrungen am Landtag Brandenburg,165202_a96b6e5775e142891f81b3ec8468e2a0426e70c4.pdf,1,2,1593,234,https://fragdenstaat.de/dokumente/165202-kosten-fur-die-neuen-sicherheitsvorkehrungen-am-landtag-brandenburg/,https://media.frag-den-staat.de/files/docs/78/d6/01/78d60168af5c4fa69e73c9aa1e9791e2/a96b6e5775e142891f81b3ec8468e2a0426e70c4.pdf,,,78d60168-af5c-4fa6-9e73-c9aa1e9791e2,C:\Users\Admin\Desktop\OpenLens\Texte\165202_a96b6e5775e142891f81b3ec8468e2a0426e70c4.txt,C:\Users\Admin\Desktop\OpenLens\Bereinigte_Texte\165202_165202_a96b6e5775e142891f81b3ec8468e2a0426e70c4.txt,"Landtag Brandenburg
Drucksache 3/166
3. Wahlperiode
Antwort
der Landesregierung
auf die Kleine Anfrage Nr. 24
der Abgeordneten Dr. Dagmar Enkelmann
Fraktion der PDS
Drucksache 3/48
Kosten für die neuen Sicherheitsvorkehrungen am Landtag Brandenburg
burg
Wortlaut der Kleinen Anfrage Nr. 24 vom 20.10.1999:
Mit dem Einzug der DVU in den Brandenburger Landtag haben sich
für Abgeordnete, Mitarbeiterinnen und Mitarbeiter sowie Gäste
die Zugangsbedingungen zum Landtag verändert. Polizeikräfte,
Sicherheitsdienste, Schleusen etc. gehören neuerdings zum Bild
bei Landtagssitzungen.
Ich frage deshalb die Landesregierung:
1.
Wie hoch sind die damit entstandenen Kosten im Vergleich
zur letzten Legislaturperiode?
2.
Was kosten die Maßnahmen zur Sicherung des Traktes im Landtag, der nun von Abgeordneten der DVU belegt ist? Welche
Maßnahmen wurden im einzelnen ausgeführt?
3.
Wer soll mit den neuen Sicherheitsvorkehrungen vor wem
geschützt werden?
Datum des Eingangs: 18.11.1999 / Ausgegeben: 23.11.1999

Namens
ns der Landesregierung beantwortet der Minister des Innern
die Kleine Anfrage wie folgt:
die Kleine Anfrage wie folgt:
zu Frage 1:
Gemäß Art. 69 Abs. 4 der Verfassung des Landes Brandenburg übt
der Präsident des Landtages das Hausrecht und die Polizeigewalt
im Landtagsgebäude aus. Nach herrschender Auffassung erstrecken
sich diese Rechte auf das gesamte befriedete Gebiet des Landtages. Bei Anordnungen von Maßnahmen innerhalb dieses Bereiches
handelt es sich demnach nicht um Maßnahmen der Landesregierung.
zu Frage 2:
Siehe Antwort zu Frage 1.
zu Frage 3:
Siehe Antwort zu Frage 1."
64,16523200000,165232,0,Vietnamesische Staatsbürger in Brandenburg,165232_a504953355b6788db3296d1b96762d34beecbc62.pdf,1,2,1779,239,https://fragdenstaat.de/dokumente/165232-vietnamesische-staatsburger-in-brandenburg/,https://media.frag-den-staat.de/files/docs/00/76/c9/0076c9c633794903a1bf6ba2585b1a24/a504953355b6788db3296d1b96762d34beecbc62.pdf,,,0076c9c6-3379-4903-a1bf-6ba2585b1a24,C:\Users\Admin\Desktop\OpenLens\Texte\165232_a504953355b6788db3296d1b96762d34beecbc62.txt,C:\Users\Admin\Desktop\OpenLens\Bereinigte_Texte\165232_165232_a504953355b6788db3296d1b96762d34beecbc62.txt,"Landtag Brandenburg
Drucksache 3/1120
3. Wahlperiode
Antwort
der Landesregierung
auf die Kleine Anfrage Nr. 423
des Abgeordneten Werner Firneburg
Fraktion der DVU
Drucksache 3/977
Vietnamesische Staatsbürger in Brandenburg
Vietnamesische Staatsbürger in Brandenburg
Wortlaut der Kleinen Anfrage Nr. 423 vom 11.04.2000:
Ich frage die Landesregierung:
1.
Wie viele vietnamesische Staatsbürger leben zur Zeit im
Land Brandenburg?
2.
Wie viele dieser Vietnamesen haben
a) eine befristete oder unbefristete Aufenthaltserlaubnis,
b) besitzen eine Aufenthaltsberechtigung,
c) sind als Asylberechtigte anerkannt?
3.
Wie viele dieser Vietnamesen dürfen nicht abgeschoben werden, weil Abschiebungshindernisse vorliegen, wie viele
werden im Land Brandenburg geduldet, wie viele sind vollziehbar ausreisepflichtig?
Namens
ns der Landesregierung beantwortet der Minister des Innern
die Kleine Anfrage wie folgt:
die Kleine Anfrage wie folgt:
Zu Frage 1:
Im Land Brandenburg waren laut AZR-Statistik vom 31.12.1999
5 875 vietnamesische Staatsangehörige aufhältig.
Datum des Eingangs: 12.05.2000 / Ausgegeben: 17.05.2000

Zu Frage 2:
Von diesen vietnamesischen Staatsangehörigen waren
a)
2 294 Personen im Besitz einer befristeten oder unbefristeten Aufenthaltserlaubnis,
b)
96 Personen im Besitz einer Aufenthaltsberechtigung,
c)
6 Personen als Asylberechtigte
anerkannt.
Zu Frage 3:
Über die Anzahl der vietnamesischen Staatsangehörigen, die wegen
des Vorliegens von Abschiebungshindernissen nicht abgeschoben
werden können, sind keine Angaben möglich, da hierüber keine
Statistiken geführt werden. Ebenso gibt es keine Statistiken
über vollziehbar ausreisepflichtige vietnamesische Staatsangehörige. Im Besitz einer Duldung waren mit Stichtag 31.12.1999 laut
AZR-Statistik 1 683 Vietnamesen."
65,16526800000,165268,0,Radweg entlang der B 109 zwischen Wandlitz und Klosterfelde,165268_d07707fcf89237eeb7d7363d201f501951d9286d.pdf,1,2,1682,249,https://fragdenstaat.de/dokumente/165268-radweg-entlang-der-b-109-zwischen-wandlitz-und-klosterfelde/,https://media.frag-den-staat.de/files/docs/a2/b4/12/a2b412caf5a04288a9f81c34de10adb1/d07707fcf89237eeb7d7363d201f501951d9286d.pdf,,,a2b412ca-f5a0-4288-a9f8-1c34de10adb1,C:\Users\Admin\Desktop\OpenLens\Texte\165268_d07707fcf89237eeb7d7363d201f501951d9286d.txt,C:\Users\Admin\Desktop\OpenLens\Bereinigte_Texte\165268_165268_d07707fcf89237eeb7d7363d201f501951d9286d.txt,"Landtag Brandenburg
Drucksache 3/3199
3. Wahlperiode
Antwort
der Landesregierung
auf die Kleine Anfrage 1233
des Abgeordneten Reinhold Dellmann
Fraktion der SPD
Drucksache 3/3136
Wortlaut der Kleinen Anfrage 1233:
Radweg entlang der B 109 zwischen Wandlitz und Klosterfelde
Seit ca. drei Jahren setzt sich eine Bürgerinitiative für einen Radweg entlang der B 109 ein,
der die zwischen Wandlitz und Klosterfelde gelegene Heyert-Siedlung mit beiden Orten verbinden soll. In den letzten Monaten wurde ein Radweg zwischen Klosterfelde und dem
Ortsteil Heyert-Siedlung gebaut.
Die von den Bürgern geforderte Verbindung nach Wandlitz wurde noch nicht errichtet.
Ich frage die Landesregierung:
1.
Wird der Radweg entlang der B 109 auch noch für die Strecke von der Heyert-
Siedlung nach Wandlitz gebaut?
2.
Liegt für diese Strecke bereits eine Planung vor?
3.
Zu welchem Termin soll eine Fertigstellung des Radweges erfolgen?
Namens der Landesregierung beantwortet der Minister für Stadtentwicklung, Wohnen
und Verkehr die Kleine Anfrage wie folgt:
Zu Frage 1:
Ja.
Datum des Eingangs: 22.08.2001 / Ausgegeben: 28.08.2001

Zu Frage 2:
Mit der Planung wurde in diesem Jahr begonnen.
Zu Frage 3:
In der Bedarfsliste für Radwege an Bundesstraßen im Land Brandenburg ist der Radwegabschnitt Wandlitz bis Heyert-Siedlung an 93. Stelle (von 503) eingeordnet.
Für das zuständige Straßenbauamt Strausberg enthält die Bedarfsliste 101 Radwege-Vorhaben, der angesprochene Abschnitt befindet sich an 26. Stelle.
Unter der Voraussetzung, dass die Planung wie vorgesehen abgeschlossen werden kann und
die erforderlichen Haushaltsmittel zur Verfügung stehen, könnte der Radweg 2004 fertiggestellt werden."
66,16529100000,165291,0,Vollzugskrankenhäuser,165291_32f04f387327d14eb7a4937eb412ef22a99a79b6.pdf,1,2,2323,318,https://fragdenstaat.de/dokumente/165291-vollzugskrankenhauser/,https://media.frag-den-staat.de/files/docs/7c/46/fd/7c46fd40ef354020b668b6642ae98b59/32f04f387327d14eb7a4937eb412ef22a99a79b6.pdf,,,7c46fd40-ef35-4020-b668-b6642ae98b59,C:\Users\Admin\Desktop\OpenLens\Texte\165291_32f04f387327d14eb7a4937eb412ef22a99a79b6.txt,C:\Users\Admin\Desktop\OpenLens\Bereinigte_Texte\165291_165291_32f04f387327d14eb7a4937eb412ef22a99a79b6.txt,"Landtag Brandenburg
Drucksache 3/1322
3. Wahlperiode
Antwort
der Landesregierung
auf die Kleine Anfrage 478
des Abgeordneten Sigmar-Peter Schuldt
Fraktion der DVU
Landtagsdrucksache 3/1147
Vollzugskrankenhäuser
Vollzugskrankenhäuser
Wortlaut der Kleinen Anfrage 478 vom 16. Mai 2000:
Ich frage die Landesregierung:
1.
Gibt es im Land Brandenburg stationäre medizinische Versorgungseinrichtungen speziell für Gefangene? Wenn ja, seit
wann und wo?
2.
Welche chirurgischen Eingriffe werden in den Vollzugskrankenhäusern durchgeführt?
3.
Wie viele Ärzte stehen in den Vollzugskrankenhäusern zur
Verfügung?
4.
Wie viele Gefangene wurden in den Vollzugskrankenhäusern
1997, 1998 und 1999 behandelt?
5.
Verfügen die Vollzugskrankenhäuser über erfahrene OP-Schwestern und -Pfleger?
6.
Welche chirurgischen Eingriffe können in den Vollzugskrankenhäusern vorgenommen werden?
7.
In wie vielen Fällen mussten 1997, 1998 und 1999 Gefangene
in Krankenhäuser oder chirurgische Praxen zum Zweck eines
medizinischen Eingriffs ausgeführt werden?
Datum des Eingangs: 15.06.2000 / Ausgegeben: 20.06.2000

Namens
ns der Landesregierung beantwortet der Minister der Justiz
und für Europaangelegenheiten die Kleine Anfrage wie folgt:
und für Europaangelegenheiten die Kleine Anfrage wie folgt:
Zu Frage 1:
Im Land Brandenburg gibt es keine einem Krankenhaus entsprechende stationäre medizinische Versorgungseinrichtung für Gefangene.
In der Justizvollzugsanstalt Brandenburg an der Havel wurde am
3. Januar 1993 eine Bettenabteilung mit 24 Betten wiedereröffnet. Nach dem Dachstuhlbrand im November 1997 erfolgte eine
provisorische Unterbringung von 16 Betten in einem anderen Haftbereich. Mit der Planung für die Sanierung der Krankenabteilung
ist inzwischen begonnen worden.
Durch die personelle und sächliche Ausstattung entspricht die
Bettenabteilung einer Pflegestation mit ambulanten ärztlichen
Behandlungsmöglichkeiten.
Zu Frage 2:
Das Land Brandenburg verfügt über kein Vollzugskrankenhaus.
Zu Frage 3:
Entfällt aus den Gründen zu 2.
Zu Frage 4:
Entfällt aus den Gründen zu 2.
Zu Frage 5:
Entfällt aus den Gründen zu 2.
Zu Frage 6:
Entfällt aus den Gründen zu 2.
Zu Frage 7:
Zum Zwecke eines medizinischen Eingriffs wurden

105 Gefangene

125 Gefangene und

117 Gefangene
in Krankenhäuser oder chirurgische Praxen ausgeführt bzw. verlegt."
67,16531100000,165311,0,Ladenschlussgesetz,165311_ab5b795d634f6d9762c5cd561d25eccac1c236c7.pdf,1,2,2067,269,https://fragdenstaat.de/dokumente/165311-ladenschlussgesetz/,https://media.frag-den-staat.de/files/docs/d1/c7/a3/d1c7a34861594cf8ba978cf96284c58f/ab5b795d634f6d9762c5cd561d25eccac1c236c7.pdf,,,d1c7a348-6159-4cf8-ba97-8cf96284c58f,C:\Users\Admin\Desktop\OpenLens\Texte\165311_ab5b795d634f6d9762c5cd561d25eccac1c236c7.txt,C:\Users\Admin\Desktop\OpenLens\Bereinigte_Texte\165311_165311_ab5b795d634f6d9762c5cd561d25eccac1c236c7.txt,"Landtag Brandenburg
Drucksache 3/1107
3. Wahlperiode
Antwort
der Landesregierung
auf die Kleine Anfrage Nr. 401
der Abgeordneten Dr. Dagmar Enkelmann
Fraktion der PDS
Landtagsdrucksache 3/942
Ladenschlussgesetz
Ladenschlussgesetz
Wortlaut der Kleinen Anfrage Nr. 401 vom 07.04.2000:
Einer neuen Regelung entsprechend sind die Städte und Gemeinden
des Landes aufgefordert, Anträge auf Freigabe von Sonnabenden,
Sonn- und Feiertagen zur zusätzlichen Öffnung von Verkaufsstellen an die Verwaltung des Landkreises zu übergeben. Die Entscheidung über die Anträge fällt dann in einer Sitzung des
Kreistages.
Ich frage die Landesregierung:
1.
Aus welchen Gründen wurde das bisherige Verfahren, wonach
die Entscheidungskompetenz den Gemeinden auf der Grundlage
des geltenden Ladenschlussgesetzes übertragen war, geändert?
2.
In wie vielen Fällen wurde von Gemeinden die ihr übertragene Entscheidungskompetenz missbraucht?
3.
Schließt die Landesregierung mit der Neuregelung künftigen
Missbrauch aus?
Datum des Eingangs: 10.05.2000 / Ausgegeben: 15.05.2000

Namens der Landesregierung beantwortet der Minister für Arbeit,
der Minister für Arbeit,
Soziales, Gesundheit und Frauen die Kleine Anfrage wie folgt:
Soziales, Gesundheit und Frauen die Kleine Anfrage wie folgt:
Zu Frage 1:
Die Verlagerung der Zuständigkeiten zur Bewilligung abweichender
und zusätzlicher Öffnungszeiten von den örtlichen Ordnungsbehörden auf die Kreisordnungsbehörden war notwendig geworden, weil
örtliche Ordnungsbehörden die Vorschriften zur Freigabe verkaufsoffener Samstage und Sonntage unterschiedlich ausgelegt und
nicht für die Anwendung geltender Ladenschlussbestimmungen Sorge
getragen haben. 
Zu Frage 2:
Eine Statistik über Missbrauchsfälle wird nicht geführt. Für die
Erstellung dieser Statistik würde ein Verwaltungsaufwand entstehen, der auf Grund der personellen Situation in der fachaufsichtsführenden Landesverwaltung nicht zu rechtfertigen wäre.
Zu Frage 3:
Ja. Die Landesregierung geht davon aus, dass die Verwaltungen
der Landkreise das Ladenschlussgesetz ordnungsgemäß anwenden."
68,16547600000,165476,0,Beteiligungen von Mitgliedern Brandenburger Antifa-Gruppen an den gewalttätigen Krawallen anläßlich des Treffens der europäischen Staats- und Regierungschefs in Göteborg,165476_836b9580ae9ac01521a16cf2bd82283898b2e8d9.pdf,1,2,2245,300,https://fragdenstaat.de/dokumente/165476-beteiligungen-von-mitgliedern-brandenburger-antifa-gruppen-an-den-gewalttatigen-krawallen-anlalich-des-treffens-der-europaischen-staats-und-regierungschefs-in-goteborg/,https://media.frag-den-staat.de/files/docs/73/a7/6a/73a76a73029f4ec688af7c4a91c66edd/836b9580ae9ac01521a16cf2bd82283898b2e8d9.pdf,,,73a76a73-029f-4ec6-88af-7c4a91c66edd,C:\Users\Admin\Desktop\OpenLens\Texte\165476_836b9580ae9ac01521a16cf2bd82283898b2e8d9.txt,C:\Users\Admin\Desktop\OpenLens\Bereinigte_Texte\165476_165476_836b9580ae9ac01521a16cf2bd82283898b2e8d9.txt,"Landtag Brandenburg
Drucksache 3/3171
3. Wahlperiode
Antwort
der Landesregierung
auf die Kleine Anfrage Nr. 1203
der Abgeordneten Birgit Fechner
Fraktion der DVU
Drucksache 3/3075
Beteiligung von Mitgliedern Brandenburger Antifa - Gruppen an den gewalttätigen
Krawallen anlässlich des Treffens der europäischen Staats- und Regierungschefs in
Göteborg
Wortlaut der Kleinen Anfrage Nr. 1203 vom 20.07.2001:
Nach Pressemeldungen sollen sich in der Kreisgeschäftsstelle der PDS in Königs Wusterhausen Mitglieder von Antifa - Gruppen getroffen haben, um Vorbereitungen ihrer geplanten
Reise in das schwedische Göteborg sowie Planungen bezüglich gewaltsamer Proteste gegen
das Treffen der Europäischen Staats- und Regierungschefs abzusprechen.
Ich frage die Landesregierung:
1.
Welche Erkenntnisse hat die Landesregierung darüber, ob zu den Geschäftsstellen
oder anderen Räumlichkeiten von im Landtag vertretenen Parteien bzw. deren Fraktionen Personen Zutritt haben, die nachweislich gewalttätige Aktionen begangen bzw.
geplant haben?
2.
Seit wann liegen der Landesregierung Erkenntnisse über die Zusammenarbeit der PDS
mit bzw. ihrer Unterstützung für gewaltbereite Gruppierungen in Brandenburg vor?
3.
Wie gestaltet sich nach Erkenntnissen der Landesregierung die Zusammenarbeit
zwischen der PDS oder anderen Parteien in Brandenburg mit bzw. deren Unterstützung für gewaltbereite Gruppierungen in Brandenburg?
4.
Wird die Landesregierung zu der in der Vorbemerkung genannten Sachverhalt Ermittlungen einleiten, bzw., wenn nein, warum nicht?
5.
Welche Erkenntnisse hat die Landesregierung über Querverbindungen zwischen der
PDS-Jugendorganisation Solid sowie Antifa-Gruppen und Autonomen?
Datum des Eingangs: 16.08.2001 / Ausgegeben: 21.08.2001

Namens der Landesregierung beantwortet der Minister des Innern die Kleine Anfrage
wie folgt:
zu Fragen 1 bis 5:
Wie Ihnen bereits bei der Beantwortung der mündlichen Anfrage Nr. 826 mitgeteilt wurde,
liegen der Landesregierung zu den angefragten und von den Medien berichteten Vorbereitungshandlungen von Antifa-Gruppen in der Kreisgeschäftsstelle der PDS in Königs Wusterhausen keine eigenen Erkenntnisse vor. 
Auch darüber hinaus liegen der Landesregierung keine Erkenntnisse im Sinne der Anfrage
vor."
69,16551300000,165513,0,Verein zur Förderung der politischen Jugend,165513_47e22301eb0db40824a6eafc43237bd62a94e65b.pdf,1,2,1794,260,https://fragdenstaat.de/dokumente/165513-verein-zur-forderung-der-politischen-jugend/,https://media.frag-den-staat.de/files/docs/f2/76/84/f276847b59bf4f93af84c4dc75522cb2/47e22301eb0db40824a6eafc43237bd62a94e65b.pdf,,,f276847b-59bf-4f93-af84-c4dc75522cb2,C:\Users\Admin\Desktop\OpenLens\Texte\165513_47e22301eb0db40824a6eafc43237bd62a94e65b.txt,C:\Users\Admin\Desktop\OpenLens\Bereinigte_Texte\165513_165513_47e22301eb0db40824a6eafc43237bd62a94e65b.txt,"Landtag Brandenburg
Drucksache 3/2424
3. Wahlperiode
Neudruck
Antwort
der Landesregierung
auf die Kleine Anfrage 922
des Abgeordneten Ingo Senftleben
Fraktion der CDU
Drucksache 3/2306
Verein zur Förderung der politischen Jugend
Verein zur Förderung der politischen Jugend
Wortlauf der Kleinen Anfrage 922 vom 18.01.2001:
Im Land Brandenburg erhält der Verein zur Förderung der politischen Jugend, in dem mehrere Jugendorganisationen der Parteien
zusammengeschlossen sind, über die Landeszentrale für politische
Bildung finanzielle Unterstützung. Im Jahr 1998 erhielt der
Verein ca. 91.000 DM und im Jahr 1999 ca. 65.000 DM.
Ich frage die Landesregierung:
1.
In welcher Höhe wurde der Verein zur Förderung der politischen Jugend im Jahr 2000 finanziell gefördert?
2.
Welche Jugendorganisationen erhielten in den Jahren 1998,
1999 und 2000 finanzielle Unterstützung und welche Projekte
wurden damit durchgeführt (genaue Auflistung nach Organisation)?
Namens der Landesregierung beantwortet der Minister für Bildung,
Jugend und Sport die Kleine Anfrage wie folgt:
Jugend und Sport die Kleine Anfrage wie folgt:
Zu Frage 1:
Der Verein zur Förderung der politischen Jugend hat im Jahr 2000
keine Förderung durch die Landeszentrale für politische Bildung
erhalten.
Datum des Eingangs: 21.02.2001 / Ausgegeben: 07.03.2001

Zu Frage 2:
Auf der Grundlage vorliegender Anträge wurden folgende Jugendorganisationen und Projekte gefördert:
Der Verein ""Junge Liberale Brandenburg e.V."" als Jugendorganisation der Freien Demokratischen Partei (FDP) erhielt über die
Landeszentrale
im Jahr 1998
11.015,00 DM 
Thema:
""Förderung des politischen Engagements von Jugendlichen; landesprogrammatisches Wochenende""
im Jahr 2000 
12.831,00 DM
Thema:
""Auf ewig am Tropf des Westens? -
Perspektiven für den Aufbau Ost"""
70,16561300000,165613,0,"""Neuruppiner Eildienstrichter-Affäre"" I",165613_464b495df5eaf45bd840c8ef7c20ac430c90ed57.pdf,1,1,1233,164,https://fragdenstaat.de/dokumente/165613-neuruppiner-eildienstrichter-affare-i/,https://media.frag-den-staat.de/files/docs/75/5e/6d/755e6daf3c0f41e3be049340bd4f1d6b/464b495df5eaf45bd840c8ef7c20ac430c90ed57.pdf,,,755e6daf-3c0f-41e3-be04-9340bd4f1d6b,C:\Users\Admin\Desktop\OpenLens\Texte\165613_464b495df5eaf45bd840c8ef7c20ac430c90ed57.txt,C:\Users\Admin\Desktop\OpenLens\Bereinigte_Texte\165613_165613_464b495df5eaf45bd840c8ef7c20ac430c90ed57.txt,"Landtag Brandenburg
Drucksache 3/3102
3. Wahlperiode
Antwort
der Landesregierung
auf die Kleine Anfrage 1177
des Abgeordneten Stefan Sarrach
Fraktion der PDS
Drucksache 3/3031
""Neuruppiner Eildienstrichter-Affäre I""
""Neuruppiner Eildienstrichter-Affäre I""
Wortlaut der Kleinen Anfrage Nr. 1177 vom 04. Juli 2001:
Ich frage die Landesregierung:
Kam es im Zusammenhang mit der ""Eildienstrichter-Affäre"" am
Amtsgericht Neuruppin zu disziplinarischen bzw. quasi-disziplinarischen Maßnahmen gegenüber Beschäftigten des nichtrichterlichen Personals (beispielsweise in Form von Nichtbeförderung oder
Beförderungsverzögerungen)?
Namens
ns der Landesregierung beantwortet der Minister der Justiz
und für Europaangelegenheiten die Kleine Anfrage wie folgt:
und für Europaangelegenheiten die Kleine Anfrage wie folgt:
Im Zusammenhang mit der genannten Angelegenheit kam es zu keinen
disziplinarischen Maßnahmen. Bei einer Person führte die Art und
Weise sowie die Form einer Stellungnahme, die sie abgegeben hatte, im Rahmen einer Beförderungsvorlage zu einer Rückfrage des
Ministers. Dies und ein Urlaub der betroffenen Person verursachten die Verzögerung der Beförderung um einige Tage.
Datum des Eingangs: 01.08.2001 / Ausgegeben: 06.08.2001"
71,16563800000,165638,0,"Insolvenzverfahren der Firma ""Deutsche Phonesat""",165638_ebb9d21551b1d6fc24458131e1041815b67d50bb.pdf,1,2,1610,210,https://fragdenstaat.de/dokumente/165638-insolvenzverfahren-der-firma-deutsche-phonesat/,https://media.frag-den-staat.de/files/docs/cb/7d/05/cb7d05d11c104d99ab794bca2fb9f0da/ebb9d21551b1d6fc24458131e1041815b67d50bb.pdf,,,cb7d05d1-1c10-4d99-ab79-4bca2fb9f0da,C:\Users\Admin\Desktop\OpenLens\Texte\165638_ebb9d21551b1d6fc24458131e1041815b67d50bb.txt,C:\Users\Admin\Desktop\OpenLens\Bereinigte_Texte\165638_165638_ebb9d21551b1d6fc24458131e1041815b67d50bb.txt,"Landtag Brandenburg
Drucksache 3/3169
3. Wahlperiode
Antwort
der Landesregierung
auf die Kleine Anfrage Nr. 1207
der Abgeordneten Birgit Fechner
Fraktion der DVU
Drucksache 3/3079
Insolvenzverfahren der Firma ""Deutsche Phonesat""
Wortlaut der Kleinen Anfrage Nr. 1207 vom 20.07.2001:
Der Vorstandschef des insolventen Brandenburg Hochtechnologie-Unternehmens ""Deutsche
Phonesat"" warf dem Wirtschaftsministerium des Landes erhebliche Mitverantwortung für die
Einleitung des Insolvenzverfahrens vor.
Gegenüber der ""Berliner Morgenpost"" erklärte der Vorstandschef, das Wirtschaftsministerium
habe Zusagen für Liquiditätshilfen nicht eingehalten. 
Ein Sprecher des Ministeriums verwahrte sich gegen diese Darstellung.
Ich frage die Landesregierung:
1.
Wurden seitens der Landesregierung fest zugesagte Liquiditätshilfen für das in der
Vorbemerkung genannte Unternehmen nicht eingehalten?
2.
Wenn ja, aus welchen Gründen wurden die unter 1. genannten Zusagen auf Liquiditätshilfen nicht eingehalten?
3.
War die unter 1. und 2. genannte Nichteinhaltung von Liquiditätshilfezusagen mitverantwortlich für die nachfolgende Insolvenz der in der Vorbemerkung genannten
Firma?
4.
Welche Maßnahmen will die Landesregierung ergreifen, um in Zukunft feste Zusagen
auf Liquiditätshilfen oder sonstige Fördermittel auch einzuhalten?
Datum des Eingangs: 16.08.2001 / Ausgegeben: 21.08.2001

Namens der Landesregierung beantwortet der Minister für Wirtschaft die Kleine
Anfrage wie folgt:
zu Frage 1:
Es gab keine festzugesagten Liquiditätshilfen der Landesregierung.
zu Frage 2:
entfällt
zu Frage 3:
entfällt
zu Frage 4:
entfällt"
72,16563900000,165639,0,Zertifizierung der Landesforste nach dem PEFC-System,165639_d83f550a9f370b3b27edc16c48536605e314f120.pdf,1,2,1906,261,https://fragdenstaat.de/dokumente/165639-zertifizierung-der-landesforste-nach-dem-pefc-system/,https://media.frag-den-staat.de/files/docs/1c/cf/6a/1ccf6a34d3924118a0abb8e9e4dde274/d83f550a9f370b3b27edc16c48536605e314f120.pdf,,,1ccf6a34-d392-4118-a0ab-b8e9e4dde274,C:\Users\Admin\Desktop\OpenLens\Texte\165639_d83f550a9f370b3b27edc16c48536605e314f120.txt,C:\Users\Admin\Desktop\OpenLens\Bereinigte_Texte\165639_165639_d83f550a9f370b3b27edc16c48536605e314f120.txt,"Landtag Brandenburg
Drucksache 3/2484
3. Wahlperiode
Antwort
der Landesregierung
auf die Kleine Anfrage Nr. 932
des Abgeordneten Michael Claus
Fraktion der DVU
Drucksache 3/2332
Zertifizierung nach dem PEFC-System
Zertifizierung nach dem PEFC-System
Wortlaut der Kleinen Anfrage Nr. 932 vom 24.01.2001:
Wie Pressemeldungen zu entnehmen ist, sollen nach der Entscheidung des brandenburgischen Landwirtschaftsministers Birthler die
dem Land gehörenden Forste nach dem sogenannten PEFC-System
zertifiziert werden.
Dies wurde von den Umweltverbänden und der Gewerkschaft Bau-
Agrar-Umwelt (IG BAU) kritisiert, welche sich für eine Zertifizierung nach dem sogenannten FSC-System einsetzt.
Ich frage die Landesregierung:
1.
Aus welchen Gründen entschied sich die Landesregierung
dafür, die dem Land gehörenden Forste nach dem sogenannten
PEFC-System zertifizieren zu lassen und nicht nach dem
sogenannten FSC-System (bitte detaillierte Aufschlüsselung
der Gründe)?
2.
Welche Vor- bzw. Nachteile haben die unter 1. genannten
beiden Zertifizierungssysteme nach Erkenntnissen der Landesregierung jeweils gegenüber dem anderen System?
Datum des Eingangs: 01.03.2001 / Ausgegeben: 06.03.2001

Namens der Landesregierung beantwortet der Minister für Landwirtschaft, Umweltschutz und Raumordnung die Kleine Anfrage wie
g die Kleine Anfrage wie
folgt:
folgt:
zu Frage 1:
Die Landesregierung hat noch keine endgültige Entscheidung getroffen. Das soll erst nach Bestätigung des eingereichten Regionalberichtes als Grundlage einer Pan Europäischen Forstzertifizierung (PEFC) und der Auswertung der Erkenntnisse des laufenden
Modellversuches in der Uckermark nach dem System des Forest
Stewardship Council (FSC) voraussichtlich im 1. Halbjahr 2001
erfolgen.
zu Frage 2:
Vor- und Nachteile können erst nach Vorlage der jeweiligen Erkenntnisse aus den verschiedenen Zertifizierungsansätzen PEFC
und FSC exakt definiert werden."
73,16566300000,165663,0,Vorbeugegewahrsam,165663_b2e976af7c6eee6bd3676f10c8409a0ec7b70355.pdf,1,2,1983,275,https://fragdenstaat.de/dokumente/165663-vorbeugegewahrsam/,https://media.frag-den-staat.de/files/docs/62/78/dd/6278dd2b70ac41d5b440688e73fa6b5c/b2e976af7c6eee6bd3676f10c8409a0ec7b70355.pdf,,,6278dd2b-70ac-41d5-b440-688e73fa6b5c,C:\Users\Admin\Desktop\OpenLens\Texte\165663_b2e976af7c6eee6bd3676f10c8409a0ec7b70355.txt,C:\Users\Admin\Desktop\OpenLens\Bereinigte_Texte\165663_165663_b2e976af7c6eee6bd3676f10c8409a0ec7b70355.txt,"Landtag Brandenburg
Drucksache 3/1493
3. Wahlperiode
Antwort
der Landesregierung
auf die Kleine Anfrage Nr. 540
des Abgeordneten Sigmar-Peter Schuldt
Fraktion der DVU
Drucksache 3/1358
Vorbeugegewahrsam
Vorbeugegewahrsam
Wortlaut der Kleinen Anfrage Nr. 540 vom 20.06.2000:
Im freiheitlichen demokratischen Rechtsstaat haben die Grundrechte oberste Priorität. Einschränkungen der persönlichen Freiheit müssen auf einer gesetzliche Grundlage beruhen und bedürfen
einer richterlichen Entscheidung. Wie Presseberichten zu entnehmen ist, wurde kürzlich eine 22-jährige Potsdamerin grundlos in
Vorbeugegewahrsam genommen.
Ich frage die Landesregierung:
1.
Was waren die Gründe dafür, dass die Polizei von der Vorschrift des § 17 Landespolizeigesetz Gebrauch gemacht hat?
2.
Warum wurde die Betroffene nicht nach Feststellung ihrer
Personalien umgehend entlassen?
Namens
ns der Landesregierung beantwortet der Minister des Innern
die Kleine Anfrage wie folgt:
die Kleine Anfrage wie folgt:
Auf der Grundlage der in der Kleinen Anfrage mitgeteilten Angaben war eine personelle Zuordnung zu polizeilichen Maßnahmen
nicht mit Sicherheit möglich. Sollte jedoch mit der ""22-jährigen
Potsdamerin"" die in einem Pressebericht genannte Jeanette L.
gemeint sein, ergibt sich Folgendes:
Datum des Eingangs: 17.07.2000 / Ausgegeben: 24.07.2000

zu Frage 1:
Jeanette L. wurde am 04. 06. 2000 an der Wilhelmgalerie wegen
des Verdachtes des Landfriedensbruchs vorläufig festgenommen.
Nach § 17 Abs. 1 Polizeigesetz kann die Polizei eine Person u.a.
in Gewahrsam nehmen, wenn dies unerlässlich ist, um die unmittelbar bevorstehende Begehung oder Fortsetzung einer Straftat zu
verhindern oder um eine Platzverweisung durchzusetzen. Aufgrund
der Gefahrenprognose lagen die gesetzlichen Voraussetzungen in
Bezug auf Jeanette L. - auch ausweislich der späteren amtsgerichtlichen Anordnung der Ingewahrsamnahme vom 05.06.2000 - vor.
zu Frage 2:
Die Antwort hierzu ergibt sich aus den Feststellungen zu Frage 1."
74,16574300000,165743,0,Mehrfachidentitäten,165743_8c44ff1f640b4ba8dbf2becc1f0e72826e9811f2.pdf,1,1,1557,211,https://fragdenstaat.de/dokumente/165743-mehrfachidentitaten/,https://media.frag-den-staat.de/files/docs/47/ab/08/47ab0858649f4cc194805aef8bd7f339/8c44ff1f640b4ba8dbf2becc1f0e72826e9811f2.pdf,,,47ab0858-649f-4cc1-9480-5aef8bd7f339,C:\Users\Admin\Desktop\OpenLens\Texte\165743_8c44ff1f640b4ba8dbf2becc1f0e72826e9811f2.txt,C:\Users\Admin\Desktop\OpenLens\Bereinigte_Texte\165743_165743_8c44ff1f640b4ba8dbf2becc1f0e72826e9811f2.txt,"Landtag Brandenburg
Drucksache 3/3549
3. Wahlperiode
Antwort
der Landesregierung
auf die Kleine Anfrage Nr. 1323
der Abgeordneten Birgit Fechner
Fraktion der DVU
Drucksache 3/3398
Mehrfachidentitäten
Mehrfachidentitäten
Wortlaut der Kleinen Anfrage Nr. 1323 vom 15.10.2001:
In meiner Kleinen Anfrage Nr. 1068 fragte ich u.a. die Landesregierung:
Wie viele Fälle von Mehfachidentiäten
a) bei Asylbewerbern
b) bei anderen Ausländern
wurden jeweils in den Jahren seit 1991 festgestellt?
(Bitte auch angeben, wie oft jeweils Mehrfachidentitäten festgestellt wurden!)
Daraufhin antwortete die Landesregierung (DS 3/2836):
Die Frage kann nicht beantwortet werden, weil eine entsprechende
statistische Erfassung nicht erfolgt.
Ich frage die Landesregierung:
Welche Erkenntnisse oder welches Zahlenmaterial B auch nicht
statistisch erfasstes B über Mehrfachidentitäten von Asylbewerbern und anderen Ausländern liegen der Landesregierung neben den
im Bericht der `Arbeitsgruppe AsylbetrugA vom 23.03.1994 genannten (6.951 Fälle von Mehrfachidentitäten, davon 34 Achtfachidentitäten, 67 Siebenfachidentitäten, 154 Sechsfachidentitäten
u.s.w.) noch vor?
Namens
ns der Landesregierung beantwortet der Minister des Innern
die Kleine Anfrage wie folgt:
die Kleine Anfrage wie folgt:
Der Landesregierung liegen neben dem Bericht der ""Arbeitsgruppe
Asylbetrug"" vom 23.03.1994 keine weiteren Erkenntnisse und auch
kein anderweitiges Zahlenmaterial über Mehrfachidentitäten von
Asylbewerbern und anderen Ausländern vor.
Datum des Eingangs: 15.11.2001 / Ausgegeben: 20.11.2001"
75,16577700000,165777,0,Hausbesetzungen durch linke autonome Gruppen,165777_5c24b86e24f54196dcdff3466629b45f175d7d74.pdf,1,2,2127,292,https://fragdenstaat.de/dokumente/165777-hausbesetzungen-durch-linke-autonome-gruppen/,https://media.frag-den-staat.de/files/docs/1c/67/5b/1c675bb4aeb84f538c0e7cd265cc6212/5c24b86e24f54196dcdff3466629b45f175d7d74.pdf,,,1c675bb4-aeb8-4f53-8c0e-7cd265cc6212,C:\Users\Admin\Desktop\OpenLens\Texte\165777_5c24b86e24f54196dcdff3466629b45f175d7d74.txt,C:\Users\Admin\Desktop\OpenLens\Bereinigte_Texte\165777_165777_5c24b86e24f54196dcdff3466629b45f175d7d74.txt,"Landtag Brandenburg
Drucksache 3/1529
3. Wahlperiode
Antwort
der Landesregierung
auf die Kleine Anfrage Nr. 543
des Abgeordneten Werner Firneburg
Fraktion der DVU
Drucksache 3/1361
Hausbesetzungen durch linke autonome Gruppen
Hausbesetzungen durch linke autonome Gruppen
Wortlaut der Kleinen Anfrage Nr. 543 vom 20.06.2000:
Ich frage die Landesregierung:
1.
Wie viele Hausbesetzungen durch linke autonome Gruppen gibt
es zur Zeit wo im Land Brandenburg nach den Erkenntnissen
der Landesregierung?
2.
Wie viele Hausbesetzer sind daran beteiligt?
3.
Wie viele dieser Hausbesetzungen wurden bisher von den
entsprechenden Kommunen mittels Verträge legalisiert?
4.
Welche vertragsrechtlichen Strukturen liegen dabei zugrunde, und wer sind die Vertragsbeteiligten?
Wurden von den Kommunen normale Vergleichsmieten, ermäßigte
Mieten oder gar keine Mieten gefordert?
Wer kommt für anfallende Nebenkosten (z.B. Energie, Wasser,
Müllentsorgung), Sanierungs- und Erhaltungskosten auf?
5.
Wieviel Hausbesetzungen sind der Landesregierung seit 1991
bekannt geworden?
Datum des Eingangs: 26.07.2000 / Ausgegeben: 31.07.2000

Namens
ns der Landesregierung beantwortet der Minister des Innern
die Kleine Anfrage wie folgt:
die Kleine Anfrage wie folgt:
zu Frage 1:
Im Land Brandenburg werden gegenwärtig keine Häuser gegen den
Willen Berechtigter genutzt. Gleichwohl gibt es Häuser, in denen
sich Angehörige der ""Hausbesetzerszene"" (mit Duldung Berechtigter) aufhalten.
Derzeit werden - ausschließlich in Potsdam - 5 Häuser mit Duldung der Eigentümer überwiegend von Angehörigen der ""Hausbesetzerszene"" genutzt. Insoweit gibt es auch keine Hausbesetzungen
durch ""linke autonome Gruppen"".
zu Frage 2:
Die Nutzung der Häuser in Potsdam erfolgt - unter wechselnder
Beteiligung - durch etwa 50 Personen.
zu Frage 3:
Die Stadt Potsdam hat für zwei in ihrem Eigentum stehende Häuser
Verträge mit den Nutzern geschlossen. Die übrigen drei Häuser
gehören privaten Eigentümern.
zu Frage 4:
Der Landesregierung sind keine Einzelheiten zu den Vertragsinhalten bekannt.
zu Frage 5:
Seit 1991 wurden 74 ""Hausbesetzungen"" (einschließlich Duldungen)
bekannt."
76,16577900000,165779,0,Rauchmelder in öffentlichen Einrichtungen für Kinder im Land Brandenburg,165779_eb20a0d8beed737f6f6533704bcdedec607b85a2.pdf,1,2,2001,274,https://fragdenstaat.de/dokumente/165779-rauchmelder-in-offentlichen-einrichtungen-fur-kinder-im-land-brandenburg/,https://media.frag-den-staat.de/files/docs/14/88/e3/1488e38376884cf4a4db037a6d45d988/eb20a0d8beed737f6f6533704bcdedec607b85a2.pdf,,,1488e383-7688-4cf4-a4db-037a6d45d988,C:\Users\Admin\Desktop\OpenLens\Texte\165779_eb20a0d8beed737f6f6533704bcdedec607b85a2.txt,C:\Users\Admin\Desktop\OpenLens\Bereinigte_Texte\165779_165779_eb20a0d8beed737f6f6533704bcdedec607b85a2.txt,"Landtag Brandenburg
Drucksache 3/1123
3. Wahlperiode
Antwort
der Landesregierung
auf die Kleine Anfrage 383
der Abgeordneten Birgit Fechner
Fraktion der DVU
Drucksache 3/891
Wortlaut der Kleinen Anfrage 383:
Rauchmelder
elder in öffentlichen Einrichtungen für Kinder im Land
Brandenburg
Brandenburg
Ich frage die Landesregierung:
1.
Wie viele Wohnungsbrände gab es im Land Brandenburg seit
01.01.1994, und wie viele Kinder wurden dabei verletzt bzw.
getötet?
2.
Welche Haltung vertritt die Landesregierung zum vorbeugenden Brandschutz, insbesondere gegenüber Kindern?
3.
Gibt es nach Erkenntnissen der Landesregierung eine Vorschrift (Erlass, Rundschreiben, etc.), welche die Ausstattung öffentlicher Einrichtungen für Kinder mit Rauchmeldern
beinhaltet?
Datum des Eingangs: 12.05.2000 / Ausgegeben: 17.05.2000

Namens
ns der Landesregierung beantwortet der Minister für Stadtentwicklung, Wohnen und Verkehr die Kleine Anfrage wie folgt:
entwicklung, Wohnen und Verkehr die Kleine Anfrage wie folgt:
Zu 1.:
Daten über Wohnungsbrände wurden erstmals 1995 erhoben. Für den
Zeitraum vom 01.01.1995 bis zum 31.12.1999 wurden 7 700 Wohnungsbrände gemeldet, bei denen 85 Personen getötet wurden. Wie
viele Kinder unter diesen Personen waren, ist nicht bekannt.
Zu 2.:
Die Landesregierung legt größten Wert auf vorbeugenden Brandschutz und die strikte Beachtung der in der Brandenburgischen
Bauordnung und dem Brandschutzgesetz enthaltenen Bestimmungen
über den vorbeugenden Brandschutz. Darüber hinaus legt die Landesregierung besonderen Wert auf die Brandschutzerziehung für
Kinder und Jugendliche.
Speziell für die Brandschutzerziehung haben die Feuerwehren im
Land Brandenburg mit Unterstützung des Landesfeuerwehrverbandes
und des fachlich zuständigen Ministers des Innern ein besonderes
Konzept erarbeitet.
Zu 3.:
Nein, das Land Brandenburg hat keine speziellen Regelungen, die
Rauchmelder für öffentlichen Einrichtungen für Kinder vorschreiben. (Siehe auch Antwort zu Frage 1 der Kleinen Anfrage 259)."
77,16591400000,165914,0,Arbeitsgelegenheiten für Asylbewerber,165914_69bc9713ac407176f861100630a8bd24ef5c24eb.pdf,1,1,1368,182,https://fragdenstaat.de/dokumente/165914-arbeitsgelegenheiten-fur-asylbewerber/,https://media.frag-den-staat.de/files/docs/b9/07/df/b907df3340d941c8a16e0eebf01dc550/69bc9713ac407176f861100630a8bd24ef5c24eb.pdf,,,b907df33-40d9-41c8-a16e-0eebf01dc550,C:\Users\Admin\Desktop\OpenLens\Texte\165914_69bc9713ac407176f861100630a8bd24ef5c24eb.txt,C:\Users\Admin\Desktop\OpenLens\Bereinigte_Texte\165914_165914_69bc9713ac407176f861100630a8bd24ef5c24eb.txt,"Landtag Brandenburg
Drucksache 3/725
3. Wahlperiode
Antwort
der Landesregierung
auf die Kleine Anfrage Nr. 244
des Abgeordneten Werner Firneburg
Fraktion der DVU
Landtagsdrucksache 3/577
Arbeitsgelegenheiten für Asylbewerber
Arbeitsgelegenheiten für Asylbewerber
Wortlaut der Kleinen Anfrage Nr. 244 vom 08.02.2000:
Ich frage die Landesregierung:
1.
Wie viele Asylbewerber, anerkannte Asylanten und sonstige
unter die gesetzlichen Regelungen des Asylbewerberleistungsgesetzes fallende Personen wurden im Jahre 1999
(Stand 31.12.1999) in Asyleinrichtungen oder bei staatlichen, kommunalen oder gemeinnützigen Trägern zu Arbeiten
nach § 5 des Asylbewerberleistungsgesetzes herangezogen
(bitte detaillierte Aufschlüsselung nach Arbeitskräften und
Trägern)?
2.
Welche Summe an Aufwandsentschädigung gemäß § 5 Absatz 2
Asylbewerberleistungsgesetz wurde an die unter 1. genannten
Personen im Jahre 1999 ausgezahlt?
Namens der Landesregierung beantwortet der Minister für Arbeit,
der Minister für Arbeit,
Soziales, Gesundheit und Frauen die Kleine Anfrage wie folgt:
Soziales, Gesundheit und Frauen die Kleine Anfrage wie folgt:
Zu Frage 1 und 2:
Die Fragen können nicht beantwortet werden, da hierzu erforderliche Statistiken weder in der Landesregierung noch in den Landkreisen und kreisfreien Städten geführt werden.
Datum des Eingangs: 03.03.2000 / Ausgegeben: 08.03.2000"
78,16592400000,165924,0,Private Sicherungsdienste,165924_f917f0b17e9fa7243fe8040c0174905561615c8d.pdf,1,2,1761,238,https://fragdenstaat.de/dokumente/165924-private-sicherungsdienste/,https://media.frag-den-staat.de/files/docs/71/ab/d8/71abd80e79c54ad2b5b802aaf1b1a3cd/f917f0b17e9fa7243fe8040c0174905561615c8d.pdf,,,71abd80e-79c5-4ad2-b5b8-02aaf1b1a3cd,C:\Users\Admin\Desktop\OpenLens\Texte\165924_f917f0b17e9fa7243fe8040c0174905561615c8d.txt,C:\Users\Admin\Desktop\OpenLens\Bereinigte_Texte\165924_165924_f917f0b17e9fa7243fe8040c0174905561615c8d.txt,"Landtag Brandenburg
Drucksache 3/3744
3. Wahlperiode
Antwort
der Landesregierung
auf die Kleine Anfrage Nr. 1372
des Abgeordneten Michael Claus
Fraktion der DVU
Drucksache 3/3555
Private Sicherungsdienste
Wortlaut der Kleinen Anfrage Nr. 1372 vom 16.11.2001:
Ich frage die Landesregierung:
1.
In wie vielen Fällen wurden jeweils in den letzten fünf Jahren öffentliche
Aufträge
a) des Landes Brandenburg und der nachgeordneten Behörden,
b) der Unternehmen des öffentlichen Rechts,
c) der staatlichen Unternehmen des privaten Rechts
an private Sicherheitsdienste vergeben?
2.
Welche Erkenntnisse hat die Landesregierung über das Personalprofil und zur
tariflichen Entlohnung der Mitarbeiter bei den beauftragten Sicherheitsunternehmen?
3.
In wie vielen Fällen wurde in den letzten fünf Jahren bei Mitarbeitern privater
Sicherheitsdienste eine mangelnde fachliche oder persönliche Eignung des
Mitarbeiterbestandes festgestellt?
Namens der Landesregierung beantwortet der Minister für Wirtschaft die Kleine
Anfrage wie folgt:
Zu Frage 1:
Eine Statistik über die Vergabe von Aufträgen an private Sicherheitsdienste wird im
Land Brandenburg nicht geführt.
Datum des Eingangs: 03.01.2002 / Ausgegeben: 08.01.2002

Zu Frage 2:
Im Zeitraum von Februar 1996 bis Mitte 2001 hatten Vergabebehörden im Land
Brandenburg gemäß Verwaltungsvorschrift zur Bekämpfung unlauterer Beschäftigung
mit den Bietern für Aufträge über wiederkehrende Leistungen zu vereinbaren, dass
diese mindestens den am Ort der Leistungserbringung geltenden Tariflohn oder
ortsübliche Löhne und Gehälter zahlen.
Zu Frage 3:
Mangelnde fachliche und persönliche Eignung des Mitarbeiterstandes privater Sicherheitsdienste wurde von Gewerbebehörden des Landes in den letzten fünf Jahren
nicht festgestellt."
79,16596300000,165963,0,Zur Perspektive der Finanzierung der Personalstellen in den Technologietransferstellen,165963_f32b27dc87ea1333bf3347d3bb5be0239217951d.pdf,1,1,1842,247,https://fragdenstaat.de/dokumente/165963-zur-perspektive-der-finanzierung-der-personalstellen-in-den-technologietransferstellen/,https://media.frag-den-staat.de/files/docs/b6/7b/0a/b67b0a5d6df54099885178441b080c25/f32b27dc87ea1333bf3347d3bb5be0239217951d.pdf,,,b67b0a5d-6df5-4099-8851-78441b080c25,C:\Users\Admin\Desktop\OpenLens\Texte\165963_f32b27dc87ea1333bf3347d3bb5be0239217951d.txt,C:\Users\Admin\Desktop\OpenLens\Bereinigte_Texte\165963_165963_f32b27dc87ea1333bf3347d3bb5be0239217951d.txt,"Landtag Brandenburg
Drucksache 3/2166
3. Wahlperiode
Antwort
der Landesregierung
auf die Kleine Anfrage Nr. 797
des Abgeordneten Ralf Christoffers
PDS-Fraktion
Landtagsdrucksache 3/1943
Zur
Zur Perspektive der Finanzierung der Personalstellen in den
Technologietransferstellen
Technologietransferstellen
Wortlaut der Kleinen Anfrage Nr. 797:
Die Gründung der Förder- und Serviceagentur des Landes Brandenburg beinhaltet u. a. die Integration der T.IN.A.
Durch diese Neuorganisation ist auch die Zusammenarbeit zwischen
der T.IN.A. und den Technologietransferstellen an den Fachhochschulen betroffen.
In diesem Zusammenhang frage ich die Landesregierung:
In welcher Form beabsichtigt die Landesregierung die Personalstellen an den Technologietransferstellen ab dem Jahr 2001 zu
finanzieren bzw. mitzufinanzieren?
Namens der Landesregierung beantwortet der Minister für Wirtschaft die Kleine Anfrage wie folgt:
schaft die Kleine Anfrage wie folgt:
Die Technologietransfer- und Innovationsberatungstellen an acht
Hochschulen des Landes (mit Ausnahme der Viadrina in Frankfurt
(Oder)) werden seit 1993/1994 durch das Wirtschaftsministerium
jährlich in Höhe von 1,6 Mio DM mit Landesmitteln gefördert.
Ab 2000 ist die Finanzierung im Mix von Landes- und EFRE-Mitteln
vorgesehen. Die Mittelbereitstellung verzögerte sich, da bislang
die Bestätigung des Operationellen Programms EFRE aussteht.
Durch Gespräche direkt in Brüssel können wir seit kurzem davon
ausgehen, dass Personalkosten grundsätzlich aus EFRE-Mitteln
förderfähig sind. Damit ist eine Förderung für die Jahre 2000
und 2001 durch das Wirtschaftsministerium möglich und beabsichtigt.
Die Arbeit der Technologie- und Innovationsberatungsstellen wird
regelmäßig evaluiert; eine neue Evaluierung ist für das nächste
Jahr vorgesehen.
Datum des Eingangs: 14.12.2000 / Ausgegeben: 19.12.2000"
80,16602500000,166025,0,"Bekämpfung von ""Graffiti""-Straftaten",166025_8f9d364af6b6c169bea94ce3a65a41480f2669c0.pdf,1,2,1681,231,https://fragdenstaat.de/dokumente/166025-bekampfung-von-graffiti-straftaten/,https://media.frag-den-staat.de/files/docs/18/6e/b6/186eb69edc1644568e649f8837ea5da8/8f9d364af6b6c169bea94ce3a65a41480f2669c0.pdf,,,186eb69e-dc16-4456-8e64-9f8837ea5da8,C:\Users\Admin\Desktop\OpenLens\Texte\166025_8f9d364af6b6c169bea94ce3a65a41480f2669c0.txt,C:\Users\Admin\Desktop\OpenLens\Bereinigte_Texte\166025_166025_8f9d364af6b6c169bea94ce3a65a41480f2669c0.txt,"Landtag Brandenburg
Drucksache 3/391
3. Wahlperiode
Antwort
der Landesregierung
auf die Kleine Anfrage Nr. 93
der Abgeordneten Birgit Fechner
Fraktion der DVU
Drucksache 3/181
Bekämpfung von ""Graffiti""-Straftaten
Bekämpfung von ""Graffiti""-Straftaten
Wortlaut der Kleinen Anfrage Nr. 93 vom 24.11.1999:
Ich frage die Landesregierung:
1.
Wie viele Fälle von ""Graffiti""-Straftaten wurden von der
Landespolizei in den Jahren 1998 und 1999 (Stand:
15.11.1999) ermittelt?
2.
In wie vielen der unter 1. genannten Fälle erfolgte eine
rechtskräftige Verurteilung der Straftäter (bitte detaillierte Aufschlüsselung nach Straftätern und Strafen)?
3.
Existiert bei der Landespolizei des Landes Brandenburg eine
Sondereinheit zur Bekämpfung von ""Graffiti""-Straftaten?
4.
Wenn nein: Will die Landesregierung eine Sondereinheit zur
Bekämpfung ""Graffiti""-Straftaten bei der Landespolizei
schaffen?
Namens
ns der Landesregierung beantwortet der Minister des Innern
die Kleine Anfrage wie folgt:
die Kleine Anfrage wie folgt:
zu Frage 1:
Der Polizei des Landes Brandenburg liegen keine statistischen
Angaben zu ""Graffiti"" vor. In der Polizeilichen Kriminalstatistik werden diese nicht gesondert ausgewiesen.
zu Frage 2:
Das Anbringen von ""Graffiti"" ist kein eigenständiger Straftatbestand und wird daher in der Strafverfolgungsstatistik nicht
gesondert erfasst.
Datum des Eingangs: 23.12.1999 / Ausgegeben: 29.12.1999

Landtag Brandenburg - 3. Wahlperiode
Drucksache 3/391

zu Frage 3:
Nein.
zu Frage 4:
Die Landesregierung sieht keine Notwendigkeit zur Schaffung
einer ""Sondereinheit"", da die Sachbeschädigungen durch die Dezentrale Kriminalitätsbekämpfung in den Schutzbereichen bearbeitet werden."
81,16610100000,166101,0,Fernsehübertragungen von Kreistagssitzungen und Stadtverordnetenversammlungen,166101_2c97e83ee65606e467a76e6ca64e5776e7778b88.pdf,1,2,2054,260,https://fragdenstaat.de/dokumente/166101-fernsehubertragungen-von-kreistagssitzungen-und-stadtverordnetenversammlungen/,https://media.frag-den-staat.de/files/docs/52/40/33/524033f2a6ff44bd80179c6a3b83a4d6/2c97e83ee65606e467a76e6ca64e5776e7778b88.pdf,,,524033f2-a6ff-44bd-8017-9c6a3b83a4d6,C:\Users\Admin\Desktop\OpenLens\Texte\166101_2c97e83ee65606e467a76e6ca64e5776e7778b88.txt,C:\Users\Admin\Desktop\OpenLens\Bereinigte_Texte\166101_166101_2c97e83ee65606e467a76e6ca64e5776e7778b88.txt,"Landtag Brandenburg
Drucksache 3/2396
3. Wahlperiode
Antwort
der Landesregierung
auf die Kleine Anfrage 907
des Abgeordneten Dr. Dietmar Woidke
Fraktion der SPD
Drucksache 3/2288
Fernsehübertragungen
Fernsehübertragungen von Kreistagssitzungen und Stadtverordnetenversammlungen
tenversammlungen
Wortlaut der Kleinen Anfrage 907 vom 16.01.2001:
In einer Reihe von Brandenburger Kreistagen und Stadtverordnetenversammlungen werden öffentliche Sitzungen über die örtlichen
Kabelnetze im Stadtfernsehen übertragen bzw. ist die Übertragung
angedacht. Dieses geschieht, obwohl die Rechtsgrundlage für
solche Fernsehübertragungen umstritten ist.
Ich frage die Landesregierung:
1.
Ermöglicht die Brandenburger Kommunalverfassung aus Sicht
der Landesregierung eine solche Ausstrahlung von Sitzungen
der gewählten Vertretungen?
2.
Wie beurteilt die Landesregierung diesen Trend der Öffentlichmachung von Sitzungen der gewählten Vertretungen?
Namens
ns der Landesregierung beantwortet der Minister des Innern
die Kleine Anfrage wie folgt:
die Kleine Anfrage wie folgt:
zu Frage 1:
Regelungen für Aufzeichnungen bzw. Übertragungen von Sitzungen
der Vertretung finden sich in § 49 Abs. 2 der Gemeindeordnung
und wortgleich in § 43 Abs. 2 der Landkreisordnung. Nach diesen
Vorschriften sind Aufnahmen der Presse, worunter auch Filmaufnahmen und Übertragungen des Rundfunks zu subsumieren sind,
möglich, soweit alle Gemeindevertreter/Stadtverordneten den
beabsichtigten Aufnahmen zugestimmt haben. 
Datum des Eingangs: 19.02.2001 / Ausgegeben: 26.02.2001

zu Frage 2:
Sitzungen der Vertretungen sind grundsätzlich öffentlich, soweit
nicht die in § 44 Gemeindeordnung bestimmten Umstände Ausnahmen
vom Grundsatz der Öffentlichkeit ermöglichen. Die Öffentlichkeit
von Sitzungen der Vertretung ist Ausfluss des Demokratieprinzips
nach Art. 20 Abs. 1 GG. Sie wird bereits hergestellt durch das
passive Teilnahmerecht einer angemessenen Zahl von Zuhörern.
Vereinzelte Nachfragen zur Thematik Fernsehaufnahmen in Sitzungen der Vertretung lassen derzeit keinen Trend erkennen."
82,16611100000,166111,0,Regionallandeplatz Schönhagen,166111_200f4b52d2ba876b6a159f015dab6b41df85d90c.pdf,1,2,1376,180,https://fragdenstaat.de/dokumente/166111-regionallandeplatz-schonhagen/,https://media.frag-den-staat.de/files/docs/c9/6d/04/c96d04cbc33f485694f0e707e4cb12f7/200f4b52d2ba876b6a159f015dab6b41df85d90c.pdf,,,c96d04cb-c33f-4856-94f0-e707e4cb12f7,C:\Users\Admin\Desktop\OpenLens\Texte\166111_200f4b52d2ba876b6a159f015dab6b41df85d90c.txt,C:\Users\Admin\Desktop\OpenLens\Bereinigte_Texte\166111_166111_200f4b52d2ba876b6a159f015dab6b41df85d90c.txt,"Landtag Brandenburg
Drucksache 3/384
3. Wahlperiode
Antwort
der Landesregierung
auf die Kleine Anfrage 83
der Abgeordneten Dr. Dagmar Enkelmann
Fraktion der PDS
Drucksache 3/162
Wortlaut der Kleinen Anfrage 83:
Regionallandeplatz Schönhagen
Regionallandeplatz Schönhagen
Das Luftverkehrskonzept des Landes Brandenburg ordnet den Flugplatz Schönhagen neben Cottbus, Finowfurt und Brandenburg in die
Kategorie Regionallandeplatz ein. Gegenwärtig werden dort ca.
45 000 Flugbewegungen pro Jahr registriert. Der Flugplatz befindet sich inmitten des Naturparks ""Nuthe-Nieplitz Niederung"".
Ich frage die Landesregierung:
1.
Welche Ausbaumaßnahmen plant die Betreibergesellschaft des
Flugplatzes und welche Prognosen gibt es in Hinblick auf
die zukünftige Entwicklung der Fluggastzahlen?
2.
Trifft es zu, dass für diese Maßnahmen keine Umweltverträglichkeitsprüfungen vorgesehen sind? Wenn ja, warum nicht?
3.
Ist die Ausdehnung des Flugbetriebs auf Nachtflug auch für
die Landesregierung eine ""unwesentliche Änderung"", die
keiner weiteren sorgfältigen Prüfung bedarf?
4.
Inwieweit sind mit dem Ausbau Konsequenzen für Natur- und
Umweltschutz im Naturpark betroffen? Wie werden die Träger
öffentlicher Belange, insbesondere die Umweltverbände, in
die Planungen einbezogen?
Datum des Eingangs: 23.12.1999 / Ausgegeben: 29.12.1999

Landtag Brandenburg - 3. Wahlperiode
Drucksache 3/384"
83,16612600000,166126,0,Eisenbahnerwohnungen,166126_00975786fd80f676e75dad53ba0ff02a5775fd6d.pdf,1,1,1236,163,https://fragdenstaat.de/dokumente/166126-eisenbahnerwohnungen/,https://media.frag-den-staat.de/files/docs/ce/f7/bb/cef7bb2cef8c40fc94a49312bdb0ef55/00975786fd80f676e75dad53ba0ff02a5775fd6d.pdf,,,cef7bb2c-ef8c-40fc-94a4-9312bdb0ef55,C:\Users\Admin\Desktop\OpenLens\Texte\166126_00975786fd80f676e75dad53ba0ff02a5775fd6d.txt,C:\Users\Admin\Desktop\OpenLens\Bereinigte_Texte\166126_166126_00975786fd80f676e75dad53ba0ff02a5775fd6d.txt,"Landtag Brandenburg
Drucksache 3/756
3. Wahlperiode
Antwort
der Landesregierung
auf die Kleine Anfrage 241
der Abgeordneten Liane Hesselbarth
Fraktion der DVU
Drucksache 3/571
Wortlaut der Kleinen Anfrage vom 27.01.2000:
Eisenbahnerwohnungen
Eisenbahnerwohnungen
Ich frage die Landesregierung:
1.
Wie viele Eisenbahnerwohnungen gibt es im Land Brandenburg?
2.
Ist der Landesregierung eine verwaltungsgerichtliche Entscheidung vom 3. Dezember 1999 bekannt, wonach die Veräußerung von Eisenbahnerwohnungen an eine private Bietergemeinschaft nicht gebilligt wurde?
3.
Wie bewertet die Landesregierung den Alternativentwurf der
Eisenbahnwohnungsgesellschaften?
Namens
ns der Landesregierung beantwortet der Minister für Stadtentwicklung, Wohnen und Verkehr die Kleine Anfrage wie folgt:
entwicklung, Wohnen und Verkehr die Kleine Anfrage wie folgt:
Zu Frage 1:
Nach Kenntnis der Landesregierung gibt es im Land Brandenburg
etwa 3 500 Eisenbahnerwohnungen.
Zu Fragen 2 und 3:
Die verwaltungsgerichtliche Entscheidung vom 3. Dezember 1999
bzw. auch der entsprechende Alternativentwurf liegen der Landesregierung nicht vor. Beide Vorgänge liegen in der Zuständigkeit
der Bundesregierung.
Datum des Eingangs: 10.03.2000 / Ausgegeben: 15.03.2000"
84,16619500000,166195,0,Lärmgutachten entspricht nicht den Grundsätzen eines Planfeststellungsverfahrens,166195_8cf316a1761937ea7ac68d3b6da4eaa125ea8b5e.pdf,1,2,2122,267,https://fragdenstaat.de/dokumente/166195-larmgutachten-entspricht-nicht-den-grundsatzen-eines-planfeststellungsverfahrens/,https://media.frag-den-staat.de/files/docs/a4/1e/10/a41e10fef256478082830447698cb98d/8cf316a1761937ea7ac68d3b6da4eaa125ea8b5e.pdf,,,a41e10fe-f256-4780-8283-0447698cb98d,C:\Users\Admin\Desktop\OpenLens\Texte\166195_8cf316a1761937ea7ac68d3b6da4eaa125ea8b5e.txt,C:\Users\Admin\Desktop\OpenLens\Bereinigte_Texte\166195_166195_8cf316a1761937ea7ac68d3b6da4eaa125ea8b5e.txt,"Landtag Brandenburg
Drucksache 3/1990
3. Wahlperiode
Antwort
der Landesregierung
auf die Kleine Anfrage 700
der Abgeordneten Dr. Dagmar Enkelmann
Fraktion der PDS
Druchsache 3/1708
Wortlaut der Kleinen Anfrage 700:
Lärmgutachten
mgutachten entspricht nicht den Grundsätzen eines Planfeststellungsverfahrens
stellungsverfahrens
Die vom Ministerium für Arbeit, Soziales, Gesundheit und Frauen
in Auftrag gegebene ""Gutachterliche Stellungnahme zu den lärmmedizinischen Gutachten M8 und M9"" deckt erhebliche Mängel der
Lärmwirkungsforschung auf. Die Autoren des erstellten Gegengutachtens kommen zu dem Ergebnis, dass die lärmmedizinischen Gutachten M8 und M9 den Anforderungen eines Planfeststellungsverfahrens nicht gerecht werden.
Ich frage die Landesregierung:
1.
Wie bewertet die Landesregierung die in den Gutachten formulierten Schutzziele unter dem Gesichtspunkt des Vorsorgeprinzips?
2.
Zu welchen Schlussfolgerungen kommt die Landesregierung
hinsichtlich der Feststellung des Gegengutachtens, dass die
lärmmedizinischen Gutachten M8 (Auswirkungen des Fluglärms
auf die Bevölkerung in der Umgebung des Flughafens Schönefeld) und M9 (Auswirkungen der flughafenbedingten Geräusche
auf die Bevölkerung) den Anforderungen eines Planfeststellungsverfahrens nicht gerecht werden?
3.
Wie steht die Landesregierung zu einem Abbruch und zu einer
Wiederholung des Planfeststellungsverfahrens?
Datum des Eingangs: 10.11.2000 / Ausgegeben: 15.11.2000

Namens
ns der Landesregierung beantwortet der Minister für Stadtentwicklung, Wohnen und Verkehr die Kleine Anfrage wie folgt:
entwicklung, Wohnen und Verkehr die Kleine Anfrage wie folgt:
Zu den Fragen 1 - 3:
Die in der Kleinen Anfrage angesprochene Stellungnahme des MASGF
als Träger öffentlicher Belange wird selbstverständlich wie alle
anderen in die Beratung der Erörterungstermine einbezogen sowie
in die Sachprüfung des anschließenden Entscheidungsverfahrens
einfließen.
Im jetzigen Verfahrensstadium wäre eine inhaltliche Bewertung
allerdings verfrüht. Über die vorliegenden Anträge zum Abbruch
des Verfahrens selbst wird die Behörde zum gegebenen Zeitpunkt
entscheiden."
85,16622100000,166221,0,Mehrfachidentitäten bei Asylbewerbern und anderen Ausländern,166221_3730b076cfc352edc83d6ff5d289f255261b0df2.pdf,1,2,2399,349,https://fragdenstaat.de/dokumente/166221-mehrfachidentitaten-bei-asylbewerbern-und-anderen-auslandern/,https://media.frag-den-staat.de/files/docs/75/76/c9/7576c99846c64d1aaabde969749fcb05/3730b076cfc352edc83d6ff5d289f255261b0df2.pdf,,,7576c998-46c6-4d1a-aabd-e969749fcb05,C:\Users\Admin\Desktop\OpenLens\Texte\166221_3730b076cfc352edc83d6ff5d289f255261b0df2.txt,C:\Users\Admin\Desktop\OpenLens\Bereinigte_Texte\166221_166221_3730b076cfc352edc83d6ff5d289f255261b0df2.txt,"Landtag Brandenburg
Drucksache 3/2836
3. Wahlperiode
Antwort
der Landesregierung
auf die Kleine Anfrage Nr. 1068
der Abgeordneten Birgit Fechner
Fraktion der DVU
Drucksache 3/2667
Mehrfachidentitäten bei Asylbewerbern und anderen Ausländern
Mehrfachidentitäten bei Asylbewerbern und anderen Ausländern
Wortlaut der Kleinen Anfrage Nr. 1068 vom 17.04.2001:
Ich frage die Landesregierung:
1.
Wie viele Fälle von Mehrfachidentitäten
a) bei Asylbewerbern
b) bei anderen Ausländern
wurden jeweils in den Jahren seit 1991 festgestellt?
(Bitte auch angeben, wie oft jeweils Mehrfachidentitäten
festgestellt wurden!)
2.
Welche Kosten sind
a) dem Land
b) den Kommunen
in Folge der Mehrfachidentitäten (Sozialhilfe, Zahlungen
nach dem Asylbewerberleistungsgesetz etc.) in den jeweiligen Jahren seit 1991 entstanden?
3.
In wie vielen Fällen wurden in den jeweiligen Jahren Strafverfahren wegen Mehrfachidentitäten eingeleitet?
4.
In wie vielen Fällen erfolgte eine Verurteilung?
5.
Da in den Jahren von 1994 bis 2000 11.754 Straftaten gegen
§§ 84, 85 Asylverfahrensgesetz erfasst worden sind, wird
angefragt, in wie vielen Fällen in den jeweiligen Jahren
eine Verurteilung durch Strafgerichte erfolgte?
6.
In wie vielen Fällen wurden die Verfahren aus welchen Gründen in den jeweiligen Jahren eingestellt bzw. nicht weiter
verfolgt?
Datum des Eingangs: 21.05.2001 / Ausgegeben: 28.05.2001

Namens
ns der Landesregierung beantwortet der Minister der Justiz
und für Europaangelegenheiten die Kleine Anfrage wie folgt:
und für Europaangelegenheiten die Kleine Anfrage wie folgt:
zu Frage 1:
Die Frage kann nicht beantwortet werden, weil eine entsprechende
statistische Erfassung nicht erfolgt.
zu Frage 2:
Die Kosten, die in Folge von Mehrfachidentitäten bei Asylbewerbern und anderen Ausländern (Sozialhilfe und Zahlungen nach dem
Asylbewerberleistungsgesetz) entstehen, sind nicht bezifferbar,
da die Mehrbezüge der Höhe nach im Einzelfall unterschiedlich
sind und nach Auskunft der Kommunen durch diese nicht erfasst
werden können.
zu Fragen 3 und 4:
Es wird auf die Antwort zu Frage 1 verwiesen.
zu Frage 5:
Wegen Straftaten nach dem Asylverfahrensgesetz wurden durch die
Strafgerichte des Landes Brandenburg in den Jahren
1994: 391
1995: 486
1996: 538
1997: 486
1998: 393
1999: 584
Personen verurteilt. Zahlen für das Jahr 2000 liegen noch nicht
vor.
zu Frage 6:
Es wird auf die Antwort zu Frage 1 verwiesen."
86,16622500000,166225,0,Die Staatskanzlei im Internet,166225_a961b316926883d1fd0934dc059eef4ddc8de5e5.pdf,1,2,2054,269,https://fragdenstaat.de/dokumente/166225-die-staatskanzlei-im-internet/,https://media.frag-den-staat.de/files/docs/e0/b2/14/e0b21488677445c480bcce03a28a6b4e/a961b316926883d1fd0934dc059eef4ddc8de5e5.pdf,,,e0b21488-6774-45c4-80bc-ce03a28a6b4e,C:\Users\Admin\Desktop\OpenLens\Texte\166225_a961b316926883d1fd0934dc059eef4ddc8de5e5.txt,C:\Users\Admin\Desktop\OpenLens\Bereinigte_Texte\166225_166225_a961b316926883d1fd0934dc059eef4ddc8de5e5.txt,"Landtag Brandenburg
Drucksache 3/1573
3. Wahlperiode
Antwort
der Landesregierung
auf die Kleine Anfrage 580
des Abgeordneten Sigmar-Peter Schuldt
Fraktion der DVU
Drucksache 3/1473
Die Staatskanzlei im Internet
Die Staatskanzlei im Internet
Ich frage die Landesregierung:
1.
Sind Pressemeldungen zutreffend, wonach die Staatskanzlei
als Titelthema der Homepage den SPD-Landesparteitag in
Oranienburg gewählt hat?
2.
Ist es zutreffend, dass Redeauszüge des neuen Landesvorsitzenden Matthias Platzeck auf der Homepage der Staatskanzlei veröffentlicht wurden?
3.
Welche Abgrenzung trifft die Landesregierung zwischen Parteiinformationen einerseits und Staatskanzleiinformationen
andererseits bei ihren Veröffentlichungen?
4.
Für den Fall, dass die oben genannten Presseveröffentlichungen zutreffen, wird angefragt, ob eine Zweckentfremdung
der Homepage vorliegt?
Namens der Landesregierung beantwortet der Chef der Staatskanzder Chef der Staatskanzlei die Kleine Anfrage wie folgt:
lei die Kleine Anfrage wie folgt:
Zu Frage 1:
Auf der homepage der Staatskanzlei sind zu keinem Zeitpunkt
Inhalte zum SPD-Landesparteitag in Oranienburg veröffentlicht
worden.
Im Rahmen der homepage brandenburg.de wurde lediglich eine Kurzmeldung der Deutschen Presse Agentur im Rahmen der Nachrichtenspalte ""Aktuell"" eingestellt. Die Agenturmeldung wurde auf der
homepage auch als solche gekennzeichnet.
Datum des Eingangs: 11.08.2000 / Ausgegeben: 18.08.2000

Zu Frage 2:
Auf der homepage der Staatskanzlei sind keine Redeauszüge von
Matthias Platzeck veröffentlicht worden.
Zu Frage 3:
Brandenburg.de bietet ein aktuelles Informationsangebot aus
allen Ressorts der Landesverwaltung einschließlich der nachgeordneten Behörden. Erweitert wird das Angebot durch ein breites
Spektrum an Informationen externer Anbieter (u. a. der dpa), das
praktisch alle Themenbereiche des gesellschaftlichen Lebens
umfaßt. Generell gilt das Gebot der parteipolitischen Zurückhaltung.
Zu Frage 4:
Die Pressemeldungen geben den Sachverhalt falsch wieder. Eine
Zweckentfremdung liegt nicht vor."
87,16633200000,166332,0,Renovierung des Landtagsgebäudes,166332_625431faffb94035082a71d96b8601d6c0904fac.pdf,1,1,1266,164,https://fragdenstaat.de/dokumente/166332-renovierung-des-landtagsgebaudes/,https://media.frag-den-staat.de/files/docs/f7/b7/4e/f7b74ed31f544af0aa3804c69ac2b42b/625431faffb94035082a71d96b8601d6c0904fac.pdf,,,f7b74ed3-1f54-4af0-aa38-04c69ac2b42b,C:\Users\Admin\Desktop\OpenLens\Texte\166332_625431faffb94035082a71d96b8601d6c0904fac.txt,C:\Users\Admin\Desktop\OpenLens\Bereinigte_Texte\166332_166332_625431faffb94035082a71d96b8601d6c0904fac.txt,"Landtag Brandenburg
Drucksache 3/1080
3. Wahlperiode
Antwort
der Landesregierung
auf die Kleine Anfrage Nr. 395
des Abgeordneten Werner Firneburg
Fraktion der DVU
Landtagsdrucksache 3/936 vom 10.04.2000
Renovierung des Landtagsgebäudes
Renovierung des Landtagsgebäudes
Ich frage die Landesregierung:
Für welche konkreten Renovierungsmaßnahmen am Landtag sollen die
im Landeshaushalt 2000 vorgesehenen Mittel verwendet werden?
Welche Erkenntnisse hat die Landesregierung über die Unfallhäufigkeit im Landtagsgebäude gegenüber anderen öffentlich-rechtlichen Gebäuden ähnlicher Größe?
Namens der Landesregierung beantwortet die Ministerin der Finanzen die Kleine Anfrage wie folgt:
zen die Kleine Anfrage wie folgt:
zu Frage 1:
Die im Haushaltsplanentwurf 2000 in Kapitel 15 101 veranschlagten Haushaltsmittel in Höhe von 0,6 Mio DM sind als erste Planungsrate für eine Investitionsmaßnahme zur dauerhaften Unterbringung des Brandenburgischen Landtages vorgesehen. Für Renovierungsmaßnahmen stehen diese Mittel nicht zur Verfügung.
zu Frage 2:
Der Landesregierung liegen keine Erkenntnisse über eine gegenüber anderen Landeseinrichtungen ähnlicher Größe signifikant
höhere Unfallhäufigkeit im Landtagsgebäude vor.
Datum des Eingangs: 09.05.2000 / Ausgegeben: 15.05.2000"
88,16636000000,166360,0,Rechtsunsicherheit für Fahrzeugführer geschwindigkeitsreduzierter 25 km/h-Fahrzeuge und motorisierter Krankenfahrstühle II,166360_65c3f13e82112338765794106193f235db9c8d12.pdf,1,2,2340,321,https://fragdenstaat.de/dokumente/166360-rechtsunsicherheit-fur-fahrzeugfuhrer-geschwindigkeitsreduzierter-25-kmh-fahrzeuge-und-motorisierter-krankenfahrstuhle-ii/,https://media.frag-den-staat.de/files/docs/27/2e/14/272e1495c2454fdf9947d11bd11a923d/65c3f13e82112338765794106193f235db9c8d12.pdf,,,272e1495-c245-4fdf-9947-d11bd11a923d,C:\Users\Admin\Desktop\OpenLens\Texte\166360_65c3f13e82112338765794106193f235db9c8d12.txt,C:\Users\Admin\Desktop\OpenLens\Bereinigte_Texte\166360_166360_65c3f13e82112338765794106193f235db9c8d12.txt,"Landtag Brandenburg
Drucksache 3/3150
3. Wahlperiode
Antwort
der Landesregierung
auf die Kleine Anfrage 1174
des Abgeordneten Stefan Sarrach
Fraktion der PDS
Drucksache 3/3028
Wortlaut der Kleinen Anfrage 1174 vom 04.07.2001:
Rechtsunsicherheit für Fahrzeugführer geschwindigkeitsreduziereschwindigkeitsreduzierter 25 km/h-Fahrzeuge und motorisierter Krankenfahrstühle II
ter 25 km/h-Fahrzeuge und motorisierter Krankenfahrstühle II
Laut Presseberichten soll es zwischen den beteiligten Ministerien zu diesem Problemkreis unterdessen eine Einigung gegeben
haben.
Ich frage die Landesregierung:
1.
Existiert eine solche Einigung?
2.
Welche Regelungen trifft sie; bitte im Wortlaut beifügen?
Namens
ns der Landesregierung beantwortet der Minister für Stadtentwicklung, Wohnen und Verkehr die Kleine Anfrage wie folgt:
entwicklung, Wohnen und Verkehr die Kleine Anfrage wie folgt:
Zu Frage 1:
Ja, zwischen den an der Lösung des Problems beteiligten Ministerien, dem Ministerium der Justiz und für Europaangelegenheiten,
dem Ministerium des Innern und dem Ministerium für Stadtentwicklung, Wohnen und Verkehr wurde nach intensiven Beratungen eine
Lösung gefunden, die den Interessen der betroffenen Bürger im
Rahmen der gesetzlichen Möglichkeiten Rechnung trägt.
Datum des Eingangs: 10.08.2001 / Ausgegeben: 15.08.2001

Zu Frage 2:
Die o.g. Lösung beinhaltet folgende Regelung:
Das Ministerium für Stadtentwicklung, Wohnen und Verkehr erteilt
für Bürger, die nicht über eine Fahrerlaubnis der Klasse B (Pkw-
Fahrerlaubnis) verfügen und einen geschwindigkeitsreduzierten
25 km/h-Pkw führen, unter folgenden Bedingungen eine Ausnahmegenehmigung gemäß § 74 Abs. 1 Nr. 1 der Fahrerlaubnis-Verordnung:
-
Der Bürger besitzt eine Fahrerlaubnis der Klasse L mit
Schlüsselzahl 175 (dies entspricht beispielsweise einer
DDR-Fahrerlaubnis der Klasse M, T oder A, wenn diese vor
dem 01. Januar 1989 erworben wurde).
-
Der Bürger führte bereits zum Stichtag 22. November 2000
ein geschwindigkeitsreduziertes 25 km/h-Fahrzeug.
Zusätzlich muss der Bürger seine Fahrerlaubnis ändern und die
Schlüsselzahl 177 in die Fahrerlaubnis eintragen lassen. Laut
der Fahrerlaubnis-Verordnung bedeutet die Schlüsselzahl 177,
dass die Fahrerlaubnis der Klasse L auch gültig im Umfang der
mitzuführenden Ausnahmegenehmigung ist (vgl. Anlage 9 zur Fahrerlaubnis-Verordnung)."
89,16638000000,166380,0,Schadenersatzklage gegen das Land Brandenburg,166380_6590e5f3a75f340b6147aca0ee82d1936df902b9.pdf,1,1,1093,148,https://fragdenstaat.de/dokumente/166380-schadenersatzklage-gegen-das-land-brandenburg/,https://media.frag-den-staat.de/files/docs/7c/f7/19/7cf71938ee874a9e97384fbb92001303/6590e5f3a75f340b6147aca0ee82d1936df902b9.pdf,,,7cf71938-ee87-4a9e-9738-4fbb92001303,C:\Users\Admin\Desktop\OpenLens\Texte\166380_6590e5f3a75f340b6147aca0ee82d1936df902b9.txt,C:\Users\Admin\Desktop\OpenLens\Bereinigte_Texte\166380_166380_6590e5f3a75f340b6147aca0ee82d1936df902b9.txt,"Landtag Brandenburg
Drucksache 3/2445
3. Wahlperiode
Antwort
der Landesregierung
auf die Kleine Anfrage Nr. 931
der Abgeordneten Liane Hesselbarth
Fraktion der DVU
Landtagsdrucksache 3/2331
- Schadenersatzklage gegen das Land Brandenburg -
- Schadenersatzklage gegen das Land Brandenburg -
Wortlaut der Kleinen Anfrage Nr. 931 vom 29.01.2001:
Aufgrund der Vorbereitung einer Schadenersatzklage in unbekannter Höhe gegen das Land Brandenburg durch die Witwe des von
Frank Schmökel in Strausberg erschlagenen Rentners frage ich die
Landesregierung:
Wie lange werden die Untersuchungen der eingesetzten Expertenkommission zur Überprüfung des Maßregelvollzugs, und zum Fall
Schmökel noch andauern?
Namens der Landesregierung beantwortet der Minister für Arbeit,
der Minister für Arbeit,
Soziales, Gesundheit und Frauen die Kleine Anfrage wie folgt:
Soziales, Gesundheit und Frauen die Kleine Anfrage wie folgt:
Die Kommission beabsichtigt, dem Ministerium für Arbeit, Soziales, Gesundheit und Frauen ihren Bericht Mitte März 2001 vorzulegen.
Datum des Eingangs: 23.02.2001 / Ausgegeben: 28.02.2001"
90,16640400000,166404,0,Illegale Ausländer im Bereich des Landkreises Barnim,166404_b41186a68846c0af0467e6cfdfdc4ecb2ee5a5e7.pdf,1,1,1786,246,https://fragdenstaat.de/dokumente/166404-illegale-auslander-im-bereich-des-landkreises-barnim/,https://media.frag-den-staat.de/files/docs/3d/da/72/3dda72d1c5d540b880541abc59ae9e37/b41186a68846c0af0467e6cfdfdc4ecb2ee5a5e7.pdf,,,3dda72d1-c5d5-40b8-8054-1abc59ae9e37,C:\Users\Admin\Desktop\OpenLens\Texte\166404_b41186a68846c0af0467e6cfdfdc4ecb2ee5a5e7.txt,C:\Users\Admin\Desktop\OpenLens\Bereinigte_Texte\166404_166404_b41186a68846c0af0467e6cfdfdc4ecb2ee5a5e7.txt,"Landtag Brandenburg
Drucksache 3/3166
3. Wahlperiode
Antwort
der Landesregierung
auf die Kleine Anfrage 1196
des Abgeordneten Werner Firneburg
Fraktion der DVU
Drucksache 3/3065
Illegale Ausländer im Bereich des Landkreises Barnim
Illegale Ausländer im Bereich des Landkreises Barnim
Wortlaut der Kleinen Anfrage 1196 vom 13.07.2001:
Im Bereich des Landkreises Barnim, insbesondere im Bereich des
Umlandes von Bernau, herrscht innerhalb der Bevölkerung eine
große Unsicherheit aufgrund der Anwesenheit unbekannter, vermutlich aus Osteuropa stammender Ausländer, welche sich mutmaßlich illegal im Inland aufhalten. 
Diese Personen sind meist in kleinen Gruppen unterwegs, sprechen
kaum Deutsch und fallen dadurch auf, dass sie sich intensiv für
leerstehende Häuser sowie für dort ansässige Gewerbe und Handelsbetriebe - insbesondere im KFZ-Bereich - interessieren. 
Ich frage die Landesregierung:
1.
Ist der Landesregierung die in der Vorbemerkung genannte
Tatsache bekannt?
2.
Wenn ja, handelt es sich bei den in der Vorbemerkung genannten Ausländern um Illegale?
3.
Wenn ja, welche Maßnahmen will die Landesregierung zwecks
Ergreifung und Abschiebung der unter 2. genannten Personen
unternehmen?
Namens
ns der Landesregierung beantwortet der Minister des Innern
die Kleine Anfrage wie folgt:
die Kleine Anfrage wie folgt:
zu Fragen 1 bis 3:
Der in der Vorbemerkung zur Kleinen Anfrage geschilderte Sachverhalt ist weder der Fachabteilung für Ausländerangelegenheiten
noch der Polizeiabteilung des Ministeriums des Innern bekannt.
Darüber hinaus ist der geschilderte Sachverhalt auch nicht der
örtlich zuständigen Polizei (Schutzbereich Bernau im Polizeipräsidium Eberswalde) und dem zuständigen Ordnungsamt in Eberswalde
bekannt.
Datum des Eingangs: 15.08.2001 / Ausgegeben: 20.08.2001"
91,16640700000,166407,0,Einbringung von Gesetzentwürfen,166407_1f9705dc053676f512a6feb6d8304c91396533b7.pdf,1,2,1754,245,https://fragdenstaat.de/dokumente/166407-einbringung-von-gesetzentwurfen/,https://media.frag-den-staat.de/files/docs/ab/5b/67/ab5b6743ab244f438c972f19e3734b60/1f9705dc053676f512a6feb6d8304c91396533b7.pdf,,,ab5b6743-ab24-4f43-8c97-2f19e3734b60,C:\Users\Admin\Desktop\OpenLens\Texte\166407_1f9705dc053676f512a6feb6d8304c91396533b7.txt,C:\Users\Admin\Desktop\OpenLens\Bereinigte_Texte\166407_166407_1f9705dc053676f512a6feb6d8304c91396533b7.txt,"Landtag Brandenburg
Drucksache 3/1071
3. Wahlperiode
Antwort
der Landesregierung
auf die Kleine Anfrage 374
des Abgeordneten Sigmar-Peter Schuldt
Fraktion der DVU
Drucksache 3/882
Einbringung von Gesetzentwürfen
Einbringung von Gesetzentwürfen
Wortlaut der Kleinen Anfrage Nr. 374 vom 05.04.2000:
Ich frage die Landesregierung:
1.
Welche Gesetzentwürfe wird die Landesregierung aufgrund der
Koalitionsvereinbarung oder nach ihrem derzeitigen Erkenntnisstand im Laufe der Legislaturperiode in den Landtag
einbringen?
2.
Welche Gesetzentwürfe sind derzeit in Vorbereitung, und
wann ist mit deren Einbringung in den Landtag zu rechnen?
3.
Welche Staatsverträge wird die Landesregierung dem Landtag
a) im laufenden Jahr
b) ab 2001 bis zum Ende der Legislaturperiode
als Gesetzentwurf dem Landtag vorlegen?
4.
Welche Verordnungen wird die Landesregierung aufgrund des
Koalitionsvertrages oder nach ihrem derzeitigen Erkenntnisstand
a) im laufenden Jahr
b) ab 2001 bis zum Ende der Legislaturperiode
erlassen?
Datum des Eingangs: 09.05.2000 / Ausgegeben: 15.05.2000

Namens der Landesregierung beantwortet der Chef der Staatskanzder Chef der Staatskanzlei die Kleine Anfrage wie folgt:
lei die Kleine Anfrage wie folgt:
Zu den Fragen 1 bis 4:
Die Landesregierung wird die in der Regierungserklärung durch
den Ministerpräsidenten am 24.11.1999 benannten Vorhaben im
Verlauf der 3. Legislaturperiode in den Landtag einbringen. Ein
Teil dieser Vorhaben befindet sich z. Zt. innerhalb der Landesregierung in Abstimmung. Ein verbindlicher Zeitpunkt über die
Einbringung kann nicht genannt werden. Es ist des Weiteren zum
gegenwärtigen Zeitpunkt nicht absehbar, welche Staatsverträge
bzw. Verordnungen im Laufe der Legislaturperiode geschlossen
oder erlassen werden."
92,16642100000,166421,0,Öko-Prüfzeichen,166421_35a54341962149fbdd5fb1ac1d0825a68c0878e6.pdf,1,2,1860,262,https://fragdenstaat.de/dokumente/166421-oko-prufzeichen/,https://media.frag-den-staat.de/files/docs/f9/e9/ef/f9e9efa773694723947573e5e8762af5/35a54341962149fbdd5fb1ac1d0825a68c0878e6.pdf,,,f9e9efa7-7369-4723-9475-73e5e8762af5,C:\Users\Admin\Desktop\OpenLens\Texte\166421_35a54341962149fbdd5fb1ac1d0825a68c0878e6.txt,C:\Users\Admin\Desktop\OpenLens\Bereinigte_Texte\166421_166421_35a54341962149fbdd5fb1ac1d0825a68c0878e6.txt,"Landtag Brandenburg
Drucksache 3/1330
3. Wahlperiode
Antwort
der Landesregierung
auf die Kleine Anfrage Nr. 488
der Abgeordneten Dr. Dagmar Enkelmann
Fraktion der PDS
Drucksache 3/1175
Öko-Prüfzeichen
Öko-Prüfzeichen
Wortlaut der Kleinen Anfrage Nr. 488 vom 16.05.2000:
Auf der diesjährigen Internationalen Grünen Woche in Berlin
wurden die ersten Unternehmen vorgestellt, die das neu vergebene
Prüfzeichen für Lebensmittel aus ökologischen Anbau nutzen.
Ich frage die Landesregierung:
1.
Wie viele und welche tragen im Land das genannte Prüfzeichen?
2.
Welche Maßnahmen unternimmt die Landesregierung, dieses
Zeichen publik zu machen?
3.
Welche Erwartungen hat die Landesregierung hinsichtlich der
Akzeptanz des ökologischen Landbaus und seiner Produkte an
die Vergabe des Prüfzeichens?
Namens der Landesregierung beantwortet der Minister für Landwirtschaft, Umweltschutz und Raumordnung die Kleine Anfrage wie
g die Kleine Anfrage wie
folgt:
folgt:
Zu Frage 1:
In Brandenburg haben 3 Betriebe einen Nutzungsvertrag abgeschlossen.
zu Frage 2:
Im Rahmen der Öffentlichkeitsarbeit ist vorgesehen, in der Broschüre ""10 Jahre ökologischer Landbau in Brandenburg"" auf das
Öko-Prüfzeichen (ÖPZ) einzugehen. Weiterhin ist an einer Verallgemeinerung der Erfahrungen und Ergebnisse der beteiligten Öko-
Betriebe gedacht.
Datum des Eingangs: 16.06.2000 / Ausgegeben: 21.06.2000

Zu Frage 3:
Das ÖPZ hat unter den gegenwärtigen Bedingungen nur Bedeutung
für die Unternehmen, die direkten Zugang zum Markt und zu den
Großabnehmern haben (Direktvermarkter, Unternehmen des Handels,
Handelsketten). Für die Mehrzahl der Betriebe, die Rohstofflieferanten sind (in Brandenburg 90 % der Betriebe), ist ein unmittelbarer Vorteil nicht sichtbar.
Entscheidend wird sein, wie es gelingt, die Handelsketten, die
mit eigenen Öko-Logos auftreten, für die Nutzung des ÖPZ zu
gewinnen."
93,16644400000,166444,0,630-DM-Beschäftigungen im Lande Brandenburg,166444_5d7784d35081a0d1dcba8c5a8eaca10c46e4f29b.pdf,1,1,1643,223,https://fragdenstaat.de/dokumente/166444-630-dm-beschaftigungen-im-lande-brandenburg/,https://media.frag-den-staat.de/files/docs/c5/f5/f7/c5f5f7cb5aa64c558260676082005fd3/5d7784d35081a0d1dcba8c5a8eaca10c46e4f29b.pdf,,,c5f5f7cb-5aa6-4c55-8260-676082005fd3,C:\Users\Admin\Desktop\OpenLens\Texte\166444_5d7784d35081a0d1dcba8c5a8eaca10c46e4f29b.txt,C:\Users\Admin\Desktop\OpenLens\Bereinigte_Texte\166444_166444_5d7784d35081a0d1dcba8c5a8eaca10c46e4f29b.txt,"Landtag Brandenburg
Drucksache 3/238
3. Wahlperiode
Antwort
der Landesregierung
auf die Kleine Anfrage Nr. 34
der Abgeordneten Birgit Fechner
Fraktion der DVU
Landtagsdrucksache 3/61
630-DM-Beschäftigungen im Lande Brandenburg
630-DM-Beschäftigungen im Lande Brandenburg
Wortlaut der Kleinen Anfrage Nr. 34 vom 29.10.1999:
Ich frage die Landesregierung:
1.
Wie viele geringfügig entlohnte Beschäftigungsverhältnisse
sind im LandBrandenburg seit Einführung des 630,00 DM - Gesetzes weggefallen?
2.
Wie viele geringfügig entlohnte Beschäftigungen sind im
Lande Brandenburg seit Einführung des 630,00 DM - Gesetzes
neu entstanden?
Namens der Landesregierung beantwortet der Minister für Arbeit,
Soziales, Gesundheit und Frauen die Kleine Anfrage wie folgt:
Zu Frage 1:
Zu Frage 1:
Die Landesregierung hat keine Informationen darüber, ob und in
welchem Ausmaß die Zahl der geringfügigen Beschäftigungsverhältnisse nach Einführung der Neuregelung der geringfügigen Beschäftigungsverhältnisse zum 1. April 1999 im Land Brandenburg abgenommen hat.
Zu Frage 2:
Zu Frage 2:
Nach Angaben des Verbandes Deutscher Rentenversicherungsträger
sind bis zum 31. August 1999 bundesweit rund 2,95 Mio. geringfügig entlohnte Beschäftigte den Rentenversicherungsträgern gemeldet worden. Wie hoch der Anteil neu entstandener Beschäftigungsverhältnisse daran ist, lässt sich nicht ermitteln. Dementsprechend liegen der Landesregierung auch keine Informationen über
die Zahl der seit Einführung der Neuregelung zum 1. April 1999
im Land Brandenburg neu entstandenen geringfügigen Beschäftigungsverhältnisse vor.
Datum des Eingangs: 29.11.1999 / Ausgegeben: 06.12.1999"
94,16645100000,166451,0,Kopfnoten,166451_7fb7beb406fb6b861e42557001b75b6c57377c62.pdf,1,1,1378,191,https://fragdenstaat.de/dokumente/166451-kopfnoten/,https://media.frag-den-staat.de/files/docs/65/74/ae/6574ae640c21405db4849cdb2ca6b0cc/7fb7beb406fb6b861e42557001b75b6c57377c62.pdf,,,6574ae64-0c21-405d-b484-9cdb2ca6b0cc,C:\Users\Admin\Desktop\OpenLens\Texte\166451_7fb7beb406fb6b861e42557001b75b6c57377c62.txt,C:\Users\Admin\Desktop\OpenLens\Bereinigte_Texte\166451_166451_7fb7beb406fb6b861e42557001b75b6c57377c62.txt,"Landtag Brandenburg
Drucksache 3/433
3. Wahlperiode
Antwort
der Landesregierung
auf die Kleine Anfrage 104
der Abgeordneten Birgit Fechner
Fraktion der DVU
Drucksache 3/204
Kopfnoten
Kopfnoten
Wortlaut der Kleinen Anfrage 104 vom 23.11.1999:
Ich frage die Landesregierung:
Wie bewertet die Landesregierung die Vergabe von Kopfnoten durch
Lehrer, in denen das Arbeitsverhalten, die soziale Kompetenz,
die Zuverlässigkeit und die Mitarbeit im Unterricht beurteilt
wird?
Namens der Landesregierung beantwortet der Minister für Bildung,
Jugend und Sport die Kleine Anfrage wie folgt:
Jugend und Sport die Kleine Anfrage wie folgt:
In den Schulen des Landes Brandenburg werden keine Kopfnoten für
das Arbeitsverhalten, die soziale Kompetenz, die Zuverlässigkeit
und die Mitarbeit im Unterricht erteilt. Auf Wunsch der Eltern
können gemäß § 58 Abs. 2 des Brandenburgischen Schulgesetzes in
den Schulen der Primarstufe, der Sekundarstufe I und den entsprechenden Förderschulen getrennt vom Zeugnis mit Noten oder
schriftlichen Beurteilungen zum Leistungsstand zusätzliche
schriftliche Informationen über das Arbeits- und Sozialverhalten
der Schülerin oder des Schülers ausgegeben werden. Zur Zeit
entwickelt das MBJS eine allgemein verbindliche Regelung für die
Einschätzung des Arbeits- und Sozialverhaltens ab Jahrgangsstufe 3.
Datum des Eingangs: 07.01.2000 / Ausgegeben: 12.01.2000"
95,16646200000,166462,0,Diskriminierung der Bundeswehr,166462_5c111da889184ae0e5dda55b462eeb7f78df44bb.pdf,1,2,2049,298,https://fragdenstaat.de/dokumente/166462-diskriminierung-der-bundeswehr/,https://media.frag-den-staat.de/files/docs/7d/d6/72/7dd6722fb5dd4843a6eed081972deafc/5c111da889184ae0e5dda55b462eeb7f78df44bb.pdf,,,7dd6722f-b5dd-4843-a6ee-d081972deafc,C:\Users\Admin\Desktop\OpenLens\Texte\166462_5c111da889184ae0e5dda55b462eeb7f78df44bb.txt,C:\Users\Admin\Desktop\OpenLens\Bereinigte_Texte\166462_166462_5c111da889184ae0e5dda55b462eeb7f78df44bb.txt,"Landtag Brandenburg
Drucksache 3/1101
3. Wahlperiode
Antwort
der Landesregierung
auf die Kleine Anfrage Nr. 392
der Abgeordneten Liane Hesselbarth
Fraktion der DVU
Drucksache 3/933
Diskriminierung der Bundeswehr
Diskriminierung der Bundeswehr
Wortlaut der Kleinen Anfrage Nr. 392 vom 03.04.2000:
Ich frage die Landesregierung:
1.
Ist es zutreffend, dass ein 38jähriger Oberleutnant der
Bundeswehr in Bezug auf die Garnisonsstadt Strausberg geäußert hat: ""Ich kann leider keinem Kameraden raten, hier
freiwillig als Soldat zu dienen.""?
2.
Ist die Aussage des Bundeswehroffiziers zutreffend, dass
schon des öfteren Bundeswehrangehörige in Uniform in
Strausberg auf der Straße angepöbelt worden sind?
3.
Ist es zutreffend, dass der Einheit des Bundeswehroffiziers, als sie für 6 Monate ins Kosovo musste, bei ihrer
Abreise auf allen Ebenen Hass und Ablehnung entgegen geschlagen ist?
4.
Ist es zutreffend, dass der Standortälteste in Strausberg,
ein Oberst, Äusserungen des Oberleutnants verteidigt hat?
5.
Wird die Landesregierung Anstrengungen unternehmen, um das
Klima zwischen Bundeswehrangehörigen und bestimmten Bürgern
in der Stadt Strausberg zu verbessern?
Wenn ja, an welche konkreten Maßnahmen ist gedacht worden?
Datum des Eingangs: 10.05.2000 / Ausgegeben: 15.05.2000

Namens
ns der Landesregierung beantwortet der Minister des Innern
die Kleine Anfrage wie folgt:
die Kleine Anfrage wie folgt:
zu Fragen 1 und 4:
Der Landesregierung ist der Artikel ""In der Garnisonsstadt ist
der Frieden gefährdet"" aus der Tageszeitung ""Der Tagesspiegel""
vom 6. März 2000 bekannt. Ob die in Rede stehenden Äußerungen
tatsächlich so getroffen wurden, kann von hier aus weder bestätigt noch dementiert werden.
zu Frage 2:
Der Landesregierung sind derartige Vorfälle nicht bekannt.
zu Fragen 3 und 5:
Der Eindruck, dass einer Bundeswehr-Einheit vor dem Einsatz im
Kosovo ""Hass und Ablehnung"" entgegengebracht worden sei bzw. ein
gestörtes Klima von Teilen der Bevölkerung gegenüber der Bundeswehr bestehe, kann von der Landesregierung nicht bestätigt werden."
96,16647000000,166470,0,"""Neuruppiner Eildienstrichter-Affäre"" II",166470_124ea9aa3886bbce3dbdf51f2a6c233b809a342d.pdf,1,2,1528,216,https://fragdenstaat.de/dokumente/166470-neuruppiner-eildienstrichter-affare-ii/,https://media.frag-den-staat.de/files/docs/13/0d/46/130d46271c4d4c3ea5a6c1059c6fff7f/124ea9aa3886bbce3dbdf51f2a6c233b809a342d.pdf,,,130d4627-1c4d-4c3e-a5a6-c1059c6fff7f,C:\Users\Admin\Desktop\OpenLens\Texte\166470_124ea9aa3886bbce3dbdf51f2a6c233b809a342d.txt,C:\Users\Admin\Desktop\OpenLens\Bereinigte_Texte\166470_166470_124ea9aa3886bbce3dbdf51f2a6c233b809a342d.txt,"Landtag Brandenburg
Drucksache 3/3103
3. Wahlperiode
Antwort
der Landesregierung
auf die Kleine Anfrage Nr. 1176
des Abgeordneten Stefan Sarrach
Fraktion der PDS
Drucksache 3/3030
""Neuruppiner Eildienstrichter-Affäre II""
""Neuruppiner Eildienstrichter-Affäre II""
Wortlaut der Kleinen Anfrage Nr. 1176 vom 04. Juli 2001:
Im Zusammenhang mit der Behandlung der ""Eildienstrichter-Affäre""
(Amtsgericht Neuruppin) im Rechtsausschuss wurde angekündigt,
dass die Stelle des Leiters des Ministerbüros im Ministerium der
Justiz und für Europaangelegenheiten (MdJE) anderweitig besetzt
und der bisherigen Stelleninhaber mit anderen Aufgaben betraut
werden würde.
Ich frage die Landesregierung:
1.
Ist die Stelle des Leiters des Ministerbüros inzwischen neu
besetzt?
2.
Welche neue Planstelle mit welchem Aufgabengebiet wurde dem
bisherigen Inhaber zugewiesen?
3.
Wie oft wurde seit Oktober 1999 die Stelle des Büroleiters
im MdJE besetzt? Wie wurden die Stelleninhaber weiterverwendet?
Namens
ns der Landesregierung beantwortet der Minister der Justiz
und für Europaangelegenheiten die Kleine Anfrage wie folgt:
und für Europaangelegenheiten die Kleine Anfrage wie folgt:
zu Frage 1:
Nein.
zu Frage 2:
Siehe Antwort zu Frage 1.
Datum des Eingangs: 01.08.2001 / Ausgegeben: 06.08.2001

zu Frage 3:
Die Stelle des Leiters des Ministerbüros im MdJE wurde seit
Oktober 1999 einmal, und zwar zum 1. Dezember 1999, neu besetzt.
Der seinerzeitige Amtsinhaber wurde mit der Wahrnehmung der
Aufgaben des Abteilungsleiters IV (Strafvollzug) betraut."
97,16648100000,166481,0,Kraftstoffverbrauch bei der Landespolizei,166481_f4994b856df93e1dc4d6f5fb21969b2944a1a8e4.pdf,1,2,1732,261,https://fragdenstaat.de/dokumente/166481-kraftstoffverbrauch-bei-der-landespolizei/,https://media.frag-den-staat.de/files/docs/12/1f/08/121f08d4a3b84d6c883f21dac33aff58/f4994b856df93e1dc4d6f5fb21969b2944a1a8e4.pdf,,,121f08d4-a3b8-4d6c-883f-21dac33aff58,C:\Users\Admin\Desktop\OpenLens\Texte\166481_f4994b856df93e1dc4d6f5fb21969b2944a1a8e4.txt,C:\Users\Admin\Desktop\OpenLens\Bereinigte_Texte\166481_166481_f4994b856df93e1dc4d6f5fb21969b2944a1a8e4.txt,"Landtag Brandenburg
Drucksache 3/2685
3. Wahlperiode
Antwort
der Landesregierung
auf die Kleine Anfrage Nr. 1009
des Abgeordneten Werner Firneburg
Fraktion der DVU
Drucksache 3/2557
Kraftstoffverbrauch bei der Landespolizei
Kraftstoffverbrauch bei der Landespolizei
Wortlaut der Kleinen Anfrage Nr. 1009 vom 21.03.2001:
Ich frage die Landesregierung:
1.
Wie hoch waren jeweils in den Jahren 1997, 1998, 1999 und
2000 die tatsächlichen Kosten für den Verbrauch von Kraftstoff bei den Polizeifahrzeugen?
2.
Welche Auswirkungen hatte die ""Ökosteuer"" in bezug auf den
Anstieg der Kraftstoffpreise?
3.
Plant die Landesregierung Vorgaben zur Kilometerhöchstzahl
für Funkstreifenfahrzeuge?
Namens
ns der Landesregierung beantwortet der Minister des Innern
die Kleine Anfrage wie folgt:
die Kleine Anfrage wie folgt:
zu Frage 1:
Die tatsächlichen Kosten für den Verbrauch von Kraftstoffen sind
in nachfolgender Tabelle dargestellt:
Jahr

Kraftstoffkosten in TDM
7.517
7.425
8.039
9.222
zu Frage 2:
Die Gesetze zum Einstieg und zur Fortführung der ökologischen
Steuerreform sehen eine Erhöhung der Mineralölsteuer in insgesamt 5 Stufen vom Jahr 1999 bis 2003 jeweils 6 Pfennig/Liter,
also zusammen 30 Pfennig vor. Bisher wurde die Mineralölsteuer
mit der 2. Stufe der Ökosteuer um 12 Pfennig angehoben. 
Datum des Eingangs: 25.04.2001 / Ausgegeben: 02.05.2001

Der Benzinpreis ist zwischen Dezember 1998 und heute um fast
45 Pfennig je Liter gestiegen. 27 % der Preissteigerung gehen
auf die zwei Anhebungen zu je 6 Pfennig für die Ökosteuer zurück. Für das Gros der Preissteigerung sind im Wesentlichen die
Einschränkung der Ölförderung, die gestiegene Nachfrage aus den
USA und der gestiegene Kurs des Dollars ursächlich.
zu Frage 3:
Nein."
98,16651100000,166511,0,Drogenabhängige im Land Brandenburg,166511_aac2fcde9c1c3b68a8727562fe0fb7074902d282.pdf,1,2,2254,316,https://fragdenstaat.de/dokumente/166511-drogenabhangige-im-land-brandenburg/,https://media.frag-den-staat.de/files/docs/a4/73/b7/a473b717d2f6421a99e79e0f0cc13295/aac2fcde9c1c3b68a8727562fe0fb7074902d282.pdf,,,a473b717-d2f6-421a-99e7-9e0f0cc13295,C:\Users\Admin\Desktop\OpenLens\Texte\166511_aac2fcde9c1c3b68a8727562fe0fb7074902d282.txt,C:\Users\Admin\Desktop\OpenLens\Bereinigte_Texte\166511_166511_aac2fcde9c1c3b68a8727562fe0fb7074902d282.txt,"Landtag Brandenburg
Drucksache 3/219
3. Wahlperiode
Antwort
der Landesregierung
auf die Kleine Anfrage Nr. 21
des Abgeordneten Sigmar-Peter Schuldt
Fraktion der DVU
Landtagsdrucksache 3/45
Wortlaut der Kleinen Anfrage Nr. 21 vom 15. Oktober 1999:
1.
Wie viele registrierte Drogenabhängige gibt es im Land
Brandenburg (bitte auflisten nach Alter, Landkreisen und
kreisfreien Städten)?
2.
Wie viele drogenabhängige Personen werden in öffentlichen
Einrichtungen des Landes betreut?
3.
Wie viele Straftaten wurden von drogenabhängigen Personen
in den Jahren 1995, 1996, 1997 und 1998 in Brandenburg
verübt?
4.
Wie viele Personen sind in den Jahren 1995, 1996, 1997 und
1998 im Straßenverkehr wegen Drogenkonsums als verdächtig
registriert worden?
5.
Wie viele Personen wurden in den genannten Jahren verurteilt?
6.
Wie vielen Personen musste in den genannten Jahren die
Fahrerlaubnis wegen Drogenkonsums entzogen werden?
Datum des Eingangs: 22.11.1999 / Ausgegeben: 29.11.1999

Namens der Landesregierung beantwortet der Minister für Arbeit,
der Minister für Arbeit,
Soziales, Gesundheit und Frauen die Kleine Anfrage wie folgt:
Soziales, Gesundheit und Frauen die Kleine Anfrage wie folgt:
zu Fragen 1 und 2:
Die gewünschten Aussagen sind nicht möglich, weil drogenabhängige Personen nicht zentral statistisch erfasst werden.
zu Frage 3:
In der Polizeilichen Kriminalstatistik (PKS) des Landes Brandenburg werden u.a. Straftaten erfasst, an denen Konsumenten harter
Drogen beteiligt waren. Das lässt jedoch keine gesicherte Aussage über eine mögliche Drogenabhängigkeit zu.
Die Drogenabhängigkeit von verurteilten Straftätern wird nicht
als statistisches Kriterium erfasst.
zu Frage 4:
Polizeilich festgestellte Fälle des Führens eines Kraftfahrzeuges unter der Wirkung von Drogen im Straßenverkehr, die nicht im
Zusammenhang mit einem Verkehrsunfall stehen, werden im Land
Brandenburg statistisch nicht erfasst.
zu Frage 5:
Sofern die Frage sich nicht auf die Verurteilung von Straftätern
schlechthin, sondern auf drogenabhängige Straftäter bezieht,
gilt auch hier, dass die Drogenabhängigkeit nicht als statistisches Kriterium erfasst wird.
zu Frage 6:
Statistische Erhebungen über den Entzug der Fahrerlaubnis auf
Grund von Drogenkonsum liegen nicht vor."
99,16652000000,166520,0,Landesverratsprozess gegen den ehemaligen Leiter der brandenburgischen Landesvertretung in Brüssel,166520_56e8cf33eebac3bf64270842fd41316ef86913ef.pdf,1,2,2277,302,https://fragdenstaat.de/dokumente/166520-landesverratsprozess-gegen-den-ehemaligen-leiter-der-brandenburgischen-landesvertretung-in-brussel/,https://media.frag-den-staat.de/files/docs/ae/20/31/ae20316896ba484387dc4eebfdd88381/56e8cf33eebac3bf64270842fd41316ef86913ef.pdf,,,ae203168-96ba-4843-87dc-4eebfdd88381,C:\Users\Admin\Desktop\OpenLens\Texte\166520_56e8cf33eebac3bf64270842fd41316ef86913ef.txt,C:\Users\Admin\Desktop\OpenLens\Bereinigte_Texte\166520_166520_56e8cf33eebac3bf64270842fd41316ef86913ef.txt,"Landtag Brandenburg
Drucksache 3/2392
3. Wahlperiode
Antwort
der Landesregierung
auf die Kleine Anfrage Nr. 916
der Abgeordneten Birgit Fechner
Fraktion der DVU
Drucksache 3/2297
Landesverratsprozess
desverratsprozess gegen den ehemaligen Leiter der brandenburgischen Landesvertretung in Brüssel
burgischen Landesvertretung in Brüssel
Wortlaut der Kleinen Anfrage Nr. 916 vom 16. Januar 2001:
Ich frage die Landesregierung:
1.
Plant die Landesregierung den in der Vorbemerkung genannten
ehemaligen Chef der brandenburgischen Landesvertretung in
Brüssel nach Beendigung seines Prozesses wieder in den
brandenburgischen Justizdienst zu übernehmen?
2.
Wenn ja: Soll der unter 1. genannte Ministerialrat seine
bisherige Stellung beim Justizministerium Brandenburgs
wieder aufnehmen?
3.
Wenn nein: Welche beamtenrechtlichen Maßnahmen will die
Landesregierung ergreifen, damit der unter 1. und 2. genannte Ministerialrat keine Tätigkeit im Staatsdienst des
Landes Brandenburg mehr ausüben darf?
Namens
ns der Landesregierung beantwortet der Minister der Justiz
und für Europaangelegenheiten die Kleine Anfrage wie folgt:
und für Europaangelegenheiten die Kleine Anfrage wie folgt:
zu Frage 1:
Die Frage einer Übernahme des Ministerialrats in den Justizdienst des Landes Brandenburg stellt sich nicht, da er bereits
als Beamter auf Lebenszeit im Dienst des Landes Brandenburg
steht und Bediensteter im Geschäftsbereich des MdJE ist.
Datum des Eingangs: 19.02.2001 / Ausgegeben: 26.02.2001

zu Fragen 2 und 3:
Zu den dienstrechtlichen Konsequenzen kann vor Beendigung des
Strafverfahrens nicht abschließend Stellung genommen werden.
Gegen den Beamten ist ein Disziplinarverfahren anhängig, in
dessen Verlauf er bereits vorläufig seines Dienstes enthoben
wurde. Die Disziplinarermittlungen mussten von Amts wegen gemäß
§ 154 LBG, § 17 Abs. 1 S. 2 BDO bis zum Abschluss des strafgerichtlichen Verfahrens ausgesetzt werden. Über Maßnahmen nach
Beendigung des Strafverfahrens können derzeit noch keine Angaben
gemacht werden, da das Strafverfahren Vorrang gegenüber dem
Disziplinarverfahren genießt. Sofern in dem Strafverfahren wegen
Landesverrates eine Freiheitsstrafe von mindestens sechs Monaten
verhängt wird, endet das Beamtenverhältnis kraft Gesetzes nach
§ 100 Landesbeamtengesetz."
100,16653700000,166537,0,Beförderungsverbot für sogenannte gefährliche Hunde durch Brandenburger Verkehrsbetriebe,166537_0e77f10323c4edb780a3d65a811553a39975141a.pdf,1,2,2322,316,https://fragdenstaat.de/dokumente/166537-beforderungsverbot-fur-sogenannte-gefahrliche-hunde-durch-brandenburger-verkehrsbetriebe/,https://media.frag-den-staat.de/files/docs/67/78/e0/6778e015e0734221b9db1d9270f0c1b1/0e77f10323c4edb780a3d65a811553a39975141a.pdf,,,6778e015-e073-4221-b9db-1d9270f0c1b1,C:\Users\Admin\Desktop\OpenLens\Texte\166537_0e77f10323c4edb780a3d65a811553a39975141a.txt,C:\Users\Admin\Desktop\OpenLens\Bereinigte_Texte\166537_166537_0e77f10323c4edb780a3d65a811553a39975141a.txt,"Landtag Brandenburg
Drucksache 3/2680
3. Wahlperiode
Antwort
der Landesregierung
auf die Kleine Anfrage 1000
der Abgeordneten Liane Hesselbarth
Fraktion der DVU
Drucksache 3/2538
Beförderungsverbot für sogenannte gefährliche Hunde durch Branrliche Hunde durch Brandenburger Verkehrsbetriebe
denburger Verkehrsbetriebe
Wortlaut der Kleinen Anfrage 1000 vom 21. März 2001:
Wie Pressemeldungen zu entnehmen war, verboten die Verkehrsbetriebe in Brandenburg ihren Fahrern, in Zukunft sogenannte gefährliche Hunde und ihre Halter zu befördern, auch wenn die
Hunde mit einem Maulkorb versehen sind und an der Leine geführt
werden.
Ich frage die Landesregierung:
1.
Wie sollen nach Ansicht der Landesregierung Halter sogenannter gefährlicher Hunde, welche nicht in Besitz eines
eigenen PKWs sind und z. B. in ländlichen Gebieten wohnen,
in Zukunft ihre Hunde, z. B. zu einer tierärztlichen Behandlung in einem anderen Ort, befördern?
2.
Wird sich die Landesregierung dafür einsetzen, dass die -
insbesondere öffentlichen - Verkehrsbetriebe im Land Brandenburg in Zukunft wieder sogenannte gefährliche Hunde,
welche mit einem Maulkorb versehen sind und an der Leine
geführt werden, zu befördern?
Wenn ja: wie?
Wenn nein: Warum nicht?
Datum des Eingangs: 25.04.2001 / Ausgegeben: 30.04.2001

Namens
ns der Landesregierung beantwortet der Minister für Stadtentwicklung, Wohnen und Verkehr die Kleine Anfrage wie folgt:
entwicklung, Wohnen und Verkehr die Kleine Anfrage wie folgt:
Zu Frage 1 und 2:
Mit dem Beförderungsverbot für bestimmte Hunde haben die Verkehrsunternehmen und der VBB eine Maßnahme gegen wiederholte
Vorfälle ergriffen, die durch Hunde mit gesteigerter Aggressivität und Gefährlichkeit verursacht worden sind. Das Beförderungsverbot ging auch auf Forderungen von Fahrgästen zurück.
Die Anwendung dieser Regelung, die dem Schutz der Fahrgäste
dient, wird zur Zeit überprüft. Das Ergebnis des Abstimmungsprozesses innerhalb des VBB, bei dem auch Alternativlösungen
diskutiert werden, bleibt abzuwarten.
Die Landesregierung hält die in der Brandenburgischen Hundehalterverordnung getroffene Regelung, dass Hunde in öffentlichen
Verkehrsmitteln anzuleinen sind und einen Maulkorb zu tragen
haben, für ausreichend, aber auch für erforderlich, um einen
gerechten Interessenausgleich aller Beteiligten zu gewährleisten."
101,16666300000,166663,0,Umsetzung der Ausbaupläne des Süd-Ost-Brandenburger Straßennetzes,166663_6e2c8c15b98b022e91b2da4935a7688182d68fab.pdf,1,1,1224,167,https://fragdenstaat.de/dokumente/166663-umsetzung-der-ausbauplane-des-sud-ost-brandenburger-straennetzes/,https://media.frag-den-staat.de/files/docs/56/42/e7/5642e7509507458ead26a330d391c903/6e2c8c15b98b022e91b2da4935a7688182d68fab.pdf,,,5642e750-9507-458e-ad26-a330d391c903,C:\Users\Admin\Desktop\OpenLens\Texte\166663_6e2c8c15b98b022e91b2da4935a7688182d68fab.txt,C:\Users\Admin\Desktop\OpenLens\Bereinigte_Texte\166663_166663_6e2c8c15b98b022e91b2da4935a7688182d68fab.txt,"Landtag Brandenburg
Drucksache 3/1851
3. Wahlperiode
Antwort
der Landesregierung
auf die Kleine Anfrage 653
der Abgeordneten Monika Schulz
Fraktion der CDU
Drucksache 3/1630
Wortlaut der Kleinen Anfrage 653:
Umsetzung der Ausbaupläne des Süd-Ost-Brandenburger Straßennetrandenburger Straßennetzes
zes
Der Minister für Verkehr, Hartmut Meyer, hat in seiner Pressemitteilung vom 18.07.2000 den Ausbau des Straßennetzes im Grenzraum zu Polen, insbesondere den Ausbau des Dreiecks Cottbus-
Guben-Forst, angekündigt.
Ich frage die Landesregierung:
Wie ist der derzeitige Stand der Vorbereitungen zur Realisierung
der geplanten Straßenaus- und Neubaumaßnahmen in der Region
Lausitz-Spreewald?
Namens
ns der Landesregierung beantwortet der Minister für Stadtentwicklung, Wohnen und Verkehr die Kleine Anfrage wie folgt:
entwicklung, Wohnen und Verkehr die Kleine Anfrage wie folgt:
Gegenwärtig werden für die vorgesehenen Maßnahmen die exakten
Termin- und Finanzplanungen erarbeitet und abgestimmt. Die Vorlage wird im Oktober erwartet. Für das Programm in der Region
Lausitz-Spreewald sind Maßnahmen vorgesehen, deren Vorbereitungsstand eine alsbaldige Realisierung zulässt.
Datum des Eingangs: 12.10.2000 / Ausgegeben: 17.10.2000"
102,16666900000,166669,0,Drogenpolitik und Bekämpfung von Alkohol- und Suchtkrankheiten,166669_e15fddf53e6aff178d2c3923133d30ad0915f7e8.pdf,1,2,1869,253,https://fragdenstaat.de/dokumente/166669-drogenpolitik-und-bekampfung-von-alkohol-und-suchtkrankheiten/,https://media.frag-den-staat.de/files/docs/ff/c4/28/ffc428d98e9049d99d73ded7c55625ed/e15fddf53e6aff178d2c3923133d30ad0915f7e8.pdf,,,ffc428d9-8e90-49d9-9d73-ded7c55625ed,C:\Users\Admin\Desktop\OpenLens\Texte\166669_e15fddf53e6aff178d2c3923133d30ad0915f7e8.txt,C:\Users\Admin\Desktop\OpenLens\Bereinigte_Texte\166669_166669_e15fddf53e6aff178d2c3923133d30ad0915f7e8.txt,"Landtag Brandenburg
Drucksache 3/969
3. Wahlperiode
Antwort
der Landesregierung
auf die Kleine Anfrage Nr. 308
des Abgeordneten Ingo Senftleben
Fraktion der CDU
Landtagsdrucksache 3/745
Drogenpolitik und Bekämpfung von Alkohol- und Suchtkrankheiten
Drogenpolitik und Bekämpfung von Alkohol- und Suchtkrankheiten
Wortlaut der Kleinen Anfrage Nr. 308 vom 8. März 2000:
Im Jahr 1999 hat das Land Brandenburg Zuschüsse für laufende
Zwecke an soziale oder ähnliche Einrichtungen (Träger von Suchthilfeeinrichtungen) in Höhe von zwei Millionen Mark bereitgestellt.
Ich frage die Landesregierung:
1.
Welche Maßnahmen wurden im Rahmen der ambulanten Suchthilfe
damit gefördert?
2.
Welche Maßnahmen wurden damit durch die Landesstelle gegen
Suchtgefahren durchgeführt?
3.
Welche Maßnahmen werden zukünftig zur Bekämpfung von Alkohol-und Suchtkrankheiten durchgeführt / geplant?
Datum des Eingangs: 10.04.2000 / Ausgegeben: 17.04.2000

Namens der Landesregierung beantwortet der Minister für Arbeit,
der Minister für Arbeit,
Soziales, Gesundheit und Frauen die Kleine Anfrage wie folgt:
Soziales, Gesundheit und Frauen die Kleine Anfrage wie folgt:
zu Frage 1:
Es wurden Personal- und Sachkosten der ambulanten Beratungs- und
Behandlungsstellen gefördert.
zu Frage 2:
Zu den Projekten der durch das Land geförderten Brandenburgischen Landesstelle gegen die Suchtgefahren e.V. im Jahr 1999
gehörten u. a. die Durchführung von Fachtagungen, von Fortbildungsseminaren und Workshops. Weiterhin zählen dazu Kooperationsprojekte, wie zum Beispiel die Aktivitäten zum Jugendprojekt “Verkehrssicherheit - Jugend - Drogen” sowie zur betrieblichen Suchtprävention.
zu Frage 3:
Das Ministerium für Arbeit, Soziales, Gesundheit und Frauen
beteiligt sich weiterhin an den in den Antworten zu den Fragen 1 und 2 genannten Maßnahmen.
Dabei sollen Maßnahmen der Suchtprävention verstärkt werden."
103,16670400000,166704,0,Rüstungswirtschaft in Brandenburg,166704_e7ea6d74b4e5b5339a30d1d29b1357dcec4eada5.pdf,1,2,1825,256,https://fragdenstaat.de/dokumente/166704-rustungswirtschaft-in-brandenburg/,https://media.frag-den-staat.de/files/docs/67/b0/f5/67b0f518999d4c5482d2f5b504fb5c3b/e7ea6d74b4e5b5339a30d1d29b1357dcec4eada5.pdf,,,67b0f518-999d-4c54-82d2-f5b504fb5c3b,C:\Users\Admin\Desktop\OpenLens\Texte\166704_e7ea6d74b4e5b5339a30d1d29b1357dcec4eada5.txt,C:\Users\Admin\Desktop\OpenLens\Bereinigte_Texte\166704_166704_e7ea6d74b4e5b5339a30d1d29b1357dcec4eada5.txt,"Landtag Brandenburg
Drucksache 3/2388
3. Wahlperiode
Antwort
der Landesregierung
auf die Kleine Anfrage Nr. 913
des Abgeordneten Dr. Andreas Trunschke
Fraktion der PDS
Landtagsdrucksache 3/2294
Rüstungswirtschaft in Brandenburg
Rüstungswirtschaft in Brandenburg
Wortlaut der Kleinen Anfrage Nr. 913 vom 19. Januar 2001:
Der Presse war zu entnehmen, dass die Treibwerke für den geplanten Militär-Transporter A-400 M in Brandenburg mitgebaut werden
sollen. Sowohl Rolls-Royce Deutschland in Dahlewitz als auch die
MTU Maintrance Berlin-Brandenburg in Ludwigsfelde sind in das
milliardenschwere Vorhaben eingebunden.
Aus diesem Anlaß frage ich die Landesregierung:
1.
Welche in Brandenburg angesiedelten Firmen oder Firmenteile
sind nach Kenntnis der Landesregierung an der Produktion
militärischer Güter beteiligt?
2.
Welche Produkte werden nach Kenntnis der Landesregierung
dabei im Einzelnen hergestellt?
3.
Welchen Umfang hat der Export militärisch relevanter Produkte aus Brandenburg?
4.
Gehen solche Produkte nach Kenntnis der Landesregierung
auch in Krisen- und Konfliktgebiete wie z.B. die Türkei?
5.
Wie viele Arbeitsplätze hängen in Brandenburg nach Schätzung der Landesregierung an der militärrelevanten Produktion?
Datum des Eingangs: 19.02.2001 / Ausgegeben: 26.02.2001

Namens der Landesregierung beantwortet der Minister für Wirtschaft die Kleine Anfrage wie folgt:
schaft die Kleine Anfrage wie folgt:
Zu Frage 1 und 2:
Der Landesregierung liegen keine weiteren Erkenntnisse über
Firmen vor, die an der Produktion militärischer Güter beteiligt
sind.
Zu Frage 3:
Der Landesregierung liegen hierzu keine Angaben vor.
Zu Frage 4:
Für die Genehmigung der Ausfuhr militärischer Güter ist die
Bundesregierung zuständig.
Zu Frage 5:
Nach dem Kenntnisstand der Landesregierung können hierzu keine
Angaben gemacht werden."
104,16679600000,166796,0,Unterstützung für die Bereitschaftspolizei,166796_3ed7b73c99c1317a609fc573dab7ab8681c9e1d8.pdf,1,2,2043,273,https://fragdenstaat.de/dokumente/166796-unterstutzung-fur-die-bereitschaftspolizei/,https://media.frag-den-staat.de/files/docs/5c/f7/a7/5cf7a78e9f8e4da08530a8ec12aba95e/3ed7b73c99c1317a609fc573dab7ab8681c9e1d8.pdf,,,5cf7a78e-9f8e-4da0-8530-a8ec12aba95e,C:\Users\Admin\Desktop\OpenLens\Texte\166796_3ed7b73c99c1317a609fc573dab7ab8681c9e1d8.txt,C:\Users\Admin\Desktop\OpenLens\Bereinigte_Texte\166796_166796_3ed7b73c99c1317a609fc573dab7ab8681c9e1d8.txt,"Landtag Brandenburg
Drucksache 3/587
3. Wahlperiode
Antwort
der Landesregierung
auf die Kleine Anfrage Nr. 204
des Abgeordneten Sigmar-Peter Schuldt
Fraktion der DVU
Drucksache 3/441
Unterstützung für die Bereitschaftspolizei
Unterstützung für die Bereitschaftspolizei
Wortlaut der Kleinen Anfrage Nr. 204 vom 11.01.2000:
Ich frage die Landesregierung:
1.
Sind der Landesregierung Ankündigungen von Bundesinnenminister Otto Schilly bekannt, wonach die finanzielle Unterstützung des Bundes für die Bereitschaftspolizei der Länder
erheblich eingeschränkt werden soll?
2.
Ist die Landesregierung der Auffassung, daß die Bereitschaftspolizei eine unverzichtbare Einrichtung zur Wahrung
und Verbesserung der öffentlichen Sicherheit ist?
3.
Wird sich die Sicherheit im Land Brandenburg und in anderen
Bundesländern wegen der Sparpläne der Bundesregierung deutlich verschlechtern?
4.
Will die Landesregierung gegen die Sparpläne der Bundesregierung bezüglich der Kürzungen bei der Bereitschaftspolizei mittels einer Bundesratsinitiative entgegentreten?
Datum des Eingangs: 07.02.2000 / Ausgegeben: 14.02.2000

Namens
ns der Landesregierung beantwortet der Minister des Innern
die Kleine Anfrage wie folgt:
die Kleine Anfrage wie folgt:
Zu Frage 1:
Die finanzielle Unterstützung des Bundes für die Bereitschaftspolizeien der Länder ist bereits seit 1996 Thema der Ständigen
Konferenz der Innenminister und -senatoren der Länder. Anlässlich der Sitzung am 28. Juni 1999 informierte der Bundesinnenminister über vorgesehene Haushaltskonsolidierungen, wovon auch
die Finanzierung der Ausstattung der Bereitschaftspolizeien
betroffen wäre. Die Perspektiven sind aber derzeit noch offen,
so dass im Hinblick auf das weitere Vorgehen zunächst die Behandlung der Thematik im Rahmen der Konferenz der Innenminister
und -senatoren im Herbst dieses Jahres abzuwarten ist.
Zu Frage 2:
Einsatzeinheiten wie die Bereitschaftspolizei sind zur Aufrechterhaltung der Inneren Sicherheit und Ordnung unerlässlich.
Zu Frage 3:
Nein.
Zu Frage 4:
Siehe Antwort zu Frage 1."
105,16681200000,166812,0,Situation der ausländischen Zwangsarbeiter in Brandenburg während des Zweiten Weltkrieges / Antwort der Landesregierung auf die Kleine Anfrage Nr. 343 des Abgeordneten Michael Claus (DVU) - Drs. 3/827,166812_e0962264a0ef5d5b453890e6d7fcce617876b68b.pdf,1,2,2333,324,https://fragdenstaat.de/dokumente/166812-situation-der-auslandischen-zwangsarbeiter-in-brandenburg-wahrend-des-zweiten-weltkrieges-antwort-der-landesregierung-auf-die-kleine-anfrage-nr-343-des-abgeordneten-michael-claus-dvu-drs-3827/,https://media.frag-den-staat.de/files/docs/7b/e0/05/7be005d4050147d4a0a5b966aaf43795/e0962264a0ef5d5b453890e6d7fcce617876b68b.pdf,,,7be005d4-0501-47d4-a0a5-b966aaf43795,C:\Users\Admin\Desktop\OpenLens\Texte\166812_e0962264a0ef5d5b453890e6d7fcce617876b68b.txt,C:\Users\Admin\Desktop\OpenLens\Bereinigte_Texte\166812_166812_e0962264a0ef5d5b453890e6d7fcce617876b68b.txt,"Landtag Brandenburg
Drucksache 3/1209
3. Wahlperiode
Antwort
der Landesregierung
auf die Kleine Anfrage Nr. 494
des Abgeordneten Michael Claus
Fraktion der DVU
Drucksache 3/1185
Situation
uation der ausländischen Zwangsarbeiter in Brandenburg während
rend des Zweiten Weltkrieges / Antwort der Landesregierung auf
die Kleine Anfrage Nr. 343 des Abgeordneten Michael Claus (DVU)
eten Michael Claus (DVU)
- Drs. 3/827
- Drs. 3/827
Wortlaut der Kleinen Anfrage Nr. 494 vom 23.05.2000:
Auf die Fragen 1 bis 5 der oben genannten Kleinen Anfrage, welche sich darauf bezogen, in welchen Kommunen des heutigen Landes
Brandenburg Zwangsarbeiter tätig waren, für welche Firmen, Behörden bzw. Institutionen diese tätig waren, welche Arbeiten
bzw. Aufgaben diese zu verrichten hatten, wie ihre Unterbringungssituation war und welche Bezahlung sie bekamen, antwortete
der Innenminister: ""Die Landesregierung verfügt über keine umfassenden und gesicherten Kenntnisse zum Gegenstand der Fragen.""
Ich frage die Landesregierung:
1.
Aus welchen Gründen verfügt die Landesregierung über keine
umfassenden und gesicherten Erkenntnisse darüber, in welchen Kommunen des heutigen Landes Brandenburg Zwangsarbeiter tätig waren und für welche Firmen, Behörden bzw. Institutionen diese tätig waren?
2.
Aus welchen Gründen verfügt die Landesregierung über keine
umfassenden und gesicherten Kenntnisse über die Arbeiten
bzw. Aufgaben, die Unterbringungssituation sowie die Bezahlung der in Brandenburg tätig gewesenen Zwangsarbeiter
während des Zweiten Weltkrieges?
3.
Welche Massnahmen will die Landesregierung ergreifen, um
sich zu den unter 1. und 2. angesprochenen Fragestellungen
Informationen zu verschaffen und diese den Abgeordneten des
Landtages Brandenburg mitzuteilen?
Datum des Eingangs: 22.06.2000 / Ausgegeben: 27.06.2000

Namens
ns der Landesregierung beantwortet der Minister des Innern
die Kleine Anfrage wie folgt:
die Kleine Anfrage wie folgt:
zu Frage 1:
Die wissenschaftlich-historische Aufarbeitung von Geschehnissen
vor der Wiederentstehung des Landes Brandenburg gehört nicht zu
den staatlichen Aufgaben, zu denen die Landesregierung durch das
Grundgesetz, die Landesverfassung oder durch einfache Gesetze
verpflichtet ist.
zu Frage 2:
Siehe Antwort zu Frage 1.
zu Frage 3:
Diese Frage stellt sich für die Landesregierung zur Zeit nicht."
106,16681400000,166814,0,Neuruppiner Blutspendedienst,166814_e09b28ee4b782be878c5bb0e03e4b8cf1177c6aa.pdf,1,1,1671,218,https://fragdenstaat.de/dokumente/166814-neuruppiner-blutspendedienst/,https://media.frag-den-staat.de/files/docs/2b/2f/29/2b2f29df00fb40068ab8fc5073596be3/e09b28ee4b782be878c5bb0e03e4b8cf1177c6aa.pdf,,,2b2f29df-00fb-4006-8ab8-fc5073596be3,C:\Users\Admin\Desktop\OpenLens\Texte\166814_e09b28ee4b782be878c5bb0e03e4b8cf1177c6aa.txt,C:\Users\Admin\Desktop\OpenLens\Bereinigte_Texte\166814_166814_e09b28ee4b782be878c5bb0e03e4b8cf1177c6aa.txt,"Landtag Brandenburg
Drucksache 3/779
3. Wahlperiode
Antwort
der Landesregierung
auf die Kleine Anfrage Nr. 286
des Abgeordneten Werner Firneburg
Fraktion der DVU
Landtagsdrucksache 3/662
Neuruppiner Blutspendedienst
Neuruppiner Blutspendedienst
Wortlaut der Kleinen Anfrage Nr. 286 vom 18.02.2000:
Ich frage die Landesregierung:
1.
Welche Maßnahmen will die Landesregierung ergreifen, um die
Arbeitsplätze des Neuruppiner Blutspendedienstes zu erhalten?
2.
Welche Leistungen des Neuruppiner Blutspendedienstes wurden
zu welchem Zeitpunkt an welche anderen Standorte abgegeben?
3.
Liegen der Landesregierung Erkenntnisse vor, dass auch der
Standort Frankfurt (Oder) des Blutspendedienstes aufgegeben
werden soll?
Namens der Landesregierung beantwortet der Minister für Arbeit,
der Minister für Arbeit,
Soziales, Gesundheit und Frauen die Kleine Anfrage wie folgt:
Soziales, Gesundheit und Frauen die Kleine Anfrage wie folgt:
zu Frage 1:
Die Landesregierung besitzt für den DRK-Blutspendedienst Land
Brandenburg gGmbH, dem das Neuruppiner Institut angehört, keine
Organisationskompetenz. Insofern kann die Landesregierung auch
keine entsprechenden Maßnahmen für den Neuruppiner Blutspendedienst durchsetzen. Gleichwohl unterstützt das Land Lösungen,
die geeignet sind, die Entnahme- und Versorgungssituation in
Verbindung mit den betroffenen Krankenhäusern zu erhalten und
damit Arbeitsplätze zu sichern. 
zu Frage 2:
Aus dem Neuruppiner Institut wurden an das Institut Cottbus
folgende Leistungen abgegeben:
-
Laboruntersuchungen an Spenderblut
Januar 1998
-
Verarbeitung von Spenderblut
Januar 1999
zu Frage 3:
Ja.
Datum des Eingangs: 14.03.2000 / Ausgegeben: 20.03.2000"
107,16684900000,166849,0,Junge Sozialhilfeempfänger,166849_a2aeaae1f9e1da9ad6519e1e638318ca4c59db67.pdf,1,1,1432,204,https://fragdenstaat.de/dokumente/166849-junge-sozialhilfeempfanger/,https://media.frag-den-staat.de/files/docs/26/94/12/2694126848c448fbb5afe4590447d457/a2aeaae1f9e1da9ad6519e1e638318ca4c59db67.pdf,,,26941268-48c4-48fb-b5af-e4590447d457,C:\Users\Admin\Desktop\OpenLens\Texte\166849_a2aeaae1f9e1da9ad6519e1e638318ca4c59db67.txt,C:\Users\Admin\Desktop\OpenLens\Bereinigte_Texte\166849_166849_a2aeaae1f9e1da9ad6519e1e638318ca4c59db67.txt,"Landtag Brandenburg
Drucksache 3/1782
3. Wahlperiode
Antwort
der Landesregierung
auf die Kleine Anfrage Nr. 677
der Abgeordneten Birgit Fechner
Fraktion der DVU
Landtagsdrucksache 3/1667
Junge Sozialhilfeempfänger
Junge Sozialhilfeempfänger
Wortlaut der Kleinen Anfrage Nr. 677 vom 07.09.2000:
1.
Wie viele junge Sozialhilfeempfänger im Land Brandenburg im
Alter von 18 bis 27 Jahren hatten in der Zeit vom
01.01.1999 bis 31.07.2000 einen Schulabschluss bzw. wie
viele hatten keinen Schulabschluss (bitte detaillierte
Aufschlüsselung nach Jahren)?
2.
Welchen Bildungsstand hatten nach Erkenntnissen der Landesregierung die unter 1. genannten jungen Sozialhilfeempfänger (bitte detaillierte Aufschlüsselung nach Schul- und
sonstigen Ausbildungsabschlüssen)?
3.
Wie viele der unter 1. und 2. genannten jungen Sozialhilfeempfänger wurden nach Erkenntnissen der Landesregierung zu
gemeinnütziger Arbeit herangezogen (bitte detaillierte
Aufschlüsselung)?
Namens der Landesregierung beantwortet der Minister für Arbeit,
der Minister für Arbeit,
Soziales, Gesundheit und Frauen die Kleine Anfrage wie folgt:
Soziales, Gesundheit und Frauen die Kleine Anfrage wie folgt:
zu Fragen 1 und 2:
Statistische Angaben für den Zeitraum 01.01.1999 bis 31.07.2000
liegen noch nicht vor. Insofern können die Fragen 1 und 2 nicht
beantwortet werden.
zu Frage 3:
Daten hierzu werden nicht erhoben.
Datum des Eingangs: 05.10.2000 / Ausgegeben: 10.10.2000"
108,16693400000,166934,0,Drogenkonsum,166934_4464d53d84c07a786081d30867d3499bd5afc824.pdf,1,2,2322,323,https://fragdenstaat.de/dokumente/166934-drogenkonsum/,https://media.frag-den-staat.de/files/docs/78/4d/f3/784df3bb6e574ac3b6754fe95a8701b6/4464d53d84c07a786081d30867d3499bd5afc824.pdf,,,784df3bb-6e57-4ac3-b675-4fe95a8701b6,C:\Users\Admin\Desktop\OpenLens\Texte\166934_4464d53d84c07a786081d30867d3499bd5afc824.txt,C:\Users\Admin\Desktop\OpenLens\Bereinigte_Texte\166934_166934_4464d53d84c07a786081d30867d3499bd5afc824.txt,"Landtag Brandenburg
Drucksache 3/770
3. Wahlperiode
Antwort
der Landesregierung
auf die Kleine Anfrage Nr. 263
des Abgeordneten Werner Firneburg
Fraktion der DVU
Landtagsdrucksache 3/606
Drogenkonsum
Drogenkonsum
Wortlaut der Kleinen Anfrage Nr. 263 vom 11. Februar 2000:
Ich frage die Landesregierung:
1.
Unterstützt die Landesregierung den Entwurf eines 3. Gesetzes zur Änderung des Betäubungsmittelgesetzes, worin die
Erlaubnis zum Betrieb von Drogenkonsumräumen geregelt ist?
2.
Hat die Landesregierung im Bundesrat Änderung zu diesem
Gesetzentwurf beantragt, oder wird sie diese noch beantragen, und wenn ja, welche?
3.
Ist es nach Auffassung der Landesregierung notwendig, dass
im Land Brandenburg Drogenkonsumräume eingerichtet werden?
Wenn ja, wo sind solche Einrichtungen erforderlich?
4.
Welche Kosten entstehen für das Land oder die Kommunen
durch die Errichtung und Unterhaltung von Drogenkonsumräumen?
5.
Beabsichtigt die Landesregierung die Vorlage eines Suchtberichtes, der sowohl die legalen wie auch die illegalen
Drogen erfasst?
6.
Wieviel Kosten entstanden und entstehen dem Land in den
Jahren 1993 bis heute für alle Bereiche legaler und illegaler Drogen, wobei folgende Unterteilung vorzunehmen ist:
a)
Prävention und Aufklärung
b)
Überlebenshilfen und gesundheitsbezogene Basisversorgung
c)
Suchttherapie und sozial-integrative Hilfen
d)
Repression und Gewährleistung der öffentlichen Ordnung?
Bitte eine Aufteilung nach Personal- und Sachkosten vornehmen.
Datum des Eingangs: 14.03.2000 / Ausgegeben: 20.03.2000

Namens der Landesregierung beantwortet der Minister für Arbeit,
der Minister für Arbeit,
Soziales, Gesundheit und Frauen die Kleine Anfrage wie folgt:
Soziales, Gesundheit und Frauen die Kleine Anfrage wie folgt:
zu Frage 1:
Die Landesregierung Brandenburg hat sich bei der Abstimmung über
das 3. Gesetz zur Änderung des Betäubungsmittelgesetzes in der
748. Sitzung des Bundesrates am 25. Februar 2000 enthalten.
zu Frage 2:
Die Landesregierung hat im Bundesrat keine Änderung zu diesem
Gesetzentwurf beantragt.
zu Frage 3:
Nein.
zu Frage 4:
Entfällt aufgrund Antwort auf Frage 3.
zu Frage 5:
Das geplante ""Brandenburgische Landesprogramm gegen Sucht"" bezieht sich sowohl auf legalen als auch auf illegalen Suchtmittelmissbrauch.
zu Frage 6:
Die gewünschten Aussagen sind nicht möglich."
109,16695400000,166954,0,Abwasserzweckverband Blankenfelde Mahlow,166954_ec56415aa1b61bbe0fb4819e16862f6e847c400f.pdf,1,2,2242,309,https://fragdenstaat.de/dokumente/166954-abwasserzweckverband-blankenfelde-mahlow/,https://media.frag-den-staat.de/files/docs/e5/35/a6/e535a6adc65f4de38c3cdf2b6b729ec6/ec56415aa1b61bbe0fb4819e16862f6e847c400f.pdf,,,e535a6ad-c65f-4de3-8c3c-df2b6b729ec6,C:\Users\Admin\Desktop\OpenLens\Texte\166954_ec56415aa1b61bbe0fb4819e16862f6e847c400f.txt,C:\Users\Admin\Desktop\OpenLens\Bereinigte_Texte\166954_166954_ec56415aa1b61bbe0fb4819e16862f6e847c400f.txt,"Landtag Brandenburg
Drucksache 3/1801
3. Wahlperiode
Antwort
der Landesregierung
auf die Kleine Anfrage 678
des Abgeordneten Christoph Schulze
Fraktion der SPD
Drucksache Nr. 3/1668
Abwasserzweckverband Blankenfelde Mahlow
Abwasserzweckverband Blankenfelde Mahlow
Wortlaut der Kleinen Anfrage Nr. 678:
In den Medien wurde gemeldet, dass der Abwasserzweckverband
Blankenfelde-Mahlow bei der Landesregierung Fördermittel i.H.v.
574.000 DM beantragt habe, das Land die Fördermittelvergabe
jedoch abgelehnt habe. 
Aus diesem Grunde frage ich die Landesregierung:
1.
Wann wurde der Fördermittelantrag durch den Zweckverband
gestellt?
2. 
Welche Arbeiten bzw. Investitionen sollten gefördert werden?
3.
Wie groß war das Kostenvolumen des Projektes und welches
war der beantragte Förderanteil?
4.
Durch welche Dienststelle der Landesregierung wurde der
Antrag bearbeitet? 
5. 
Welches Prüfergebnis wurde erzielt?
6. 
Welche Gründe führten zur Ablehnung des Antrages?
7.
Entspricht es den Tatsachen, dass der Fördermittelantrag
mit der Begründung abgelehnt wurde, die Gemeinde Blankenfelde habe einen Umsiedlungsbeschluss gefasst und daher
würden solche Investitionen nicht mehr benötigt werden? 
Datum des Eingangs: 10.10.2000 / Ausgegeben: 16.10.2000

Namens der Landesregierung beantwortet der Minister für Landwirtschaft, Umweltschutz und Raumordnung die Kleine Anfrage wie
g die Kleine Anfrage wie
folgt:
folgt:
zu Frage 1:
Der Förderantrag wurde am 17.09.1999 gestellt. 
zu Frage 2:
Beantragt wurden Fördermittel für die Abwasserableitung in Blankenfelde, Dürerstraße und vier weitere Straßen. 
zu Frage 3:
Der Gesamtwertumfang des beantragten Vorhabens war 1.525 TDM.
Davon waren 1.148 TDM zuwendungsfähig. Es wurden 574 TDM Fördermittel beantragt, das entspricht einem Zuwendungssatz von 50 %.
zu Frage 4:
Die bautechnisch-wasserwirtschaftliche Prüfung erfolgte durch
das Landesumweltamt, die finanztechnische Prüfung durch die
Investitionsbank des Landes Brandenburg als Geschäftsbesorgerin.
zu Frage 5:
Es wurde ein Fördervorschlag für den Einsatz von EFRE-Mitteln
vorbereitet. Die Bewilligung wird in Kürze erfolgen, da nunmehr
Mittel freigegeben sind. 
zu Frage 6:
Es erfolgte keine Ablehnung. Siehe Antwort zu Frage 5. 
zu Frage 7:
Nein."
110,16699100000,166991,0,Unterhaltsvorschuss,166991_e25d15f2fca95a5b5dc8fb404d8e1b2915f56f27.pdf,1,1,1293,183,https://fragdenstaat.de/dokumente/166991-unterhaltsvorschuss/,https://media.frag-den-staat.de/files/docs/c2/96/83/c29683175d46434ab0083a72b648ce0f/e25d15f2fca95a5b5dc8fb404d8e1b2915f56f27.pdf,,,c2968317-5d46-434a-b008-3a72b648ce0f,C:\Users\Admin\Desktop\OpenLens\Texte\166991_e25d15f2fca95a5b5dc8fb404d8e1b2915f56f27.txt,C:\Users\Admin\Desktop\OpenLens\Bereinigte_Texte\166991_166991_e25d15f2fca95a5b5dc8fb404d8e1b2915f56f27.txt,"Landtag Brandenburg
Drucksache 3/753
3. Wahlperiode
Antwort
der Landesregierung
auf die Kleine Anfrage Nr. 246
der Abgeordneten Birgit Fechner
Fraktion der DVU
Landtagsdrucksache 3/579
Unterhaltsvorschuss
Unterhaltsvorschuss
Wortlaut der Kleinen Anfrage Nr. 246 vom 08.02.2000:
Ich frage die Landesregierung:
1.
Wie viele DM an Unterhaltsvorschuss nach dem Bundessozialhilfegesetz wurden im Jahre 1999 an Personen mit Hauptwohnsitz im Land Brandenburg vergeben?
2.
Wie viele der unter 1. genannten Personen waren weiblichen
und wie viele waren männlichen Geschlechts?
3.
Wie viele der unter 1. genannten Personen waren deutscher
und wie viele ausländischer Nationalität (bitte detaillierte Aufschlüsselung nach Nationalitäten)?
Namens der Landesregierung beantwortet der Minister für Arbeit,
der Minister für Arbeit,
Soziales, Gesundheit und Frauen die Kleine Anfrage wie folgt:
Soziales, Gesundheit und Frauen die Kleine Anfrage wie folgt:
Zu Frage 1:
Unterhaltsvorschuss wird nicht nach dem Bundessozialhilfegesetz
geleistet sondern nach dem Unterhaltsvorschussgesetz (UVG). Die
Ausgaben im Jahr 1999 für Leistungen nach dem UVG betrugen im
Land Brandenburg 58.328.858,68 DM.
Zu Fragen 2 und 3:
Statistiken hierzu werden nicht erhoben.
Datum des Eingangs: 08.03.2000 / Ausgegeben: 13.03.2000"
111,16701400000,167014,0,Der Generalstaatsanwalt als politischer Beamter,167014_b0f07ab837bb1042414ec365407ab39fc9e35d86.pdf,1,2,1837,244,https://fragdenstaat.de/dokumente/167014-der-generalstaatsanwalt-als-politischer-beamter/,https://media.frag-den-staat.de/files/docs/5e/33/94/5e33942823774c77818573357f9d338a/b0f07ab837bb1042414ec365407ab39fc9e35d86.pdf,,,5e339428-2377-4c77-8185-73357f9d338a,C:\Users\Admin\Desktop\OpenLens\Texte\167014_b0f07ab837bb1042414ec365407ab39fc9e35d86.txt,C:\Users\Admin\Desktop\OpenLens\Bereinigte_Texte\167014_167014_b0f07ab837bb1042414ec365407ab39fc9e35d86.txt,"Landtag Brandenburg
Drucksache 3/1318
3. Wahlperiode
Antwort
der Landesregierung
auf die Kleine Anfrage Nr. 475
des Abgeordneten Werner Firneburg
Fraktion der DVU
Drucksache 3/1133
Der Generalstaatsanwalt als politischer Beamter
Der Generalstaatsanwalt als politischer Beamter
Wortlaut der Kleinen Anfrage Nr. 475 vom 11. Mai 2000:
Ich frage die Landesregierung:
1.
Welche Gründe sprachen im Jahre 1990 dafür, den Status des
politischen Beamten für den Generalstaatsanwalt einzuführen?
2.
In welchen anderen Bundesländern ist der Generalstaatsanwalt ein politischer Beamter?
3.
Welche gesetzlichen Vorschriften müssten geändert werden,
wenn der Generalstaatsanwalt den Status eines unkündbaren
Laufbahnbeamten erhalten würde?
4.
Setzt sich die Landesregierung dafür ein, den Status des
politischen Beamten für den Generalstaatsanwalt abzuschaffen?
Wenn ja, wann ist mit einer entsprechenden Parlamentsvorlage zu rechnen?
Datum des Eingangs: 15.06.2000 / Ausgegeben: 20.06.2000

Namens
ns der Landesregierung beantwortet der Minister der Justiz
und für Europaangelegenheiten die Kleine Anfrage wie folgt:
und für Europaangelegenheiten die Kleine Anfrage wie folgt:
Zu Frage 1:
Der Status des Generalstaatsanwalts als politischer Beamter
sollte der herausgehobenen Stellung des Amtes Rechnung tragen.
Zu Frage 2:
Neben Brandenburg haben sich Mecklenburg-Vorpommern, Schleswig-
Holstein, Berlin, Nordrhein-Westfalen und Thüringen ebenso für
die rechtliche Ausgestaltung des Generalstaatsanwalts als politischen Beamten entschieden; auch der Generalbundesanwalt ist
politischer Beamter. 
Zu Frage 3:
Die Eigenschaft des Generalstaatsanwalts im Land Brandenburg als
""politischer Beamter"" folgt aus 105 Abs. 1 lit. c LBG.
Zu Frage 4:
Eine Änderung der Stellung des Generalstaatsanwalts als ""politischer Beamter"" ist derzeit nicht beabsichtigt."
112,16704600000,167046,0,Förderung der Verantwortung bei der Nutzung des Internets in Schulen und Jugendhilfe / Beschluss des Landtages Brandenburg - Drs. 3/3896-B,167046_c717d3ef629790d693b1763d39a9098646b84cc6.pdf,1,1,1818,248,https://fragdenstaat.de/dokumente/167046-forderung-der-verantwortung-bei-der-nutzung-des-internets-in-schulen-und-jugendhilfe-beschluss-des-landtages-brandenburg-drs-33896-b/,https://media.frag-den-staat.de/files/docs/0b/f0/32/0bf032781c4c4f0fad7c2738364f7c0c/c717d3ef629790d693b1763d39a9098646b84cc6.pdf,,,0bf03278-1c4c-4f0f-ad7c-2738364f7c0c,C:\Users\Admin\Desktop\OpenLens\Texte\167046_c717d3ef629790d693b1763d39a9098646b84cc6.txt,C:\Users\Admin\Desktop\OpenLens\Bereinigte_Texte\167046_167046_c717d3ef629790d693b1763d39a9098646b84cc6.txt,"Landtag Brandenburg
Drucksache 3/4286
3. Wahlperiode
Antwort
der Landesregierung
auf die Kleine Anfrage 1598
der Abgeordneten Birgit Fechner
Fraktion der DVU
Drucksache 3/4136
Förderung der Verantwortung bei der Nutzung des Internets in Schulen und Jugendhilfe/Beschluss des Landtages Brandenburg - Drs. 3/3896-B
Wortlaut der Kleinen Anfrage 1598 vom 04.04.2002:
Während der 52. Landtagsplenarsitzung am 6. März 2002 wurde auf Antrag der Koalitionsfraktionen ein Beschluss des Landtages Brandenburg zum Thema ""Förderung der Verantwortung bei der Nutzung des Internets in Schule und Jugendhilfe"" verabschiedet.
Ich frage die Landesregierung:
1.
Welche zusätzlichen Kosten entstehen dem Land Brandenburg nach Erkenntnissen
der Landesregierung bei vollständiger Umsetzung des in der Vorbemerkung genannten Landtagsbeschlusses (bitte detaillierte Aufschlüsselung nach den im Beschluss
genannten Einzelpunkten)?
2.
Mit welchen Haushaltsmitteln sollen die unter 1. genannten Zusatzkosten gedeckt
werden (bitte detaillierte Aufschlüsselung nach Einzelplänen, Kapiteln und Titeln bzw.
Titelgruppen)?
Namens der Landesregierung beantwortet der Minister für Bildung, Jugend und Sport
die Kleine Anfrage wie folgt:
Zu Frage 1 und 2:
Der Landtagsbeschluss ""Förderung der Verantwortung bei der Nutzung des Internets in
Schule und Jugendhilfe"" vom 6. März 2002 (Drucksache 3/3896-B) befindet sich in der
Umsetzung. Die Ergebnisse werden im 3. Kinder- und Jugendbericht der Landesregierung,
der voraussichtlich im Herbst 2002 dem Landtag vorgelegt wird, dargestellt. Die entstehenden
Kosten sind Bestandteil übergreifender, laufender Maßnahmen und Projekte in Schule und
Jugendhilfe, die im Rahmen der im Einzelplan 05 zur Verfügung stehenden Haushaltsmittel
finanziert werden.
Datum des Eingangs: 07.05.2002 / Ausgegeben: 13.05.2002"
113,16705400000,167054,0,Landesdisziplinarordnung,167054_9856bdb4ed2d232f9377452e522206320b5eb670.pdf,1,1,1210,158,https://fragdenstaat.de/dokumente/167054-landesdisziplinarordnung/,https://media.frag-den-staat.de/files/docs/d9/20/f8/d920f8954e4b47a9a838b1d727db7bed/9856bdb4ed2d232f9377452e522206320b5eb670.pdf,,,d920f895-4e4b-47a9-a838-b1d727db7bed,C:\Users\Admin\Desktop\OpenLens\Texte\167054_9856bdb4ed2d232f9377452e522206320b5eb670.txt,C:\Users\Admin\Desktop\OpenLens\Bereinigte_Texte\167054_167054_9856bdb4ed2d232f9377452e522206320b5eb670.txt,"Landtag Brandenburg
Drucksache 3/705
3. Wahlperiode
Antwort
der Landesregierung
auf die Kleine Anfrage Nr. 242
des Abgeordneten Werner Firneburg
Fraktion der DVU
Drucksache 3/572
Landesdisziplinarordnung
Landesdisziplinarordnung
Wortlaut der Kleinen Anfrage Nr. 242 vom 31. Januar 2000:
Ich frage die Landesregierung:
1.
Hält die Landesregierung die entsprechende Anwendung der
Bundesdisziplinarordnung gemäß § 154 LBG sowie die ersatzweise Anwendung des Disziplinarrechts des Landes Niedersachsen bei landesrechtlichen Besonderheiten für ausreichend?
2.
Wie oft wurden seit Inkrafttreten des LBG Disziplinarmaßnahmen eingeleitet?
3.
Beabsichtigt die Landesregierung, dem Landtag einen Entwurf
für eine Landesdisziplinarordnung vorzulegen?
Wenn ja, wann ist damit zu rechnen?
Namens
ns der Landesregierung beantwortet der Minister des Innern
die Kleine Anfrage wie folgt:
die Kleine Anfrage wie folgt:
zu Frage 1:
Ja.
zu Frage 2:
Eine statistische Erfassung von Disziplinarmaßnahmen erfolgt
nicht. 
zu Frage 3:
Die Landesregierung erarbeitet gegenwärtig den Entwurf eines
Landesdisziplinargesetzes. Zeitliche Festlegungen sind derzeit
noch nicht möglich.
Datum des Eingangs: 01.03.2000 / Ausgegeben: 06.03.2000"
114,16707300000,167073,0,BAB 13,167073_a963a9d00f1499f56e7947989f86bee9e2f75097.pdf,1,2,2095,286,https://fragdenstaat.de/dokumente/167073-bab-13/,https://media.frag-den-staat.de/files/docs/0e/ce/31/0ece31b4d74f4fd9a0a20031ffd7b463/a963a9d00f1499f56e7947989f86bee9e2f75097.pdf,,,0ece31b4-d74f-4fd9-a0a2-0031ffd7b463,C:\Users\Admin\Desktop\OpenLens\Texte\167073_a963a9d00f1499f56e7947989f86bee9e2f75097.txt,C:\Users\Admin\Desktop\OpenLens\Bereinigte_Texte\167073_167073_a963a9d00f1499f56e7947989f86bee9e2f75097.txt,"Landtag Brandenburg
Drucksache 3/2831
3. Wahlperiode
Antwort
der Landesregierung
auf die Kleine Anfrage 1054
des Abgeordneten Stefan Ludwig
Fraktion der PDS
Drucksache 3/2645
Wortlaut der Kleinen Anfrage 1054:
BAB 13
BAB 13
Am 04.04.01 wurde auf der BAB 13, Fortrichtung Nord, zwischen
den Anschlussstellen Baruth und Groß Köris eine Erweiterungsfahrbahn zum Ausgleich der Sperrung von Fahrbahnen in Fahrtrichtung Süd wegen Neubau dieser Fahrbahnen in Betrieb genommen.
Eine sichere Fahrweise ist auf dieser Erweiterungsfahrbahn auch
erfahrenen Kraftfahrern nicht möglich gewesen.
Ich frage die Landesregierung:
1.
Wer hat diese Fahrbahn vom Bauausführenden abgenommen?
2.
Entspricht sie den Vorschriften?
3.
Wurden Schadenersatz- bzw. Nachbesserungsansprüche geltend
gemacht?
4.
Wenn ja. Von wem bei wem?
5.
Wer haftet für Personen- und Sachschäden, die durch Fahrbahnschäden bei solchen Fahrbahnen entstehen, wenn sie
bestimmungsgemäß genutzt werden?
Namens
ns der Landesregierung beantwortet der Minister für Stadtentwicklung, Wohnen und Verkehr die Kleine Anfrage wie folgt:
entwicklung, Wohnen und Verkehr die Kleine Anfrage wie folgt:
Zu Frage 1:
Die betroffene Fahrbahn dient nur als provisorische Verbreiterung der Autobahn, weil vorrübergehend beide Fahrtrichtungen auf
einer Richtungsfahrbahn der A 13 geführt werden müssen, um die
gegenüberliegende Richtungsfahrbahn erneuern zu können. Es fand
eine Feststellung des technischen Zustandes vor Verkehrsumlenkung statt. Eine Abnahme im vertragsrechtlichen Sinne fand nicht
statt.
Datum des Eingangs: 18.05.2001 / Ausgegeben: 23.05.2001

Zu Frage 2:
Die Beschaffenheit entsprach nach kurzer Beanspruchung nicht
mehr den Vorschriften für eine zulässige Höchstgeschwindigkeit
von 80 km/h.
Zu Frage 3:
Das Geltendmachen eines Schadens- bzw. Nachbesserungsanspruches
war nicht erforderlich, da sich das ausführende Bauunternehmen
zu den Mängeln bekannt und diese zwischenzeitlich beseitigt hat.
Zu Frage 4:
- entfällt -
Zu Frage 5:
Es haftet die Straßenbauverwaltung, sofern ihr eine Verletzung
der Verkehrssicherungspflicht vorzuwerfen ist."
115,16709000000,167090,0,Zuwanderungsgesetz,167090_b1cbfc26466a44d93f38aa0458f00919da16461f.pdf,1,1,1615,213,https://fragdenstaat.de/dokumente/167090-zuwanderungsgesetz/,https://media.frag-den-staat.de/files/docs/b9/78/00/b97800f5cbbc4af2a7a1d71aedda8176/b1cbfc26466a44d93f38aa0458f00919da16461f.pdf,,,b97800f5-cbbc-4af2-a7a1-d71aedda8176,C:\Users\Admin\Desktop\OpenLens\Texte\167090_b1cbfc26466a44d93f38aa0458f00919da16461f.txt,C:\Users\Admin\Desktop\OpenLens\Bereinigte_Texte\167090_167090_b1cbfc26466a44d93f38aa0458f00919da16461f.txt,"Landtag Brandenburg
Drucksache 3/4313
3. Wahlperiode
Antwort
der Landesregierung
auf die Kleine Anfrage Nr. 1562
der Abgeordneten Birgit Fechner
Fraktion der DVU
Drucksache 3/4057
Zuwanderungsgesetz
Wortlaut der Kleinen Anfrage Nr. 1562 vom 28.03.02:
Im Zuge der Diskussion über das von der Bundesregierung geplante Zuwanderungsgesetz
antwortete der bayerische Ministerpräsident und Kanzlerkandidat der Unionsparteien Edmund
Stoiber in einem kürzlich verbreiteten Interview mit der SÜDDEUTSCHEN ZEITUNG:
""Deutschland ist auch jetzt kein Einwanderungsland. Wir haben Zuwanderungen vor allen aus
humanitären Gründen, aber wir sind kein klassisches Einwanderungsland.""
Ich frage die Landesregierung:
1.
Ist nach Auffassung der Landesregierung Brandenburg bzw. die Bundesrepublik
Deutschland ein Einwanderungsland? Wenn ja, aus welchen Gründen?
2.
Wenn nein, ist die Landesregierung der Auffassung, dass nach einem möglichen
Inkrafttreten des Zuwanderungsgesetzes die Bundesrepublik Deutschland allmählich
zu einem Einwanderungsland wird?
Namens der Landesregierung beantwortet der Minister des Innern die Kleine Anfrage
wie folgt:
zu Fragen 1 und 2:
Die Landesregierung lehnt es ab, die Zuwanderungsproblematik auf der Basis von auf Polarisierung aufgebauten Fragestellungen zu erörtern. Die Landesregierung hat ihre Position in
dieser Frage in vielfältiger, umfassender und ausgewogener Form öff entlich verdeutlicht und
sich zuletzt im Rahmen der Erörterung des Zuwanderungsgesetzes im Bundesrat positioniert.
Sie verweist daher insoweit auf diese Materialien.
Datum des Eingangs: 08.05.2002 / Ausgegeben: 14.05.2002"
116,16710300000,167103,0,Bezahlung von Verkehrsschäden aufgrund fiktiver Abrechnungen durch die Versicherungen im Lande Brandenburg,167103_8f759d019cad851af8cadf8da3ac7e338e58659f.pdf,1,2,2388,309,https://fragdenstaat.de/dokumente/167103-bezahlung-von-verkehrsschaden-aufgrund-fiktiver-abrechnungen-durch-die-versicherungen-im-lande-brandenburg/,https://media.frag-den-staat.de/files/docs/0a/56/65/0a56658dbafc4a559851a59d98344b81/8f759d019cad851af8cadf8da3ac7e338e58659f.pdf,,,0a56658d-bafc-4a55-9851-a59d98344b81,C:\Users\Admin\Desktop\OpenLens\Texte\167103_8f759d019cad851af8cadf8da3ac7e338e58659f.txt,C:\Users\Admin\Desktop\OpenLens\Bereinigte_Texte\167103_167103_8f759d019cad851af8cadf8da3ac7e338e58659f.txt,"Landtag Brandenburg
Drucksache 3/1749
3. Wahlperiode
Antwort
der Landesregierung
auf die Kleine Anfrage Nr. 646
der Abgeordneten Birgit Fechner
Fraktion der DVU
Landtagsdrucksache 3/1623
Bezahlung
Bezahlung von Verkehrsschäden aufgrund fiktiver Abrechnungen
durch die Versicherungen im Land Brandenburg
durch die Versicherungen im Land Brandenburg
Wortlaut der Kleinen Anfrage Nr. 646 vom 23. August 2000:
Wie Pressemitteilungen der letzten Wochen zu entnehmen war,
plant die Bundesregierung, einen Gesetzentwurf in den Deutschen
Bundestag einzubringen, um in den Fällen von fiktiven Abrechnungen auf Gutachtenbasis bei Kfz-Reparaturen einen pauschalen
Abschlag einzuführen.
Dies wird auch vom Gesamtverband des Deutschen Versicherungswesens gefordert.
Der 38. Deutsche Verkehrsgerichtstag sprach sich jedoch dagegen
aus.
Ich frage die Landesregierung:
1.
In wie vielen Fällen wurden nach Erkenntnissen der Landesregierung vom 01.01.1991 bis 31.07.2000 im Land Brandenburg
Kfz-Schadensreparaturen aufgrund fiktiver Abrechnungen auf
Gutachten- bzw. Kostenvoranschlagsbasis von den Versicherern bezahlt und in wie vielen Fällen aufgrund tatsächlich
vorgelegter Endrechnungen (bitte detaillierte Aufschlüsselung in absoluten und relativen Zahlen)?
2.
Unterstützt die Landesregierung das Vorhaben des Bundesjustizministeriums sowie des Gesamtverbandes der Deutschen
Versicherungswirtschaft, künftig bei fiktiven Abrechnungen
von Kfz-Reparaturen auf Gutachten- bzw. Kostenvoranschlagbasis einen Abschlag einzuführen?
Datum des Eingangs: 26.09.2000 / Ausgegeben: 02.10.2000

Namens
ns der Landesregierung beantwortet der Minister der Justiz
und für Europaangelegenheiten die Kleine Anfrage wie folgt:
und für Europaangelegenheiten die Kleine Anfrage wie folgt:
Zu Frage 1:
Der Landesregierung liegen keine Erkenntnisse darüber vor, in
wie vielen Fällen im Land Brandenburg Kfz-Schadensreparaturen
aufgrund fiktiver Abrechnungen auf Gutachten- bzw. Kostenvoranschlagsbasis von den Versicherern bezahlt wurden und in wie
vielen Fällen aufgrund tatsächlich vorgelegter Endrechnungen.
Statistiken werden dazu nicht geführt. 
Zu Frage 2:
Die Zuständigkeit zur Regelung des in Frage stehenden Sachverhaltes liegt beim Bund. Bisher wurde kein Referenten- oder Regierungsentwurf vorgelegt. Solange dies nicht der Fall ist,
sieht sich die Landesregierung zu einer Stellungnahme in der
Sache außerstande."
117,16714200000,167142,0,Mobile Einsatzgruppe gegen Rechtsextremismus,167142_b02ee109c9d66288f9b31f58d12d43a7e185cead.pdf,1,2,2206,281,https://fragdenstaat.de/dokumente/167142-mobile-einsatzgruppe-gegen-rechtsextremismus/,https://media.frag-den-staat.de/files/docs/e5/fa/59/e5fa599d7dde4012a9a672c2111f71be/b02ee109c9d66288f9b31f58d12d43a7e185cead.pdf,,,e5fa599d-7dde-4012-a9a6-72c2111f71be,C:\Users\Admin\Desktop\OpenLens\Texte\167142_b02ee109c9d66288f9b31f58d12d43a7e185cead.txt,C:\Users\Admin\Desktop\OpenLens\Bereinigte_Texte\167142_167142_b02ee109c9d66288f9b31f58d12d43a7e185cead.txt,"Landtag Brandenburg
Drucksache 3/281
3. Wahlperiode
Antwort
der Landesregierung
auf die Kleine Anfrage Nr. 35
der Abgeordneten Birgit Fechner
Fraktion der DVU
Drucksache 3/62
Mobile Einsatzgruppe gegen Rechtsextremismus
Mobile Einsatzgruppe gegen Rechtsextremismus
Wortlaut der Kleinen Anfrage Nr. 35 vom 29.10.99
Ich frage die Landesregierung:
1.
Welche Aufgaben hat die Mobile Einsatzgruppe gegen Rechtsextremismus der Landespolizei im Lande Brandenburg, bzw. in
welchen Fällen wird sie tätig?
2.
Beabsichtigt die Landesregierung die Aufstellung einer
Mobilen Einsatzgruppe der Landespolizei gegen Linksextremismus?
Namens der Landesregierung beantwortet der Minister des Innern
die Kleine Anfrage wie folgt:
Zu Frage 1:
Zu Frage 1:
Die Bildung der Mobilen Einsatzeinheit gegen Gewalt und Ausländerfeindlichkeit (MEGA) erfolgte mit Erlass des Innenministeriums vom 23.01.1998.
MEGA wurde als präventives Einsatzkonzept in erster Linie zur
Verhinderung von spontan-situativen Gewalthandlungen durch gewaltbereite Gruppierungen eingerichtet, die sich regelmäßig an
bestimmten szenetypischen Orten in der Öffentlichkeit aufhalten
und durch ihr Auftreten das Sicherheitsgefühl der Bevölkerung
nachhaltig negativ beeinflussen. Solche Gruppierungen setzen
sich zum großen Teil aus Jugendlichen und Jungerwachsenen zusammen und sind überwiegend der rechten Szene zuzuordnen.
Die im Projekt MEGA zentral vom Landeskriminalamt geführten und
dezentral in den Polizeipräsidien agierenden Mobilen Einsatztrupps (MET) führen schlagartige Kontrollen an solchen Treffpunkten durch, beseitigen die Anonymität potenzieller Gewalttäter, erhöhen den Verfolgungsdruck und beeinflussen somit die
Tatgelegenheitsstrukturen positiv.
Datum des Eingangs: 06.12.1999 / Ausgegeben: 13.12.1999

Entsprechend der polizeilichen Lage bei politisch motivierten
Gewaltstraftaten war und ist gegenwärtig MEGA überwiegend ein
Instrumentarium zur Bekämpfung von Rechtsextremismus und Fremdenfeindlichkeit.
Die Verhinderung von anderweitig motivierten Gewaltstraftaten,
auch linksextremistischer, steht im Rahmen der übertragenen
Aufgaben ebenso im Blickfeld der Mobilen Einsatztrupps.
Zu Frage 2:
Zu Frage 2:
Nein, siehe Antwort zu Frage 1."
118,16722100000,167221,0,Grobe politische Entgleisung?,167221_b9c5941286ecc6cda36e0d36fe4fa26caa84636c.pdf,1,2,2123,293,https://fragdenstaat.de/dokumente/167221-grobe-politische-entgleisung/,https://media.frag-den-staat.de/files/docs/07/f4/55/07f45595a1914c67a6461937be8eba3b/b9c5941286ecc6cda36e0d36fe4fa26caa84636c.pdf,,,07f45595-a191-4c67-a646-1937be8eba3b,C:\Users\Admin\Desktop\OpenLens\Texte\167221_b9c5941286ecc6cda36e0d36fe4fa26caa84636c.txt,C:\Users\Admin\Desktop\OpenLens\Bereinigte_Texte\167221_167221_b9c5941286ecc6cda36e0d36fe4fa26caa84636c.txt,"Landtag Brandenburg
Drucksache 3/4179
3. Wahlperiode
Antwort
der Landesregierung
auf die Kleine Anfrage 1535
des Abgeordneten Werner Firneburg
Fraktion der DVU
Drucksache 3/4007
""Grobe politische Entgleisung?""
Wortlaut der Kleinen Anfrage Nr. 1535 vom 08.03.2002:
Der stellvertretende SPD-Fraktionsvorsitzende im Deutschen Bundestag, Ludwig Stiegler, hat
durch seine jüngsten Äußerungen heftige Empörung ausgelöst. Der Abgeordnete soll wörtlich
erklärt haben: ""Dabei müsste gerade bei CDU/CSU und FDP, deren Vorläuferparteien am 23.
März 1933 Hitler ermächtigt haben, nachdem sie ihn zuvor verharmlost und mit an die Macht
gebracht haben, die historische Schuld alle denkbaren Aktivitäten auslösen, wenigstens heute
schon den Anfängen zu wehren.""
Ich frage die Landesregierung:
1.
Teilt die Landesregierung die Auffassung des stellvertretenden SPD-Fraktionsvorsitzenden, wonach es Vorläuferparteien von CDU/CSU und FDP gegeben haben soll?
Wenn ja, um welche Vorläuferparteien handelt es sich?
2.
Ist die Landesregierung mit ihrem der SPD angehörigen Regierungschef bereit, sich
von den Äußerungen von Ludwig Stiegler zu distanzieren?
3.
Ist der Landesregierung bekannt, ob frühere Funktionsträger, Abgeordnete oder
Regierungsmitglieder von CDU/CSU und FDP in der Weimarer Republik bestimmten
Parteien angehört haben? Wenn ja, welchen?
4.
Was versteht die Landesregierung unter einer ""historischen Schuld""?
5.
Ist die Äußerung des Abgeordneten Stiegler nach Auffassung der Landesregierung
eine ""grobe politische Entgleisung""?
6.
Teilt die Landesregierung die Auffassung, dass sich der Abgeordnete ""aus dem Kreis
der Demokraten verabschiedet hat""?
7.
Sind der Landesregierung politische Parteien im Land Brandenburg bekannt, die eine
""historische Schuld"" tragen? Wenn ja, um welche Parteien handelt es sich?
Datum des Eingangs: 17.04.2002 / Ausgegeben: 22.04.2002

Namens der Landesregierung beantwortet der Chef der Staatskanzlei die Kleine
Anfrage wie folgt:
Zu Fragen 1 - 7:
Es ist nicht Aufgabe der Landesregierung, allgemeinpolitische Äußerungen von Abgeordneten
des Deutschen Bundestages zu kommentieren oder zu werten."
119,16726000000,167260,0,Hilfe bei Katastrophen,167260_8de202a0d7439bd65c91c9db50e9c901824dc924.pdf,1,2,2217,313,https://fragdenstaat.de/dokumente/167260-hilfe-bei-katastrophen/,https://media.frag-den-staat.de/files/docs/2a/90/51/2a9051a77b1e467faeedec051a71ecd1/8de202a0d7439bd65c91c9db50e9c901824dc924.pdf,,,2a9051a7-7b1e-467f-aeed-ec051a71ecd1,C:\Users\Admin\Desktop\OpenLens\Texte\167260_8de202a0d7439bd65c91c9db50e9c901824dc924.txt,C:\Users\Admin\Desktop\OpenLens\Bereinigte_Texte\167260_167260_8de202a0d7439bd65c91c9db50e9c901824dc924.txt,"Landtag Brandenburg
Drucksache 3/3597
3. Wahlperiode
Antwort
der Landesregierung
auf die Kleine Anfrage Nr. 1344
des Abgeordneten Michael Claus
Fraktion der DVU
Drucksache 3/3481
Hilfe bei Katastrophen
Hilfe bei Katastrophen
Wortlaut der Kleinen Anfrage Nr. 1344 vom 25.10.2001:
Wie Pressemeldungen zu entnehmen ist, haben die Innenminister
des Landes Brandenburg und des Staates Polen eine Vereinbarung
zur gegenseitigen Hilfeleistung bei Katastrophen und schweren
Unglücksfällen unterzeichnet.
Ich frage die Landesregierung:
1.
Bedeutet die gegenseitige Hilfeleistung, dass auch Kräfte
des brandenburgischen Katastrophenschutzes in Polen eingesetzt werden?
2.
Von welcher staatlichen Stelle in Deutschland wird ein möglicher Katastropheneinsatz in Polen angeordnet?
3.
Welche Mittel wurden oder werden im Haushalt speziell für
die gegenseitige Hilfe bereitgestellt?
Namens
ns der Landesregierung beantwortet der Minister des Innern
die Kleine Anfrage wie folgt:
die Kleine Anfrage wie folgt:
Vorab weise ich darauf hin, dass die o.g. Vereinbarung erst noch
zwischen dem Ministerium des Innern des Landes Brandenburg und
dem Minister für Innere Angelegenheiten und Öffentliche Verwaltung der Republik Polen abgeschlossen werden soll. Die Landesregierung hat jedoch am 23. Oktober diesen Jahres dem Abschluss
dieser Vereinbarung zugestimmt.
zu Frage 1:
Die gegenseitige Hilfeleistung bedeutet, dass auch Kräfte des
brandenburgischen Katastrophenschutzes in Polen eingesetzt werden, wenn sie von polnischer Seite angefordert werden und die
erbetene Hilfe auch gewährt wird.
Datum des Eingangs: 04.12.2001 / Ausgegeben: 11.12.2001

zu Frage 2:
Es gibt verschiedene staatliche Stellen in Deutschland, die über
die Gewährung von Hilfe entscheiden. 
a)
Sollte sich die Regierung der Republik Polen an die Bundesregierung wenden, liegt die Entscheidung bei ihr. Dabei
kann der Bund auf Kräfte der Länder zurückgreifen, trägt
aber die Kosten für deren Einsatz.
b)
Wird das Hilfeersuchen an eine Landesregierung gerichtet,
so entscheidet diese über den Einsatz und trägt hierfür
auch die Kosten.
zu Frage 3:
Im Haushalt des Landes Brandenburg wurden und werden keine Mittel speziell für die gegenseitige Hilfe bereitgestellt."
120,16729500000,167295,0,Einrichtungen der Kinder- und Jugendhilfe im Land Brandenburg,167295_6d198bc39e3d14485ac3618488afea7438db769f.pdf,1,2,2376,320,https://fragdenstaat.de/dokumente/167295-einrichtungen-der-kinder-und-jugendhilfe-im-land-brandenburg/,https://media.frag-den-staat.de/files/docs/b9/64/4c/b9644c32b03a4c609a6eb2192bf2677b/6d198bc39e3d14485ac3618488afea7438db769f.pdf,,,b9644c32-b03a-4c60-9a6e-b2192bf2677b,C:\Users\Admin\Desktop\OpenLens\Texte\167295_6d198bc39e3d14485ac3618488afea7438db769f.txt,C:\Users\Admin\Desktop\OpenLens\Bereinigte_Texte\167295_167295_6d198bc39e3d14485ac3618488afea7438db769f.txt,"Landtag Brandenburg
Drucksache 3/817
3. Wahlperiode
Antwort
der Landesregierung
Einrichtungen der Kinder- und Jugendhilfe im Land Brandenburg
Einrichtungen der Kinder- und Jugendhilfe im Land Brandenburg
Wortlaut der Kleinen Anfrage 277 vom 14.02.2000:
Ich frage die Landesregierung:
1.
Wie viele Einrichtungen der Kinder- und Jugendhilfe im Land
Brandenburg gibt es, und wo befinden sich diese (bitte
detaillierte Aufschlüsselung)?
2.
Mit welchen finanziellen Mitteln werden die unter 1. genannten Einrichtungen jeweils gefördert (bitte detaillierte
Aufschlüsselung nach Bundes-, Landes-, kommunalen und EU-
Mitteln)?
3.
Wie viele haupt- bzw. nebenamtliche Mitarbeiter werden den
unter 1. genannten Einrichtungen jeweils beschäftigt (bitte
detaillierte Aufschlüsselung)?
Namens der Landesregierung beantwortet der Minister für Bildung,
Jugend und Sport die Kleine Anfrage wie folgt:
Jugend und Sport die Kleine Anfrage wie folgt:
Zu Frage 1:
Im Land Brandenburg gibt es überschlägig etwa 3 470 Einrichtungen der Kinder- und Jugendhilfe, darunter 1 933 Kindertagesstätten (14 Krippen, 14 Kindergärten, 444 Horte und 1 460 Einrichtungen mit gemischten Angeboten), 239 Einrichtungen der Hilfen
zur Erziehung (145 Heime und sonstige betreute Wohnformen nach
§ 34 SGB VIII, 50 Tagesgruppen, 44 Erziehungsberatungsstellen)
und etwa 1 300 Einrichtungen der Jugendarbeit und Jugendsozialarbeit (darunter 1 246 Jugendfreizeiteinrichtungen). Eine detaillierte Aufschlüsselung ist im Rahmen der Beantwortung einer
Kleinen Anfrage nicht möglich. Zur Darstellung der Handlungsfelder der Kinder- und Jugendhilfe wird auf den Kinder- und
Jugendbericht der Landesregierung vom 8. September 1998 verwiesen.
Datum des Eingangs: 22.03.2000 / Ausgegeben: 27.03.2000

Zu Frage 2:
Die Einrichtungen der Kinder- und Jugendhilfe werden überwiegend
aus kommunalen Mitteln finanziert. Hinzu kommen Landeszuschüsse
nach dem Kindertagesstättengesetz und aus dem Landesjugendplan.
EU-Mittel werden lediglich im Bereich der beruflichen Hilfen in
der Jugendsozialarbeit eingesetzt. Eine detaillierte Aufschlüsselung ist im Rahmen der Beantwortung einer Kleinen Anfrage
nicht möglich.
Zu Frage 3:
Die genaue Zahl der haupt- und nebenamtlichen Mitarbeiter in der
Kinder- und Jugendhilfe ist der Landesregierung nicht bekannt.
Eine Erhebung ist im Rahmen der Beantwortung einer Kleinen Anfrage nicht leistbar."
121,16731700000,167317,0,Rechtsreformvorhaben zum Strafrecht,167317_f3719ea0d20932cc937cf22d4bb848369c5e6f6b.pdf,1,1,1257,165,https://fragdenstaat.de/dokumente/167317-rechtsreformvorhaben-zum-strafrecht/,https://media.frag-den-staat.de/files/docs/69/88/68/698868c813fb4e19b9953b4e6428ea80/f3719ea0d20932cc937cf22d4bb848369c5e6f6b.pdf,,,698868c8-13fb-4e19-b995-3b4e6428ea80,C:\Users\Admin\Desktop\OpenLens\Texte\167317_f3719ea0d20932cc937cf22d4bb848369c5e6f6b.txt,C:\Users\Admin\Desktop\OpenLens\Bereinigte_Texte\167317_167317_f3719ea0d20932cc937cf22d4bb848369c5e6f6b.txt,"Landtag Brandenburg
Drucksache 3/1499
3. Wahlperiode
Antwort
der Landesregierung
auf die Kleine Anfrage 525
des Abgeordneten Siegmar Peter Schuldt
Fraktion der DVU
Landtagsdrucksache 3/1301
Rechtsreformvorhaben zum Strafrecht
Rechtsreformvorhaben zum Strafrecht
Wortlaut der Kleinen Anfrage 525 vom 9. Juni 2000:
In den Ausschüssen des Bundestages wird der Entwurf eines Gesetzes zur Änderung des Strafgesetzbuches (§§ 43, 44, 51, 54,
59, 59 a StGB und der Strafprozessordnung §§ 153, 267 StPO) -
Gesetz zur Verbesserung des strafrechtlichen Sanktionensystems –
beraten. Die Vorlage wurde durch den Bundesrat am 16. Februar
1999 eingebracht. 
Ich frage die Landesregierung:
1.
Wie hat sich die Landesregierung zu den beantragten Gesetzesänderungen positioniert?
2.
Ist die Landesregierung der Auffassung, dass der Straftatbestand der Beförderungserschleichung (""Schwarzfahren"")
durch einen Ordnungswidrigkeitentatbestand zu ersetzen ist?
Namens
ns der Landesregierung beantwortet der Minister der Justiz
und Europaangelegenheiten die Kleine Anfrage wie folgt:
und Europaangelegenheiten die Kleine Anfrage wie folgt:
Zu Frage 1:
Brandenburg hat das Gesetzgebungsvorhaben unterstützt. 
Zu Frage 2:
Nein.
Datum des Eingangs: 17.07.2000 / Ausgegeben: 24.07.2000"
122,16740500000,167405,0,Abschiebungen von Frauen und Kindern 1998 und 1999,167405_b18867cfd04cc6c75d9f075f33249ec90ac4c2d9.pdf,1,1,1630,234,https://fragdenstaat.de/dokumente/167405-abschiebungen-von-frauen-und-kindern-1998-und-1999/,https://media.frag-den-staat.de/files/docs/2d/7e/d0/2d7ed0b8db2545f195a40aea0aeb56be/b18867cfd04cc6c75d9f075f33249ec90ac4c2d9.pdf,,,2d7ed0b8-db25-45f1-95a4-0aea0aeb56be,C:\Users\Admin\Desktop\OpenLens\Texte\167405_b18867cfd04cc6c75d9f075f33249ec90ac4c2d9.txt,C:\Users\Admin\Desktop\OpenLens\Bereinigte_Texte\167405_167405_b18867cfd04cc6c75d9f075f33249ec90ac4c2d9.txt,"Landtag Brandenburg
Drucksache 3/706
3. Wahlperiode
Antwort
der Landesregierung
auf die Kleine Anfrage Nr. 235
des Abgeordneten Stefan Sarrach
Fraktion der PDS
Drucksache 3/565
Abschiebungen von Frauen und Kindern 1998 und 1999
Abschiebungen von Frauen und Kindern 1998 und 1999
Wortlaut der Kleinen Anfrage Nr. 235 vom 31.01.2000:
Mit der Drucksache 3/341 hat die Landesregierung meine Kleine
Anfrage zur Anzahl der Abschiebungen durch die Ausländerbehörden
im Land Brandenburg beantwortet.
Darauf Bezug nehmend frage ich die Landesregierung:
1.
Wie viele Frauen waren unter den abgeschobenen Personen
(bitte gegliedert nach Ausländerbehörden, Herkunftsländern
und Staaten, in die abgeschoben wurde)?
2.
Wie viele Kinder waren unter den abgeschobenen Personen
(bitte gegliedert nach Ausländerbehörden, Herkunftsländern
und Staaten, in die abgeschoben wurde)?
3.
Wie viele Kinder waren davon unbegleitet?
Namens
ns der Landesregierung beantwortet der Minister des Innern
die Kleine Anfrage wie folgt:
die Kleine Anfrage wie folgt:
zu Frage 1 bis 3:
Diese Angaben liegen der Landesregierung nicht vor. 
Statistiken zu diesen Fragen können nur in den für die Abschiebungen von Ausländern zuständigen Ausländerbehörden des Landes
Brandenburg erfragt werden, die unter Hinzuziehung aller Akten
der bereits abgeschobenen Personen die Zahlen erfassen und statistisch aufbereiten müssten. 
Im Rahmen der gemäß § 60 Abs. 3 GOLT zur Verfügung stehenden
Zeit für die Beantwortung einer Kleinen Anfrage ist der Landesregierung die von dem Fragesteller erbetene Auskunft nicht möglich. 
Datum des Eingangs: 01.03.2000 / Ausgegeben: 06.03.2000"
123,16748900000,167489,0,Mehrausgaben für Asylbewerber,167489_9ca9d893f3a81b6718d375918b8dba540b561435.pdf,1,2,2074,282,https://fragdenstaat.de/dokumente/167489-mehrausgaben-fur-asylbewerber/,https://media.frag-den-staat.de/files/docs/00/79/d3/0079d3f9981c45d7a81c1c3cb89f781b/9ca9d893f3a81b6718d375918b8dba540b561435.pdf,,,0079d3f9-981c-45d7-a81c-1c3cb89f781b,C:\Users\Admin\Desktop\OpenLens\Texte\167489_9ca9d893f3a81b6718d375918b8dba540b561435.txt,C:\Users\Admin\Desktop\OpenLens\Bereinigte_Texte\167489_167489_9ca9d893f3a81b6718d375918b8dba540b561435.txt,"Landtag Brandenburg
Drucksache 3/1190
3. Wahlperiode
Antwort
der Landesregierung
auf die Kleine Anfrage Nr. 447
des Abgeordneten Werner Firneburg
Fraktion der DVU
Landtagsdrucksache 3/1019
Mehrausgaben für Asylbewerber
Mehrausgaben für Asylbewerber
Ich frage die Landesregierung:
1.
Ist es zutreffend, dass ab 1. Juni 2000 die höheren Leistungen nach dem Bundessozialhilfegesetz gewährt werden,
sofern die Betroffenen schon drei Jahre lang die abgesenkten Beträge nach dem Asylbewerberleistungsgesetz bezogen
haben?
2.
Wenn ja, werden die betreffenden Ausländer nach der jetzigen Gesetzeslage monatlich durchschnittlich 100 DM mehr
erhalten?
3.
Wie weit wird der Landeshaushalt aufgrund der bisherigen
Gesetzeslage in den Jahren 2000 und 2001 belastet?
4.
Wird sich die Landesregierung im Bundesrat dafür einsetzen,
die zeitliche Befristung der Sozialhilfeabsenkung aus dem
Asylbewerberleistungsgesetz zu streichen, wie dies bereits
ein Gesetzentwurf der CSU-Landesgruppe im Bundestag vorsieht?
Datum des Eingangs: 22.05.2000 / Ausgegeben: 29.05.2000

Namens der Landesregierung beantwortet der Minister für Arbeit,
der Minister für Arbeit,
Soziales, Gesundheit und Frauen die Kleine Anfrage wie folgt:
Soziales, Gesundheit und Frauen die Kleine Anfrage wie folgt:
zu Frage 1:
Zutreffend ist, dass ab 1. Juni 2000 auf Leistungsgsberechtigte
unter den Voraussetzungen des § 2 des Asylbewerberleistungsgesetzes (AsylbLG) abweichend von den §§ 3 bis 7 AsylbLG das Bundessozialhilfegesetz (BSHG) entsprechend anzuwenden ist.
zu Frage 2:
Der Durchschnitt der höheren Leistungen ist der Landesregierung
nicht bekannt. 
zu Frage 3:
Die Frage kann zum gegenwärtigen Zeitpunkt nicht beantwortet
werden, da die Anzahl derjenigen Leistungsempfänger, bei denen
die Voraussetzungen des § 2 AsylbLG vorliegen, noch nicht bekannt ist. 
zu Frage 4:
Die Landesregierung geht davon aus, dass ein entsprechender
Gesetzentwurf im Bundestag keine Mehrheit findet, sodass eine
erneute Befassung mit der vom Bundesrat bereits abgelehnten
Gesetzesinitiative des Landes Hessen nicht zu erwarten ist."
124,16749500000,167495,0,Rede des Bundespräsidenten,167495_43263a8be4c2ac0425af8a819cbbaf507552736b.pdf,1,1,1650,222,https://fragdenstaat.de/dokumente/167495-rede-des-bundesprasidenten/,https://media.frag-den-staat.de/files/docs/ef/5a/7d/ef5a7da9634c45fdaa7dce609f19315f/43263a8be4c2ac0425af8a819cbbaf507552736b.pdf,,,ef5a7da9-634c-45fd-aa7d-ce609f19315f,C:\Users\Admin\Desktop\OpenLens\Texte\167495_43263a8be4c2ac0425af8a819cbbaf507552736b.txt,C:\Users\Admin\Desktop\OpenLens\Bereinigte_Texte\167495_167495_43263a8be4c2ac0425af8a819cbbaf507552736b.txt,"Landtag Brandenburg
Drucksache 3/2692
3. Wahlperiode
Antwort
der Landesregierung
auf die Kleine Anfrage Nr. 1005
des Abgeordneten Werner Firneburg
Fraktion der DVU
Landtagsdrucksache 3/2553
Rede des Bundespräsidenten
Rede des Bundespräsidenten
Am 12. Mai 2000 sprach sich der Bundespräsident Johannes Rau in
seiner Berliner Rede ""Ohne Angst und ohne Träumereien: Gemeinsam
in Deutschland leben"" für Gesetze zur Förderung der Integration
aus. Die Integration sei eine gesellschaftliche Aufgabe aller
erster Ordnung und ""sollte uns so wichtig sein, dass wir dafür
eine gesetzliche Grundlage schaffen"".
Ich frage die Landesregierung:
1.
Hält die Landesregierung gesetzliche Regelungen, wie vom
Bundespräsidenten gefordert, für notwendig?
2.
Wenn ja, welchen Inhalt sollten diese gesetzlichen Regelungen haben?
3.
Plant die Landesregierung selbst solche gesetzlichen Regelungen?
Namens der Landesregierung beantwortet der Minister für Arbeit,
der Minister für Arbeit,
Soziales, Gesundheit und Frauen die Kleine Anfrage wie folgt:
Soziales, Gesundheit und Frauen die Kleine Anfrage wie folgt:
zu Fragen 1 - 3:
Eine Meinungsbildung, ob, mit welchem Inhalt und in welcher Art
und Weise neue integrationsgesetzliche Regelungen erforderlich
sind, hat innerhalb der Landesregierung noch nicht stattgefunden. Die Landesregierung ist der Auffassung, dass hierzu zunächst der weitere Fortgang der bundespolitischen Debatte zur
Zuwanderung und insbesondere der Bericht der von der Bundesregierung eingesetzten unabhängigen Zuwanderungskommission unter
Vorsitz von Frau Prof. Süßmuth abgewartet werden sollte.
Datum des Eingangs: 25.04.2001 / Ausgegeben: 02.05.2001"
125,16751500000,167515,0,Kita-Kürzungen als Grundgesetzauftrag,167515_e96e1be508faab331e34392bf912d388c9d3fadd.pdf,1,2,2037,267,https://fragdenstaat.de/dokumente/167515-kita-kurzungen-als-grundgesetzauftrag/,https://media.frag-den-staat.de/files/docs/4c/bc/7c/4cbc7c036dcd4a1b8b2831e9706299d2/e96e1be508faab331e34392bf912d388c9d3fadd.pdf,,,4cbc7c03-6dcd-4a1b-8b28-31e9706299d2,C:\Users\Admin\Desktop\OpenLens\Texte\167515_e96e1be508faab331e34392bf912d388c9d3fadd.txt,C:\Users\Admin\Desktop\OpenLens\Bereinigte_Texte\167515_167515_e96e1be508faab331e34392bf912d388c9d3fadd.txt,"Landtag Brandenburg
Drucksache 3/922
3. Wahlperiode
Antwort
der Landesregierung
auf die Kleine Anfrage 315
der Abgeordneten Kerstin Kaiser-Nicht
Fraktion der PDS
Drucksache 3/768
Kita-Kürzungen als Grundgesetzauftrag?
Kita-Kürzungen als Grundgesetzauftrag?
Wortlaut der Kleinen Anfrage 315 vom 09.03.2000:
Nach Presseveröffentlichungen hat der Minister für Bildung,
Jugend und Sport in einer Veranstaltung in Gransee am 28.02.2000
die Einschränkungen und Mittelkürzungen im Kita-Bereich u. a.
damit begründet, dass die Landesregierung durch das Grundgesetz
der Bundesrepublik Deutschland gehalten sei, ""gleiche Lebensverhältnisse"" wie in den anderen Ländern zu schaffen. Dies sei
auch der Hintergrund für die Änderungen im Kita-Gesetz.
Ohne hier diskutieren zu wollen, dass das Grundgesetz keine
""gleichen Lebensbedingungen"" fordert, frage ich die Landesregierung:
Mit welcher Begründung interpretieren Mitglieder der Landesregierung das Grundgesetz so, dass eine Absenkung von sozialen
Standards als Auftrag des Grundgesetzes unter der angeblichen
Zielstellung der Schaffung ""gleicher Lebensverhältnisse"" ausgegeben werden kann?
Namens der Landesregierung beantwortet der Minister für Bildung,
Jugend und Sport die Kleine Anfrage wie folgt:
Jugend und Sport die Kleine Anfrage wie folgt:
Die Landesregierung weist darauf hin, dass die Äußerungen des
Ministers für Bildung, Jugend und Sport nicht zutreffend wiedergegeben, sondern aus dem Argumentationszusammenhang gerissen
wurden. Tatsächlich wurde auf den im Vergleich der Bundesländer
erheblich höheren Umfang des Tagesbetreuungsangebots in Brandenburg verwiesen.
Datum des Eingangs: 05.04.2000 / Ausgegeben: 10.04.2000

Allerdings sind die bessere Ausstattung mit Plätzen und die
langen Betreuungszeiten selbstverständlich allein keine Begründung für die Reform des Kindertagesstättenbereichs. Die Landesregierung wird den entsprechenden Entwurf zur Änderung des Kindertagesstättengesetzes nach der Beschlussfassung im Kabinett
dem Landtag mit einer eingehenden Begründung zuleiten."
126,16766600000,167666,0,"Bildung ""virtueller"" Finanzämter",167666_20fb4747a99a0ed99aff64ad8128e9ff95d3837b.pdf,1,2,1825,240,https://fragdenstaat.de/dokumente/167666-bildung-virtueller-finanzamter/,https://media.frag-den-staat.de/files/docs/2f/34/46/2f34460c2ce34a0eb6066c01ff430fa0/20fb4747a99a0ed99aff64ad8128e9ff95d3837b.pdf,,,2f34460c-2ce3-4a0e-b606-6c01ff430fa0,C:\Users\Admin\Desktop\OpenLens\Texte\167666_20fb4747a99a0ed99aff64ad8128e9ff95d3837b.txt,C:\Users\Admin\Desktop\OpenLens\Bereinigte_Texte\167666_167666_20fb4747a99a0ed99aff64ad8128e9ff95d3837b.txt,"Landtag Brandenburg
Drucksache 3/974
3. Wahlperiode
Antwort
der Landesregierung
auf die Kleine Anfrage 3/327
des Abgeordneten Sigmar-Peter Schuldt
Fraktion der DVU
Drucksache 3/794
Bildung ""virtueller"" Finanzämter
Bildung ""virtueller"" Finanzämter
Während der Sitzung des Ausschusses für Haushalt und Finanzen am
9. März 2000 gab Finanzstaatssekretär Dr. Mentrup Informationen
zur aktuellen Lage der Finanzämter im Land Brandenburg.
Bei dieser Gelegenheit erklärte er, dass langfristig die Bildung
sogenannter ""virtueller"" Finanzämter, mit denen der Bürger und
Steuerzahler nur mehr auf den EDV-Wege kommuniziert, angedacht
sei.
Ich frage die Landesregierung:
1.
Welche Ausbildung müssten nach heutigen Erkenntnissen der
Landesregierung die Mitarbeiter solcher ""virtueller"" Finanzämter haben?
2.
Welche Umstrukturierungsmaßnahmen innerhalb des heute bestehenden Systems von Finanzämtern im Land Brandenburg
wären nötig, um für Teilbereiche oder langfristig für alle
Aufgaben der Finanzbehörden die Bildung solcher ""virtueller"" Finanzämter zu ermöglichen?
Datum des Eingangs: 12.04.2000 / Ausgegeben: 17.04.2000

Namens der Landesregierung beantwortet die Ministerin der Finanzen die Kleine Anfrage wie folgt:
zen die Kleine Anfrage wie folgt:
zu Frage 1:
Neben der steuerfachlichen Ausbildung müssten weitergehende
Anwenderkenntnisse auf dem Gebiet der Informations- und Kommunikationstechnik vermittelt werden.
Zu Frage 2:
Die Einrichtung ""virtueller"" Finanzämter muss als langfristige
Maßnahme betrachtet werden, da sie maßgeblich von der Entwicklung der Informationstechnik und dem Ausbau notwendiger Datennetze abhängt. Fertige Konzepte liegen derzeit noch nicht vor.
Mit der Möglichkeit der elektronischen Übermittlung von Steuererklärungen an die Finanzämter ist jedoch ein erster Schritt in
diese Richtung getan worden."
127,16768800000,167688,0,Eingriff in das föderale System der Landeszentralbanken,167688_f408e3ec899382fe044029203d08677ac37fffd3.pdf,1,2,1992,261,https://fragdenstaat.de/dokumente/167688-eingriff-in-das-foderale-system-der-landeszentralbanken/,https://media.frag-den-staat.de/files/docs/04/87/27/048727482afc40bf925b4c3211d3710c/f408e3ec899382fe044029203d08677ac37fffd3.pdf,,,04872748-2afc-40bf-925b-4c3211d3710c,C:\Users\Admin\Desktop\OpenLens\Texte\167688_f408e3ec899382fe044029203d08677ac37fffd3.txt,C:\Users\Admin\Desktop\OpenLens\Bereinigte_Texte\167688_167688_f408e3ec899382fe044029203d08677ac37fffd3.txt,"Landtag Brandenburg
Drucksache 3/2705
3. Wahlperiode
Antwort
der Landesregierung
auf die Kleine Anfrage Nr. 1010
des Abgeordneten Sigmar-Peter Schuldt
Fraktion der DVU
Drucksache 3/2558
Eingriff in das föderale System der Landeszentralbanken
Eingriff in das föderale System der Landeszentralbanken
Wortlaut der Kleinen Anfrage Nr. 1010:
Bundesfinanzminister Eichel will bis zum Sommer ein Gesetzentwurf vorlegen, der vorsieht, dass der Zentralbankrat, in dem die
neun Zentralbankpräsidenten die Geschicke der Bundesbank mitbestimmen, aufgelöst wird. Die Bankaufsicht soll neu geregelt
werden.
Ich frage die Landesregierung:
1.
Wie beurteilt die Landesregierung die Vorschläge des Bundesfinanzministers?
2.
Wird sich die Landesregierung gegenüber der Bundesregierung
für eine Beibehaltung der föderalen Bundesbankenstruktur
und der dezentralen Bankenaufsicht einsetzen?
3.
Wird die Landesregierung einen Gesetzentwurf, der auf dem
Eichel – Modell basiert, im Bundesrat ablehnen?
4.
Welche Änderungsvorstellungen wird die Landesregierung in
die laufende Debatte einbringen?
Datum des Eingangs: 26.04.2001 / Ausgegeben: 03.05.2001

Namens der Landesregierung beantwortet die Ministerin der Finanzen die Kleine Anfrage wie folgt:
zen die Kleine Anfrage wie folgt:
Zu Frage 1:
Die zu erwartenden Gesetzentwürfe zur Strukturreform der Bundesbank und zur Zusammenführung der Aufsichtsämter liegen noch
nicht vor. Die Landesregierung wird sich mit dem Konzept des
Bundesfinanzministers zur Bundesbankstrukturreform und zur Bundesanstalt für Finanzmarktaufsicht auseinandersetzen, sobald ihr
die Gesetzentwürfe vorliegen.
Zu Frage 2:
Die Landesregierung hat die auf eine Beibehaltung der dezentralen Bundesbankstruktur zielende Position der Länder von Anfang
an unterstützt und mitgetragen.
Zu Frage 3:
Die Landesregierung wird sich mit den Gesetzentwürfen zu gegebener Zeit auseinandersetzen und gegebenenfalls Änderungsvorschläge einbringen.
Zu Frage 4:
Es wird auf die Antwort zu Frage 3 verwiesen."
128,16773500000,167735,0,Schulprojekte gegen Rechts im Land Brandenburg,167735_98e84534e1d1495be9302f1b0f4fe115d1124337.pdf,1,2,2142,286,https://fragdenstaat.de/dokumente/167735-schulprojekte-gegen-rechts-im-land-brandenburg/,https://media.frag-den-staat.de/files/docs/20/fb/2b/20fb2b11589940f6900b6c1cc553d4a2/98e84534e1d1495be9302f1b0f4fe115d1124337.pdf,,,20fb2b11-5899-40f6-900b-6c1cc553d4a2,C:\Users\Admin\Desktop\OpenLens\Texte\167735_98e84534e1d1495be9302f1b0f4fe115d1124337.txt,C:\Users\Admin\Desktop\OpenLens\Bereinigte_Texte\167735_167735_98e84534e1d1495be9302f1b0f4fe115d1124337.txt,"Landtag Brandenburg
Drucksache 3/2206
3. Wahlperiode
Antwort
der Landesregierung
auf die Kleine Anfrage 833
der Abgeordneten Birgit Fechner
Fraktion der DVU
Drucksache 3/2049
Schulprojekte gegen Rechts im Land Brandenburg
Schulprojekte gegen Rechts im Land Brandenburg
Wortlaut der Kleinen Anfrage 833 vom 22.11.2000:
Laut Pressemeldungen fördert das Bildungsministerium des Landes
Brandenburg das Projekt ""Zeitzeugen zur deutschen Geschichte im
Unterricht"" mit 68.000,00 DM.
Überlebende der NS-Verfolgung würden historisches Wissen vertiefen und auf rechtsextreme Gefahren aufmerksam machen.
Das Projekt werde von der Regionalen Arbeitsstelle für Ausländerfragen, Jugendarbeit und Schule realisiert.
Ich frage die Landesregierung:
1.
Welche konkreten bildungspolitischen Inhalte hat das in der
Vorbemerkung genannte Projekt?
2.
Welche konkreten Ziele sollen durch das in der Vorbemerkung
genannte Projekt erreicht werden?
3.
In welchen Haushaltstiteln sind die Mittel für das in der
Vorbemerkung genannte Projekt veranschlagt?
4.
Werden nach Erkenntnissen der Landesregierung auch Projekte
- ähnlich dem in der Vorbemerkung genannten - gefördert,
welche sich mit linksextremistischen Gefahren beschäftigten?
Datum des Eingangs: 03.01.2001 / Ausgegeben: 08.01.2001

Namens der Landesregierung beantwortet der Minister für Bildung,
Jugend und Sport die Kleine Anfrage wie folgt:
Jugend und Sport die Kleine Anfrage wie folgt:
Zu den Fragen 1, 2 und 4:
Zeitzeuginnen und Zeitzeugen des Nationalsozialismus, des Holocausts und des Stalinismus besuchen brandenburgische Schulen und
berichten Schülerinnen und Schülern über ihre persönlichen Erfahrungen.
Das Projekt ""Zeitzeugen der deutschen Geschichte im Unterricht""
vermittelt und begleitet Zeitzeugen des Nationalsozialismus
sowie Opfer des Stalinismus 1945 - 1950.
Ziel ist gemäß § 4 Abs. 4 Nr. 10 des Brandenburgischen Schulgesetzes, ""Ursachen und Gefahren der Ideologie des Nationalsozialismus sowie anderer zur Gewaltherrschaft strebender politischer
Lehren zu erkennen und ihnen entgegenzuwirken"".
Zu Frage 3:
Das Projekt wurde aus Einnahmen aus der Konzessionsabgabe (Lotto) bezuschusst."
129,16773700000,167737,0,Partnerschaft zwischen dem Land Brandenburg und der Region Königsberg (Ostpreußen),167737_ee8d2ac86915766499b70131ecd13fe426aae668.pdf,1,2,1656,223,https://fragdenstaat.de/dokumente/167737-partnerschaft-zwischen-dem-land-brandenburg-und-der-region-konigsberg-ostpreuen/,https://media.frag-den-staat.de/files/docs/0b/19/73/0b19735b0ea643d6b529c55e394dc1f4/ee8d2ac86915766499b70131ecd13fe426aae668.pdf,,,0b19735b-0ea6-43d6-b529-c55e394dc1f4,C:\Users\Admin\Desktop\OpenLens\Texte\167737_ee8d2ac86915766499b70131ecd13fe426aae668.txt,C:\Users\Admin\Desktop\OpenLens\Bereinigte_Texte\167737_167737_ee8d2ac86915766499b70131ecd13fe426aae668.txt,"Landtag Brandenburg
Drucksache 3/536
3. Wahlperiode
Antwort
der Landesregierung
auf die Kleine Anfrage 188
des Abgeordneten Werner Firneburg
Fraktion der DVU
Landtagsdrucksache 3/377
Partnerschaft
Partnerschaft zwischen dem Land Brandenburg und der Region Königsberg (Ostpreußen)
nigsberg (Ostpreußen)
Wortlaut der Kleinen Anfrage 188 vom 22. Dezember 1999:
Ich frage die Landesregierung:
1.
Welche konkreten Projekte wurden seit Beginn der Partnerschaft Brandenburgs mit der Region Königsberg seit 1994
verwirklicht?
2.
Welche konkreten Inhalte hat die Ausstellung ""Brandenburg
stellt sich vor"" im kommenden Jahr?
3.
Wie viele Mitarbeiter sind im Deutsch-Russischen Haus in
Königsberg beschäftigt, und welche konkreten Aufgabengebiete hat dieses?
Datum des Eingangs: 24.01.2000 / Ausgegeben: 31.01.2000

Namens
ns der Landesregierung beantwortet der Minister der Justiz
und für Europaangelegenheiten die Kleine Anfrage wie folgt:
und für Europaangelegenheiten die Kleine Anfrage wie folgt:
Zu Frage 1:
Die Regierung des Landes Brandenburg hat mit der Gebietsverwaltung Kaliningrad der Russischen Föderation am 22. April 1994
eine Vereinbarung über Zusammenarbeit geschlossen. Im Rahmen
dieser Zusammenarbeit sind bisher vorrangig Projekte im Bereich
Landwirtschaft verwirklicht worden. Es wurden gebrauchte Landtechnik und Saatgut geliefert und eine Technikstation zur Pflege
und Wartung der übergebenen Technik eingerichtet.
Zu Frage 2:
Eine Konzeption für mögliche Ausstellungen wird derzeit in Zusammenarbeit verschiedener Ressorts erarbeitet.
Zu Frage 3:
Entfällt, da das Land Brandenburg am Deutsch-Russischen Haus in
Kaliningrad nicht beteiligt ist."
130,16775400000,167754,0,Verkehrschaos am neuen Lausitzring,167754_b44b6b7ace37766288de44f1fb1114620e6ae671.pdf,1,2,2073,290,https://fragdenstaat.de/dokumente/167754-verkehrschaos-am-neuen-lausitzring/,https://media.frag-den-staat.de/files/docs/bb/0a/b1/bb0ab19dd4e7461d95fc7713148525c9/b44b6b7ace37766288de44f1fb1114620e6ae671.pdf,,,bb0ab19d-d4e7-461d-95fc-7713148525c9,C:\Users\Admin\Desktop\OpenLens\Texte\167754_b44b6b7ace37766288de44f1fb1114620e6ae671.txt,C:\Users\Admin\Desktop\OpenLens\Bereinigte_Texte\167754_167754_b44b6b7ace37766288de44f1fb1114620e6ae671.txt,"Landtag Brandenburg
Drucksache 3/1863
3. Wahlperiode
Antwort
der Landesregierung
auf die Kleine Anfrage 645
der Abgeordneten Liane Hesselbarth
Fraktion der DVU
Drucksache 3/1622
Wortlaut der Kleinen Anfrage 645:
Verkehrschaos am neuen Lausitzring
Verkehrschaos am neuen Lausitzring
Das befürchtete Verkehrschaos bei der Eröffnung des ""Euro-Speedway-Lausitzring"" ist eingetroffen.
Ich frage die Landesregierung:
1.
Welche konkreten Maßnahmen will die Landesregierung unternehmen, um die Zufahrtsstraßen zum Lausitzring kurzfristig
auszubauen und die Infrastruktur im Umfeld des Lausitzrings
zu verbessern?
2.
Wie steht die Landesregierung zu dem Vorschlag, den ca. 400
Millionen DM-Betrag, den der Bund dem Land nach der Zustimmung zur Steuerreform zusicherte, für den Ausbau der Infrastruktur in der direkten Umgebung des Lausitzrings zu
verwenden?
Namens
ns der Landesregierung beantwortet der Minister für Stadtentwicklung, Wohnen und Verkehr die Kleine Anfrage wie folgt:
entwicklung, Wohnen und Verkehr die Kleine Anfrage wie folgt:
Zu Frage 1:
Die unmittelbaren Zufahrtsstraßen zum Lausitzring sind Straßen,
die sich im wesentlichen nicht in der Baulast von Bund oder Land
befinden. Es handelt sich also um eine vorrangig kommunale Aufgabe, wobei die Landesregierung nach Möglichkeit Hilfestellung
leistet.
Datum des Eingangs: 13.10.2000 / Ausgegeben: 18.10.2000

In Erwartung noch größerer Besucherzahlen in Zukunft steht die
Landesregierung daher mit dem Landkreis und den Betreibern in
engem Kontakt, um weitere Verbesserungen der Verkehrsanbindungen
des Euro-Speedway-Lausitzrings zu beraten.
Zu Frage 2:
Die angesprochenen Investitionsmittel des Bundes in Höhe von
400 Mio. DM werden auch zur Verbesserung der Straßeninfrastruktur in der Lausitz eingesetzt. Sie kommen damit der Anbindung
des Lausitzringes zugute. Dies trifft insbesondere für die Ortsumgehung Senftenberg und den weiteren Ausbau der B 169 in Richtung Cottbus zu, da diese Maßnahmen Bestandteil dieses Programms
sind.
Eine Verwendung der Mittel für Landes- und Kommunalstraßen ist
nicht zulässig."
131,16777800000,167778,0,Sprachangebote für Aussiedler,167778_18040b999bc3b0a9195060e0fa07d22422d7a4ba.pdf,1,2,2225,274,https://fragdenstaat.de/dokumente/167778-sprachangebote-fur-aussiedler/,https://media.frag-den-staat.de/files/docs/ef/13/b9/ef13b9bd35024bbd904e4f3a2e30d477/18040b999bc3b0a9195060e0fa07d22422d7a4ba.pdf,,,ef13b9bd-3502-4bbd-904e-4f3a2e30d477,C:\Users\Admin\Desktop\OpenLens\Texte\167778_18040b999bc3b0a9195060e0fa07d22422d7a4ba.txt,C:\Users\Admin\Desktop\OpenLens\Bereinigte_Texte\167778_167778_18040b999bc3b0a9195060e0fa07d22422d7a4ba.txt,"Landtag Brandenburg
Drucksache 3/415
3. Wahlperiode
Antwort
der Landesregierung
auf die Kleine Anfrage Nr. 124
des Abgeordneten Werner Firneburg
Fraktion der DVU
Landtagsdrucksache 3/241
Sprachangebote für Aussiedler
Sprachangebote für Aussiedler
Wortlaut der Kleinen Anfrage Nr. 124 vom 01.12.1999:
Ich frage die Landesregierung:
1.
Welche Angebote der Sprachförderung für Aussiedler gibt es
in Brandenburg?
2.
Welche Planungen gibt es seitens der Landesregierung, die
unter 1. genannten Angebote auszuweiten?
3.
Welche Maßnahmen werden seitens der Landesregierung zur
Erhöhung der Motivation, an den unter 1. genannten Maßnahmen teilzunehmen, ergriffen?
Datum des Eingangs: 04.01.2000 / Ausgegeben: 10.01.2000

Namens der Landesregierung beantwortet der Minister für Arbeit,
der Minister für Arbeit,
Soziales, Gesundheit und Frauen die Kleine Anfrage wie folgt:
Soziales, Gesundheit und Frauen die Kleine Anfrage wie folgt:
Zu Frage 1:
Die Sprachförderung für Spätaussiedlerinnen und Spätaussiedler
erfolgt vorrangig nach bundesgesetzlichen Regelungen des Sozialgesetzbuches III (Sprachkurs 6 Monate) und der Richtlinien für
die Vergabe von Zuwendungen (Beihilfen) zur gesellschaftlichen,
d.h. sprachlichen, schulischen, beruflichen und damit in Verbindung stehenden sozialen Eingliederung junger Spätaussiedlerinnen und Spätaussiedler sowie junger ausländischer Flüchtlinge
“Garantiefonds - Schul- und Berufsbildungsbereich” (Sprachkurse
bis zu 10 Monate). Für schulpflichtige Spätaussiedlerinnen und
Spätaussiedler erfolgt zudem die Förderung entsprechend der
Eingliederungsverordnung für fremdsprachige Schülerinnen und
Schüler. Für nach dem Bundesvertriebenengesetz zugewanderte
Personen, die nicht nach diesen beiden Fördermöglichkeiten anspruchsberechtigt sind, gibt es zusätzlich landesgeförderte
Sprachkurse bei unterschiedlichen Bildungsträgern, auch Volkshochschulen bieten im Rahmen der Grundversorgung Veranstaltungen
zur Verbesserung der Kenntnisse der deutschen Sprache für Spätaussiedlerinnen und Spätaussiedler an.
Zu Frage 2:
Keine.
Zu Frage 3:
Die Teilnahmemotivation wird unterstützt durch die soziale Beratung des einzelnen Spätaussiedlers in den Beratungsstellen,
Sozialämtern und durch Bildungsträger."
132,16780600000,167806,0,Zwangsarbeiter - Entschädigung,167806_93c8e21a0cc3003b290d9c96d46f7e6567db4c63.pdf,1,1,1194,165,https://fragdenstaat.de/dokumente/167806-zwangsarbeiter-entschadigung/,https://media.frag-den-staat.de/files/docs/0a/b9/2b/0ab92bb7132d4f98a15b1fc39b082694/93c8e21a0cc3003b290d9c96d46f7e6567db4c63.pdf,,,0ab92bb7-132d-4f98-a15b-1fc39b082694,C:\Users\Admin\Desktop\OpenLens\Texte\167806_93c8e21a0cc3003b290d9c96d46f7e6567db4c63.txt,C:\Users\Admin\Desktop\OpenLens\Bereinigte_Texte\167806_167806_93c8e21a0cc3003b290d9c96d46f7e6567db4c63.txt,"Landtag Brandenburg
Drucksache 3/240
3. Wahlperiode
Antwort
der Landesregierung
auf die Kleine Anfrage Nr. 51
der Abgeordneten Birgit Fechner
Fraktion der DVU
Landtagsdrucksache 3/79
Zwangsarbeiter - Entschädigung
Zwangsarbeiter - Entschädigung
Wortlaut der Kleinen Anfrage Nr. 51 vom 02.11.1999:
Ich frage die Landesregierung:
1.
Entstehen dem Land Brandenburg Kosten aufgrund der Entschädigung von während des Zweiten Weltkrieges auf dem Gebiet
des heutigen Landes Brandenburg als Zwangsarbeiter eingesetzten Personen in- oder ausländischer Nationalität?
2.
Wenn ja: Wie hoch (in DM) sind diese Kosten?
3. 
In welchem Verhältnis (absolut bzw. relativ) werden diese
Kosten vom Bund, vom Land Brandenburg, von Kommunen oder
Gebietskörperschaften oder von der Privatwirtschaft getragen?
Namens der Landesregierung beantwortet der Minister für Arbeit,
der Minister für Arbeit,
Soziales, Gesundheit und Frauen die Kleine Anfrage wie folgt:
Soziales, Gesundheit und Frauen die Kleine Anfrage wie folgt:
Zu Frage 1 bis 3:
Das Land Brandenburg erbringt keine Entschädigungsleistungen an
ehemalige Zwangsarbeiter während des Zweiten Weltkrieges.
Datum des Eingangs: 29.11.1999 / Ausgegeben: 06.12.1999"
133,16782500000,167825,0,Verschuldung von Kommunen im Land Brandenburg,167825_4d5c62744a42c1a62229357d6469ca7cb8105cd8.pdf,1,1,1436,202,https://fragdenstaat.de/dokumente/167825-verschuldung-von-kommunen-im-land-brandenburg/,https://media.frag-den-staat.de/files/docs/13/24/e5/1324e5cee50f4100b89a4d98168e11e5/4d5c62744a42c1a62229357d6469ca7cb8105cd8.pdf,,,1324e5ce-e50f-4100-b89a-4d98168e11e5,C:\Users\Admin\Desktop\OpenLens\Texte\167825_4d5c62744a42c1a62229357d6469ca7cb8105cd8.txt,C:\Users\Admin\Desktop\OpenLens\Bereinigte_Texte\167825_167825_4d5c62744a42c1a62229357d6469ca7cb8105cd8.txt,"Landtag Brandenburg
Drucksache 3/759
3. Wahlperiode
Antwort
der Landesregierung
auf die Kleine Anfrage Nr. 265
des Abgeordneten Werner Firneburg
Fraktion der DVU
Drucksache 3/608
Verschuldung von Kommunen im Land Brandenburg
Verschuldung von Kommunen im Land Brandenburg
Wortlaut der Kleinen Anfrage Nr. 265 vom 08.02.2000:
Ich frage die Landesregierung:
1.
Welche Kommunen des Landes Brandenburg sind verschuldet
(bitte detaillierte Aufschlüsselung nach Kommunen und jeweiliger Höhe der Verschuldung)?
2.
Welche der unter 1. genannten Kommunen sind überschuldet
(bitte detaillierte Aufschlüsselung)?
3.
Welche der unter 1. bzw. 2. genannten Kommunen sind unter
Zwangsverwaltung gestellt (bitte detaillierte Aufschlüsselung)?
4.
Wie viele der unter 1. genannten Kommunen und wie viele der
unter 1. genannten Schulden sind nach Erkenntnissen der
Landesregierung auf die Abwassersituation im Land Brandenburg zurückzuführen?
Namens
ns der Landesregierung beantwortet der Minister des Innern
die Kleine Anfrage wie folgt:
die Kleine Anfrage wie folgt:
Zu den Fragen 1 bis 4:
Der Umfang der Kleinen Anfrage, die eine Bewertung der Finanzsituation aller brandenburgischen Gemeinden erfordern würde, geht
über das im Rahmen einer Kleinen Anfrage Leistbare weit hinaus.
Zudem ist der Begriff der ""Überschuldung"" nicht hinreichend
präzise, um eine sachgerechte Beurteilung zu ermöglichen.
Datum des Eingangs: 14.03.2000 / Ausgegeben: 20.03.2000"
134,16782700000,167827,0,Nachrichtendienstliche Überwachung von Abgeordneten und Mitarbeitern der DVU-Fraktion im Landtag Brandenburg,167827_071efda6844a7aa02843352ec5a9e14cc28da880.pdf,1,2,1986,261,https://fragdenstaat.de/dokumente/167827-nachrichtendienstliche-uberwachung-von-abgeordneten-und-mitarbeitern-der-dvu-fraktion-im-landtag-brandenburg/,https://media.frag-den-staat.de/files/docs/47/43/2d/47432d4c1f384e758284d11bae37da6f/071efda6844a7aa02843352ec5a9e14cc28da880.pdf,,,47432d4c-1f38-4e75-8284-d11bae37da6f,C:\Users\Admin\Desktop\OpenLens\Texte\167827_071efda6844a7aa02843352ec5a9e14cc28da880.txt,C:\Users\Admin\Desktop\OpenLens\Bereinigte_Texte\167827_167827_071efda6844a7aa02843352ec5a9e14cc28da880.txt,"Landtag Brandenburg
Drucksache 3/1231
3. Wahlperiode
Antwort
der Landesregierung
auf die Kleine Anfrage Nr. 451
des Abgeordneten Sigmar-Peter Schuldt
Fraktion der DVU
Drucksache 3/1029
Nachrichtendienstliche
Nachrichtendienstliche Überwachung von Abgeordneten und Mitarbeitern der DVU-Fraktion im Landtag Brandenburg
beitern der DVU-Fraktion im Landtag Brandenburg
Wortlaut der Kleinen Anfrage Nr. 451 vom 20.04.2000
Ich frage die Landesregierung:
1.
Werden nach Erkenntnissen der Landesregierung die Abgeordneten der DVU-Fraktion im Landtag Brandenburg, die bei
Ihnen festangestellten oder freiberuflich tätigen Mitarbeiter oder die Angehörigen oder Bekannten der Abgeordneten
bzw. Mitarbeiter der DVU-Fraktion im Landtag Brandenburg
nachrichtendienstlich überwacht?
2.
Werden nach Erkenntnissen der Landesregierung die Büroräume
der DVU-Fraktion im Landtag Brandenburg bzw. die privaten
Wohnungen bzw. Büros der DVU-Abgeordneten oder ihrer Mitarbeiter nachrichtendienstlich überwacht?
3.
Wenn ja, was will die Landesregierung unternehmen, damit
die unter 1. bzw. 2. genannten Überwachungsmaßnahmen beendet werden?
Datum des Eingangs: 24.05.2000 / Ausgegeben: 30.05.2000

Namens
ns der Landesregierung beantwortet der Minister des Innern
die Kleine Anfrage wie folgt:
die Kleine Anfrage wie folgt:
zu Frage 1:
Die Verfassungsschutzbehörde des Landes Brandenburg beobachtet
den brandenburger Landesverband der DVU in seiner Gesamtheit,
wobei sich die Beobachtung unter strikter Wahrung des Grundsatzes der Verhältnismäßigkeit u.a. auf Funktionäre, Aktivisten und
Mitarbeiter der Partei erstreckt. Eine Beobachtung der Abgeordneten und der Fraktionen des Landtags Brandenburg findet generell nicht statt. 
zu Frage 2:
Die Büroräume der Fraktionen des Landtags Brandenburg sowie die
Privatsphäre aller Brandenburger und Brandenburgerinnen sind von
der Beobachtung durch den Verfassungsschutz entsprechend den
gesetzlichen Vorschriften selbstverständlich ausgenommen.
zu Frage 3:
Entfällt."
135,16786500000,167865,0,Antwort der Landesregierung (Drs. 3/1095) auf die Kleine Anfrage Nr. 342 des Abgeordneten Sigmar-Peter Schuldt (DVU) - Drs. 3/826,167865_b665b21ad02ae6e34633d22c3a4b225303104e6d.pdf,1,2,1880,268,https://fragdenstaat.de/dokumente/167865-antwort-der-landesregierung-drs-31095-auf-die-kleine-anfrage-nr-342-des-abgeordneten-sigmar-peter-schuldt-dvu-drs-3826/,https://media.frag-den-staat.de/files/docs/f8/20/69/f82069b7852742c185172e09d72d8de6/b665b21ad02ae6e34633d22c3a4b225303104e6d.pdf,,,f82069b7-8527-42c1-8517-2e09d72d8de6,C:\Users\Admin\Desktop\OpenLens\Texte\167865_b665b21ad02ae6e34633d22c3a4b225303104e6d.txt,C:\Users\Admin\Desktop\OpenLens\Bereinigte_Texte\167865_167865_b665b21ad02ae6e34633d22c3a4b225303104e6d.txt,"Landtag Brandenburg
Drucksache 3/2071
3. Wahlperiode
Antwort
der Landesregierung
auf die Kleine Anfrage 784
des Abgeordneten Werner Firneburg
Fraktion der DVU
Drucksache 3/1930
Antwort der Landesregierung (Drs. 3/1095) auf die Kleine Anfrage
Nr. 342 des Abgeordneten Sigmar-Peter Schuldt (DVU) – Drs. 3/826
Wortlaut der Kleinen Anfrage 784 vom 30.10.2000:
In Frage 5 der Kleinen Anfrage Nr. 342 des Abgeordneten Sigmar-
Peter Schuldt (DVU), Drs. 3/826, in welcher danach gefragt wurde, wie die Landesregierung den Begriff ""rechte Gesinnung"" definiert, antwortete die Landesregierung wie folgt: ""Die Landesregierung sieht keine Veranlassung, den Begriff 'rechte Gesinnung' zu definieren. Eine Erläuterung des Begriffs 'Rechtsextremismus' findet sich im Verfassungsschutzbericht des Landes Brandenburg (für 1998).""
Ich frage die Landesregierung:
1.
Ist aus der Antwort der Landesregierung zu Frage 5 der
Kleinen Anfrage Nr. 342 des Abgeordneten Sigmar-Peter
Schuldt (DVU), Drs. 3/826, zu schließen, dass die Landesregierung die Begriffe ""rechte Gesinnung"" und ""Rechtsextremismus"" gleichsetzt?
2.
Wenn ja, wie definiert die Landesregierung den Begriff
""rechts"" im politischen Sinne?
3.
Wenn nein, welche begrifflichen Unterschiede macht die
Landesregierung zwischen den Begriffen ""rechte Gesinnung""
und ""Rechtsextremismus""?
Datum des Eingangs: 29.11.2000 / Ausgegeben: 04.12.2000

Namens
ns der Landesregierung beantwortet der Minister des Innern
die Kleine Anfrage wie folgt:
die Kleine Anfrage wie folgt:
zu Frage 1:
Nein.
zu Frage 2:
Entfällt.
zu Frage 3:
Auf die Antwort der Landesregierung zu Frage 5 der Kleinen Anfrage Nr. 342 des Abgeordneten Sigmar-Peter Schuldt (DVU),
Drucksache 3/826, wird verwiesen. Was die Landesregierung unter
Rechtsextremismus versteht, ist nunmehr auch aus dem Verfassungsschutzbericht 1999 Land Brandenburg, insbesondere S. 148 -
149, ersichtlich."
136,16790500000,167905,0,Rundfunkgebühren für Schwerbehinderte,167905_deacf61b8b4094005c856b866cc158aefd578e80.pdf,1,1,1975,269,https://fragdenstaat.de/dokumente/167905-rundfunkgebuhren-fur-schwerbehinderte/,https://media.frag-den-staat.de/files/docs/6e/6c/80/6e6c80c7b06643dc809b03631ea6c753/deacf61b8b4094005c856b866cc158aefd578e80.pdf,,,6e6c80c7-b066-43dc-809b-03631ea6c753,C:\Users\Admin\Desktop\OpenLens\Texte\167905_deacf61b8b4094005c856b866cc158aefd578e80.txt,C:\Users\Admin\Desktop\OpenLens\Bereinigte_Texte\167905_167905_deacf61b8b4094005c856b866cc158aefd578e80.txt,"Landtag Brandenburg
Drucksache 3/3769
3. Wahlperiode
Antwort
der Landesregierung
auf die Kleine Anfrage 1396
des Abgeordneten Heinz Dobberstein
Fraktion der PDS
Drucksache 3/3622
Rundfunkgebühren für Schwerbehinderte
Wortlaut der Kleinen Anfrage 1396 vom 11.12.2001:
Aus den Medien ist zu entnehmen, dass gegenwärtig ein neuer Rundfunkstaatsvertrag
vorbereitet wird. In der Diskussion ist eine Änderung der Gebührenordnung. Demnach soll nur
ein Grundbetrag je Haushalt erhoben werden und nicht mehr die Anzahl der Geräte im
Haushalt Berücksichtigung finden.
Nach der gegenwärtigen gesetzlichen Regelung ist ein bestimmter Personenkreis nach § 27e
des Bundesversorgungsgesetz von der Gebührenpflicht befreit. Dazu gehören alle Schwerbehinderte mit mindestens GdB von 50 % und dem Merkzeichen RF.
Im Land Brandenburg wird dies in der Verordnung der Landesregierung vom 04.02.1992
(GVBl. II 1992 S. 63) geregelt.
Vor diesem Hintergrund frage ich die Landesregierung:
1.
Ist es beabsichtigt, die Gebührenbefreiung im bisherigen Umfang aufrechtzuerhalten?
2.
Welche wesentlichen Änderungen im Hinblick auf die Gebühren sind für den neuen
Rundfunkstaatsvertrag zu erwarten?
Namens der Landesregierung beantwortet der Chef der Staatskanzlei die Kleine
Anfrage wie folgt:
Zu 1. und 2.:
Die Ministerpräsidenten der Länder haben auf ihrer Konferenz am 24.-26.10.2001 beschlossen, dass im Rahmen der Neuordnung der Rundfunkgebühr das Gebührenrecht grundsätzlich
reformiert werden soll. In diesem Zusammenhang erarbeiten die Bundesländer derzeit eine
neue Regelung zur Ausgestaltung der Rundfunkgebührenpflicht sowie der daran anknüpfenden Befreiungstatbestände nach dem Grundsatz der verhältnismäßigen und sozial gerechten
Gleichbehandlung aller Nutzer. Die Länder sind sich darüber einig, dass es eine Gebührenbefreiung aus sozialen Gründen weiterhin geben muss.
Entscheidungen zu Einzelfragen sind bisher nicht getroffen worden.
Datum des Eingangs: 11.01.2002 / Ausgegeben: 16.01.2002"
137,16811800000,168118,0,EU-Wasserrahmenrichtlinie,168118_8a4de6307336f5362f990a5ac8ecda1fd189f90c.pdf,1,2,2226,289,https://fragdenstaat.de/dokumente/168118-eu-wasserrahmenrichtlinie/,https://media.frag-den-staat.de/files/docs/d0/99/25/d09925d5cfeb4b3da2f5fc0e2f1f741d/8a4de6307336f5362f990a5ac8ecda1fd189f90c.pdf,,,d09925d5-cfeb-4b3d-a2f5-fc0e2f1f741d,C:\Users\Admin\Desktop\OpenLens\Texte\168118_8a4de6307336f5362f990a5ac8ecda1fd189f90c.txt,C:\Users\Admin\Desktop\OpenLens\Bereinigte_Texte\168118_168118_8a4de6307336f5362f990a5ac8ecda1fd189f90c.txt,"Landtag Brandenburg
Drucksache 3/3143
3. Wahlperiode
Antwort
der Landesregierung
auf die Kleine Anfrage 1184
des Abgeordneten Michael Claus
Fraktion der DVU
Drucksache 3/3038
EU-Wasserrahmenrichtlinie
EU-Wasserrahmenrichtlinie
Wortlaut der Kleinen Anfrage 1184 vom 04.07.2001:
Die EU- Wasserrahmenrichtlinie (EU-WRRL) vom Dezember 2000 muss
bis Ende 2003 in nationale Rechts- und Verwaltungsvorschriften
umgesetzt werden (Art.24 EU- WRRL).
Ich frage die Landesregierung:
1.
Welche sachgerechten Festlegungen von Zuständigkeiten nach
den Nummern 13 und 14 des Art. 2 der EU-Wasserrahmenrichtlinie sind nach Auffassung der Landesregierung durch den
Landesgesetzgeber erforderlich?
2.
Werden von den staatlichen Umweltämtern Vorarbeiten für die
Aufstellung von Bewirtschaftungsplänen für die Flussgebietseinheiten und Detaileinzugsgebiete geleistet?
3.
Welche Haushaltsmittel sind für die Umsetzung der EU-Wasserrahmenrichtlinie in welchen Jahren nach Auffassung der
Landesregierung zur Verfügung zu stellen?
Namens der Landesregierung beantwortet der Minister für Landwirtschaft, Umweltschutz und Raumordnung die Kleine Anfrage wie
g die Kleine Anfrage wie
folgt:
folgt:
Zu Frage 1:
Der Artikel 2 der EU-Wasserrahmenrichtlinie hat die Bezeichnung
""Begriffsbestimmungen"". In den Punkten 13 bzw. 14 werden die
Begriffe ""Einzugsgebiet"" und ""Teileinzugsgebiet"" definiert.
Festlegungen von Zuständigkeiten durch den Landesgesetzgeber
stehen damit nicht im Zusammenhang.
Datum des Eingangs: 08.08.2001 / Ausgegeben: 13.08.2001

Zu Frage 2:
Die Frage erübrigt sich zum Teil, da im Land Brandenburg keine
staatlichen Umweltämter existieren. Darüber hinaus ist der Begriff ""Detaileinzugsgebiet"" im Artikel 2 der Richtlinie nicht
definiert. Die Aufstellung eines Bewirtschaftungsplanes mit
Maßnahmenprogramme nach EU-Wasserrahmenrichtlinie ist je Flussgebietseinheit auszuarbeiten. Vorarbeiten im Land Brandenburg
leistet dazu das Landesumweltamt.
Zu Frage 3:
Es sind in erster Linie die dafür vorgesehenen Haushaltsmittel
des Ministeriums für Landwirtschaft, Umweltschutz und Raumordnung über den gesamten Geltungszeitraum der Richtlinie, voraussichtlich bis ins Jahr 2027, welche durch die Landesregierung
zur Verfügung gestellt werden."
138,16811900000,168119,0,Geschäftsführung der Berlin Brandenburg Flughafen Holding (BBF),168119_f4c456727ee8990f42a24ade862f258b52e5f2e7.pdf,1,2,1509,211,https://fragdenstaat.de/dokumente/168119-geschaftsfuhrung-der-berlin-brandenburg-flughafen-holding-bbf/,https://media.frag-den-staat.de/files/docs/70/a0/17/70a017e6bcf9440d9f1c80e79892566d/f4c456727ee8990f42a24ade862f258b52e5f2e7.pdf,,,70a017e6-bcf9-440d-9f1c-80e79892566d,C:\Users\Admin\Desktop\OpenLens\Texte\168119_f4c456727ee8990f42a24ade862f258b52e5f2e7.txt,C:\Users\Admin\Desktop\OpenLens\Bereinigte_Texte\168119_168119_f4c456727ee8990f42a24ade862f258b52e5f2e7.txt,"Landtag Brandenburg
Drucksache 3/668
3. Wahlperiode
Antwort
der Landesregierung
auf die Kleine Anfrage Nr. 212
des Abgeordneten Christoph Schulze
Fraktion der SPD
Drucksache 3/487
Geschäftsführung der Berlin Brandenburg Flughafen Holding (BBF)
 Flughafen Holding (BBF)
Wortlaut der Kleinen Anfrage Nr. 212 vom 13.01.2000:
Aus der Geschäftsleitung der BBF ist 1999 ein Geschäftsführer
ausgeschieden.
Aus diesem Grunde frage ich die Landesregierung:
1.
Welche Position und welche Zuständigkeiten hatte der Geschäftsführer in der BBF inne?
2.
Welche Qualifikation hatte der Geschäftsführer? War er für
die Position qualifiziert?
3.
War die Landesregierung als Gesellschafter der BBF mit der
Aufgabenerfüllung des Geschäftsführers zufrieden?
4.
Bis wann lief sein Dienstvertrag planmäßig?
5.
Was waren die Gründe für eine vorzeitige Vertragsbeendigung
bzw. für eine Nichtverlängerung seines Vertrages?
Datum des Eingangs: 17.02.2000 / Ausgegeben: 22.02.2000

Namens der Landesregierung beantwortet der Minister für Wirtschaft die Kleine Anfrage wie folgt:
schaft die Kleine Anfrage wie folgt:
Zu Frage 1:
Der ausgeschiedene Geschäftsführer hatte die Position ""Geschäftsführer der Berlin Brandenburg Flughafen Holding GmbH""
inne und war u.a. für die kaufmännischen Angelegenheiten (Finanzen) im Konzern zuständig. Daneben war er zum Geschäftsführer
der Flughafen Projektgesellschaft Schönefeld mbH (FPS) bestellt.
Zu Frage 2:
Ja.
Zu Frage 3 bis 5:
Aus datenschutzrechtlichen Gründen ist eine Antwort nicht möglich."
139,16812600000,168126,0,Betriebsstilllegung der ONKEN GmbH am Standort Eisenhüttenstadt,168126_33b76216d3f649b77ca92d010ddae6a4509042af.pdf,1,2,2109,311,https://fragdenstaat.de/dokumente/168126-betriebsstilllegung-der-onken-gmbh-am-standort-eisenhuttenstadt/,https://media.frag-den-staat.de/files/docs/ce/87/b6/ce87b65997ed411598e49ad9f52851ee/33b76216d3f649b77ca92d010ddae6a4509042af.pdf,,,ce87b659-97ed-4115-98e4-9ad9f52851ee,C:\Users\Admin\Desktop\OpenLens\Texte\168126_33b76216d3f649b77ca92d010ddae6a4509042af.txt,C:\Users\Admin\Desktop\OpenLens\Bereinigte_Texte\168126_168126_33b76216d3f649b77ca92d010ddae6a4509042af.txt,"Landtag Brandenburg
Drucksache 3/1169
3. Wahlperiode
Antwort
der Landesregierung
auf die Kleine Anfrage Nr. 445
der Abgeordneten Gerlinde Stobrawa
Fraktion der PDS
Drucksache 3/1017
Betriebsstilllegung der ONKEN GmbH am Standort Eisenhüttenstadt
tandort Eisenhüttenstadt
Wortlaut der Kleinen Anfrage Nr. 445 vom 18.04.2000:
Im Oktober 1999 wurde bekannt, dass Herr Onken beabsichtigt, den
Betrieb am Standort Eisenhüttenstadt zum 30.06.2000 zu schließen.
Der Investitionsstandort der Onken GmbH Oderaue wurde in den
Jahren 1993 - 1997 mit Fördermitteln im Rahmen der Gemeinschaftsaufgabe “Verbesserung der Agrarstruktur und des Küstenschutzes” in Höhe von 3.762.015 DM modernisiert.
Die Zweckbindungsfristen für diese Fördermittel sind für Maschinen und technische Anlagen bis zum 22.07.2002 sowie für bauliche
Anlagen bis zum 22.07.2009 festgelegt.
Ich frage deshalb die Landesregierung: 
1.
Welche Schritte hat das MLUR eingeleitet, um die ausgereichten Fördermittel zurückzufordern?
2.
Inwieweit wird die ONKEN GmbH Oderaue für den modernen
Betriebsstandort, der nun eine “Betriebsruine” wird, in die
Haftung genommen?
Datum des Eingangs: 18.05.2000 / Ausgegeben: 23.05.2000

Namens der Landesregierung beantwortet der Minister für Landwirtschaft, Umweltschutz und Raumordnung die Kleine Anfrage wie
g die Kleine Anfrage wie
folgt:
folgt:
Zu Frage 1 und 2:
Mit Schreiben vom 30.03.2000 hat das MLUR die InvestitionsBank
des Landes Brandenburg angewiesen, eine anteilige Rückforderung
entsprechend der Nutzungszeiten der Maschinen und Ausrüstungen
sowie baulichen Anlagen durchzusetzen.
Die InvestitionsBank hat mit Schreiben vom 14. April 2000 gegenüber der Hausbank der Onken GmbH, IKB Deutsche Industriebank
AG Düsseldorf, eine Rückforderung in Höhe von 630.569,53 DM
sowie eine Zinsberechnung von 3 v. H. pro Jahr über den jeweiligen Diskontsatz der Bundesbank in Höhe von 220.270,43 DM erhoben. Die Gesamtforderung mit Wert 31.05.2000 beträgt somit
850.839,96 DM, die bis zum 30.05.2000 an die InvestitionsBank zu
überweisen ist. Über die Rückforderung hinausgehende Möglichkeiten sind nicht erkennbar."
140,16824400000,168244,0,Zur Umsetzung der Hundehalterordnung,168244_d7d6e1c18f88f1a65b2728b17a6ee3ea5d5b2cde.pdf,1,2,2237,297,https://fragdenstaat.de/dokumente/168244-zur-umsetzung-der-hundehalterordnung/,https://media.frag-den-staat.de/files/docs/38/e7/ba/38e7bae175fe4f508ee1d4cb775a930b/d7d6e1c18f88f1a65b2728b17a6ee3ea5d5b2cde.pdf,,,38e7bae1-75fe-4f50-8ee1-d4cb775a930b,C:\Users\Admin\Desktop\OpenLens\Texte\168244_d7d6e1c18f88f1a65b2728b17a6ee3ea5d5b2cde.txt,C:\Users\Admin\Desktop\OpenLens\Bereinigte_Texte\168244_168244_d7d6e1c18f88f1a65b2728b17a6ee3ea5d5b2cde.txt,"Landtag Brandenburg
Drucksache 3/1739
3. Wahlperiode
Antwort
der Landesregierung
auf die Kleine Anfrage 626
des Abgeordneten Ralf Christoffers
Fraktion der PDS
Drucksache 3/1595
Zur Umsetzung der Hundehalterordnung
Zur Umsetzung der Hundehalterordnung
Wortlaut der Kleinen Anfrage Nr. 626 vom 23.08.2000:
Die in Kraft getretene Hundehalterordnung bringt in ihrer Umsetzung eine Reihe von Problemstellungen mit sich.
In diesem Zusammenhang frage ich die Landesregierung:
1.
Sind der Landesregierung Angaben bekannt, auf welche Höhe
sich die Kosten bei der Umsetzung der Hundehalterverordnung
im Land Brandenburg belaufen werden?
2.
Sind der Landesregierung Angaben darüber bekannt, in welchen Kommunen Hundeauslaufgebiete vorhanden sind?
3.
Welche Genehmigungen müssen aus Sicht der Landesregierung
vorliegen, wenn bei Volksfesten, Sportveranstaltungen und
ähnliches von Hundeschulen bzw. Hundezüchtern öffentliche
Vorführungen im Bereich Hundesport gezeigt werden?
Namens
ns der Landesregierung beantwortet der Minister des Innern
die Kleine Anfrage wie folgt:
die Kleine Anfrage wie folgt:
Zu Frage 1:
Grundsätzlich muss der Hundehalter für alle Kosten, die aufgrund
der Regelungen der neuen Hundehalterverordnung für seinen Hund
entstehen (wie z. B. Zuverlässigkeits- und Sachkundenachweise,
Unterbringung in einem Tierheim, Einsetzen des Mikro-Chips usw.)
selber aufkommen. Durch die Erhebung kostendeckender Gebühren
für die Erteilung der Erlaubnis und des Negativzeugnisses wird
zudem sichergestellt, dass Kosten, die über die oben genannten
hinausgehen, nicht zu einer finanziellen Mehrbelastung der Kommunen und des Landes Brandenburg führen.
Datum des Eingangs: 21.09.2000 / Ausgegeben: 26.09.2000

Zu Frage 2:
Die Hundeauslaufgebiete werden von den Kommunen eigenverantwortlich nach den aktuellen und örtlichen Gegebenheiten festgelegt.
Aus diesem Grunde erstellt die Landesregierung keine flächendeckende Auflistung der Hundeauslaufgebiete.
Zu Frage 3:
Der Halter bzw. Züchter hat, sofern sein Hund zu den gefährlichen Hunden im Sinne der Hundehalterverordnung zählt, über eine
Erlaubnis nach § 10 HundehV zu verfügen. 
Im Übrigen gelten die sonstigen ordnungsrechtlichen Regelungen
für Sport- bzw. öffentliche Veranstaltungen."
141,16825500000,168255,0,Personalkosten,168255_09486ec0e8718e1de0f7f9461f742bb3c79d7f58.pdf,1,1,1256,177,https://fragdenstaat.de/dokumente/168255-personalkosten/,https://media.frag-den-staat.de/files/docs/8b/b9/8f/8bb98fc17d2947ad8dff1de94e517b8d/09486ec0e8718e1de0f7f9461f742bb3c79d7f58.pdf,,,8bb98fc1-7d29-47ad-8dff-1de94e517b8d,C:\Users\Admin\Desktop\OpenLens\Texte\168255_09486ec0e8718e1de0f7f9461f742bb3c79d7f58.txt,C:\Users\Admin\Desktop\OpenLens\Bereinigte_Texte\168255_168255_09486ec0e8718e1de0f7f9461f742bb3c79d7f58.txt,"Landtag Brandenburg
Drucksache 3/1275
3. Wahlperiode
Antwort
der Landesregierung
auf die Kleine Anfrage Nr. 471
des Abgeordneten Werner Firneburg
Fraktion der DVU
Drucksache 3/1117
Personalkosten
Personalkosten
Wortlaut der Kleinen Anfrage Nr. 471 vom 05.05.2000:
Wie dem Verfassungsschutzbericht des Jahres 1998 zu entnehmen
ist, beliefen sich die Personalkosten auf 5.738.000,00 DM.
Ich frage die Landesregierung:
1.
Unter welchem Haushaltstitel sind in dem entsprechenden
Einzelplan die Personalkosten für den Verfassungsschutz für
die Haushaltsjahre 2000/2001 untergebracht?
2.
Welche Aussagen kann die Landesregierung treffen über den
Stellenplan?
Namens
ns der Landesregierung beantwortet der Minister des Innern
die Kleine Anfrage wie folgt:
die Kleine Anfrage wie folgt:
zu Frage 1:
Die Personalkosten für den Verfassungsschutz sind im Kapitel
03 010, Titel 422 10 und Titel 425 10 enthalten.
zu Frage 2:
Die Verfassungsschutzbehörde unterrichtet nach § 5 BbgVerfSchG
jährlich die Öffentlichkeit über die Gesamtzahl der Bediensteten. 
Der Stellenplan der Verfassungsschutzbehörde unterliegt der
Geheimhaltung. Eine Aussage über die Gesamtzahl der Beschäftigten hinaus ist daher nicht möglich.
Datum des Eingangs: 09.06.2000 / Ausgegeben: 14.06.2000"
142,16827100000,168271,0,Änderung der Bemessungsgrundlage für die Bezuschussung der Weiterbildung im Lande Brandenburg,168271_8efa37533b9f0900ce0b8b88efd10f81f92a7316.pdf,1,2,2053,278,https://fragdenstaat.de/dokumente/168271-anderung-der-bemessungsgrundlage-fur-die-bezuschussung-der-weiterbildung-im-lande-brandenburg/,https://media.frag-den-staat.de/files/docs/9b/67/63/9b6763cae6d34813981ed47058ccc0f2/8efa37533b9f0900ce0b8b88efd10f81f92a7316.pdf,,,9b6763ca-e6d3-4813-981e-d47058ccc0f2,C:\Users\Admin\Desktop\OpenLens\Texte\168271_8efa37533b9f0900ce0b8b88efd10f81f92a7316.txt,C:\Users\Admin\Desktop\OpenLens\Bereinigte_Texte\168271_168271_8efa37533b9f0900ce0b8b88efd10f81f92a7316.txt,"Landtag Brandenburg
Drucksache 3/781
3. Wahlperiode
Antwort
der Landesregierung
auf die Kleine Anfrage 243
der Abgeordneten Birgit Fechner
Fraktion der DVU
Drucksache 3/576
Änderung der Bemessungsgrundlage für die Bezuschussung der Weie Bezuschussung der Weiterbildung im Lande Brandenburg
terbildung im Lande Brandenburg
Wortlaut der Kleinen Anfrage 243 vom 03.02.2000:
Ich frage die Landesregierung:
1.
Bestätigt die Landesregierung Pressemeldungen, nach denen
die Bemessungsgrundlage für die Bezuschussung der Grundversorgung im Weiterbildungsbereich durch das Land von bisher
2 400 Unterrichtsstunden je 30 000 Einwohner auf 2 400
Unterrichtsstunden je 40 000 Einwohner geändert werden
soll?
2.
Wenn ja: Welche Begründung hat die Landesregierung für die
unter 1. genannte Änderung?
3.
Wenn ja: welche finanziellen, personellen und sächlichen
Auswirkungen hat die unter 1. genannte Änderung auf die in
der Weiterbildung tätigen Bildungsträger bzw. auf die Teilnehmer von bereits laufenden bzw. in Zukunft beginnenden
Bildungsmaßnahmen?
Datum des Eingangs: 13.03.2000 / Ausgegeben: 20.03.2000

Namens der Landesregierung beantwortet der Minister für Bildung,
Jugend und Sport die Kleine Anfrage wie folgt:
Jugend und Sport die Kleine Anfrage wie folgt:
Zu Frage 1:
Pressemeldungen zu dem unter Punkt 1 angeführten Sachverhalt
sind der Landesregierung bekannt.
Zu Frage 2:
Die Landesregierung hat im Dezember 1999 ein Maßnahmepaket beschlossen, das die Haushaltsstruktur durch eindeutige schwerpunktorientierte Konsolidierungsmaßnahmen nachhaltig verbessert.
Zu Frage 3:
Die Förderung der Grundversorgung nach dem Brandenburgischen
Weiterbildungsgesetz würde sich bei der o. g. veränderten Bemessungsgrundlage um ca. 1,6 Mio DM verringern. Das vom Land geförderte Stundenvolumen würde sich entsprechend um ca. 51 800 Stunden verringern. Da die Förderung der Weiterbildung durch Träger,
Teilnehmende, Land und diverse gesellschaftliche Gruppen erfolgt, lassen sich die tatsächlichen personellen und sächlichen
Auswirkungen nicht präzise prognostizieren."
143,16832200000,168322,0,Extremismusbeauftragte des Landes Brandenburg,168322_f1bbef97bcfd0dacc19d77aa0472cc316457b92e.pdf,1,2,2287,302,https://fragdenstaat.de/dokumente/168322-extremismusbeauftragte-des-landes-brandenburg/,https://media.frag-den-staat.de/files/docs/9e/a9/5b/9ea95b18853144e2bd109e27f6cd4f5a/f1bbef97bcfd0dacc19d77aa0472cc316457b92e.pdf,,,9ea95b18-8531-44e2-bd10-9e27f6cd4f5a,C:\Users\Admin\Desktop\OpenLens\Texte\168322_f1bbef97bcfd0dacc19d77aa0472cc316457b92e.txt,C:\Users\Admin\Desktop\OpenLens\Bereinigte_Texte\168322_168322_f1bbef97bcfd0dacc19d77aa0472cc316457b92e.txt,"Landtag Brandenburg
Drucksache 3/3467
3. Wahlperiode
Antwort
der Landesregierung
auf die Kleine Anfrage Nr. 1296
des Abgeordneten Michael Claus
Fraktion der DVU
Drucksache 3/3311
Extremismusbeauftragte des Landes Brandenburg
Extremismusbeauftragte des Landes Brandenburg
Wortlaut der Kleinen Anfrage Nr. 1296 vom 18.09.2001:
Laut ständigen Pressemeldungen plant die Landesregierung die
Schaffung des Amtes eines oder einer Extremismusbeauftragten im
Land Brandenburg.
Ich frage die Landesregierung:
1.
Trifft es zu, dass die Landesregierung die Schaffung des
Amtes eines oder einer Extremismusbeauftragten im Land
Brandenburg plant?
2.
Wenn ja, mit welchen Kompetenzen beabsichtigt die Landesregierung, dieses Amt auszustatten?
3.
Überschneiden sich diese Kompetenzen mit denen der Ausländerbeauftragten des Landes Brandenburg, und wenn ja, um
welche Kompetenzen handelt es sich hierbei?
4.
Mit welchem zusätzlichen Personal soll die Schaffung dieses
Amtes verbunden werden?
5.
Welche zusätzlichen Kosten kommen durch die Schaffung des
Amtes eines oder einer Extremismusbeauftragten voraussichtlich auf den Landeshaushalt jährlich zu?
6.
Wie begründet die Landesregierung die Schaffung des Amtes
einer oder eines Extremismusbeauftragten, und welche Vorund Nachteile sieht die Landesregierung im Zusammenhang mit
der Schaffung dieses Amtes?
7.
Wie ist nach Meinung der Landesregierung die Schaffung des
Amtes eines oder einer Extremismusbeauftragten mit der
geplanten Verwaltungsoptimierung zu vereinbaren?
Datum des Eingangs: 25.10.2001 / Ausgegeben: 30.10.2001

Namens der Landesregierung beantwortet der Chef der Staatskanzder Chef der Staatskanzlei die Kleine Anfrage wie folgt:
lei die Kleine Anfrage wie folgt:
Zu Fragen 1 - 7:
Die Landesregierung ist nach wie vor entschlossen, sich mit
allen Mitteln gegen Gewalt, Rechtsextremismus und Fremdenfeindlichkeit einzusetzen und den Toleranzgedanken auf allen Feldern
des staatlichen und gesellschaftlichen Handelns zu fördern.
Vor diesem Hintergrund wird in der Landesregierung überlegt, wie
der Einsatz der vorhandenen Instrumente zur Extremismusbekämpfung optimiert und effizienter gestaltet werden kann.
Konkrete Planungen über die Schaffung der Position eines ""Extremismusbeauftragten"" gibt es in der Landesregierung derzeit
nicht."
144,16834000000,168340,0,Verwendung von Landesmitteln für den Kita-Landeselternrat,168340_26b3b706c4acbd369361a4b42b38119f63b08a48.pdf,1,2,2213,303,https://fragdenstaat.de/dokumente/168340-verwendung-von-landesmitteln-fur-den-kita-landeselternrat/,https://media.frag-den-staat.de/files/docs/3f/1e/15/3f1e1580418f4053960ba470af9d243b/26b3b706c4acbd369361a4b42b38119f63b08a48.pdf,,,3f1e1580-418f-4053-960b-a470af9d243b,C:\Users\Admin\Desktop\OpenLens\Texte\168340_26b3b706c4acbd369361a4b42b38119f63b08a48.txt,C:\Users\Admin\Desktop\OpenLens\Bereinigte_Texte\168340_168340_26b3b706c4acbd369361a4b42b38119f63b08a48.txt,"Landtag Brandenburg
Drucksache 3/1525
3. Wahlperiode
Antwort
der Landesregierung
auf die Kleine Anfrage 545
des Abgeordneten Thomas Lunacek
Fraktion der CDU
Drucksache 3/1367
Verwendung von Landesmitteln für den Kita-Landeselternrat
Verwendung von Landesmitteln für den Kita-Landeselternrat
Wortlaut der Kleinen Anfrage 545 vom 19.06.2000:
Wie jüngst bekannt wurde, sind Fragebögen, welche vom Kita-Landeselternrat stammen und durch den Absender ""Stadtverwaltung,
Jugendamt"" einen amtlichen Eindruck erwecken, an Eltern im Land
Brandenburg verschickt worden. In den Fragebögen wurden die
Eltern aufgefordert, u.a. Angaben nach Personen, die ihre Kinder
betreuen könnten, sowie nach möglicher Reduzierung der Arbeitszeit zur Gewährleistung der Kinderbetreuung zu machen. 
Ich frage die Landesregierung:
1.
Für welchen Zweck und in welcher Höhe erhalten bzw. erhielten Landeselternräte im Einzelnen Zuwendungen aus dem Landeshaushalt in den Jahren 1999 und 2000?
2.
Wurden für die genannte Versandaktion Mittel aus den Landeszuwendungen verwandt?
3.
Wurden, und wenn ja, in welcher Höhe, bereits ausgezahlte
Landesmittel in diesem Zusammenhang zurückgefordert?
4.
Welche Maßnahmen ergreift die Landesregierung, um den Vorgang zu prüfen und die Verwendung von Landesmitteln für
derartige Aktionen auszuschließen?
5.
Werden rechtliche oder andere Konsequenzen erwogen und wenn
ja, welche?
Datum des Eingangs: 24.07.2000 / Ausgegeben: 31.07.2000

Namens der Landesregierung beantwortet der Minister für Bildung,
Jugend und Sport die Kleine Anfrage wie folgt:
Zu Frage 1:
Zu Frage 1:
Ein Kita-Landeselternrat oder andere Landeselternräte für Kindertagesstätten sind der Landesregierung nicht bekannt. Der
""Landeselternbeirat der Kindertagesstätten in Brandenburg"" erhält und erhielt keine Landeszuwendungen.
Zu Frage 2 bis 4:
Zu Frage 2 bis 4:
Da keine Landeszuwendungen gezahlt wurden, werden auch keine
Rückforderungen gestellt, Prüfungen vorgenommen oder Konsequenzen erwogen.
Zu Frage 5:
Zu Frage 5:
Vonseiten der Landesregierung werden rechtliche Konsequenzen
nicht erwogen. Das Ministerium für Bildung, Jugend und Sport hat
den Sachverhalt aber gegenüber dem Landeselternbeirat in angemessener Weise klargestellt."
145,16836200000,168362,0,Asylbewerberheim in Luckenwalde II,168362_7a59dfec0eb4e6179477f639b49fd6cf7d04e17f.pdf,1,2,1991,272,https://fragdenstaat.de/dokumente/168362-asylbewerberheim-in-luckenwalde-ii/,https://media.frag-den-staat.de/files/docs/4d/45/a7/4d45a7d2c6234e84aa7b2d8555063001/7a59dfec0eb4e6179477f639b49fd6cf7d04e17f.pdf,,,4d45a7d2-c623-4e84-aa7b-2d8555063001,C:\Users\Admin\Desktop\OpenLens\Texte\168362_7a59dfec0eb4e6179477f639b49fd6cf7d04e17f.txt,C:\Users\Admin\Desktop\OpenLens\Bereinigte_Texte\168362_168362_7a59dfec0eb4e6179477f639b49fd6cf7d04e17f.txt,"Landtag Brandenburg
Drucksache 3/1285
3. Wahlperiode
Antwort
der Landesregierung
auf die Kleine Anfrage Nr. 483
des Abgeordneten Werner Firneburg
Fraktion der DVU
Landtagsdrucksache 3/1152
Asylbewerberheim in Luckenwalde II
Asylbewerberheim in Luckenwalde II
Ich frage die Landesregierung:
1.
Welche Aussagen kann die Landesregierung über das Alter der
166 Asylbewerber in der Unterkunft Anhaltstraße in Luckenwalde treffen?
2.
Wie viele der 166 Asylbewerber wurden zu gemeinnützigen
Arbeiten herangezogen?
3. 
Wie viele Asylbewerber haben sich geweigert, gemeinnützige
Arbeiten zu leisten?
4.
Welche gemeinnützigen Arbeiten haben die Asylbewerber ausgeführt? Wie viele Arbeitsstunden mussten in der Woche bzw.
im Monat geleistet werden?
Datum des Eingangs: 13.06.2000 / Ausgegeben: 19.06.2000

Namens der Landesregierung beantwortet der Minister für Arbeit,
der Minister für Arbeit,
Soziales, Gesundheit und Frauen die Kleine Anfrage wie folgt:
Soziales, Gesundheit und Frauen die Kleine Anfrage wie folgt:
zu Frage 1:
Im Übergangswohnheim in Luckenwalde, Anhaltstraße leben derzeit
nach Angaben des Landkreises Teltow-Fläming 156 Asylbewerber in
folgenden Altersstufen:
 0 - 7 Jahre 
 16 Personen
 7 - 14 Jahre 
 11 Personen
14 - 18 Jahre
 16 Personen
 > 18 Jahre
 113 Personen
zu Frage 2:
Nach Angaben des Landkreises Teltow-Fläming werden derzeit
10 Asylbewerber zur gemeinnützigen Arbeit herangezogen.
zu Frage 3:
Nach Angaben des Landkreises Teltow-Fläming verrichten die zur
gemeinnützigen Arbeit herangezogenen Asylbewerber die ihnen
zugewiesenen Tätigkeiten ordnungsgemäß. Es gab bisher keine
Arbeitsverweigerungen.
zu Frage 4:
Nach Angaben des Landkreises Teltow-Fläming handelt es sich bei
der Auswahl der Tätigkeiten im Rahmen der Gemeinnützigkeit in
erster Linie um Arbeiten in der Einrichtung. Dazu gehören die
Pflege der Außenanlagen, die Reinigung der Gemeinschaftsunterkunft sowie ggf. anfallende Renovierungsarbeiten.
Der Stundenumfang beträgt monatlich maximal 80 Stunden."
146,16839200000,168392,0,Antwort der Landesregierung auf die Kleine Anfrage 656 des Abgeordneten Michael Claus (DVU) - Drs. 3/1775,168392_00468314b240bcb309f75bef8e122cee013701ee.pdf,1,1,2011,265,https://fragdenstaat.de/dokumente/168392-antwort-der-landesregierung-auf-die-kleine-anfrage-656-des-abgeordneten-michael-claus-dvu-drs-31775/,https://media.frag-den-staat.de/files/docs/d6/05/df/d605dfa661704bd2a0afbaf1351cf576/00468314b240bcb309f75bef8e122cee013701ee.pdf,,,d605dfa6-6170-4bd2-a0af-baf1351cf576,C:\Users\Admin\Desktop\OpenLens\Texte\168392_00468314b240bcb309f75bef8e122cee013701ee.txt,C:\Users\Admin\Desktop\OpenLens\Bereinigte_Texte\168392_168392_00468314b240bcb309f75bef8e122cee013701ee.txt,"Landtag Brandenburg
Drucksache 3/2399
3. Wahlperiode
Antwort
der Landesregierung
auf die Kleine Anfrage 896
des Abgeordneten Michael Claus
Fraktion der DVU
Drucksache 3/2265
Antwort der Landesregierung auf die Kleine Anfrage 656 des Abgeordneten Michael Claus (DVU) - Drs. 3/1775
ordneten Michael Claus (DVU) - Drs. 3/1775
Wortlaut der Kleinen Anfrage 896 vom 10.01.2000:
1.
Dürfen in allen Landkreisen Brandenburgs Tierärzte Negativtests erstellen?
Wenn ja: Warum nicht im Landkreis Märkisch-Oderland?
Wenn nein: Warum nicht (bitte detaillierte Aufschlüsselung
nach Gründen sowie nach dem Landkreis, in dem sie es nicht
dürfen)?
2.
Welche Voraussetzungen bzw. Qualifikationen muss ein Tierarzt im Land Brandenburg besitzen, um ein Negativzeugnis
erstellen zu können?
Namens
ns der Landesregierung beantwortet der Minister des Innern
die Kleine Anfrage wie folgt:
die Kleine Anfrage wie folgt:
zu den Fragen 1 und 2:
Mit der Vorlage des so genannten Negativgutachtens kann der
Hundehalter die Gefährlichkeitsvermutung für die in § 8 Abs. 3
der Hundehalterverordnung genannten Hunderassen bzw. Kreuzungen
mit diesen im Einzelfall widerlegen. Auf Grund des Negativgutachtens erteilt die örtliche Ordnungsbehörde das Negativzeugnis
hinsichtlich der Gefährlichkeit des Hundes. Voraussetzung dafür
ist, dass das Negativgutachten von einem zuverlässigen und sachkundigen kynologischen Gutachter erstellt wurde. Als kynologische Sachverständige kommen grundsätzlich auch approbierte Tierärzte in Betracht, wenn sie über zusätzliche kynologische Qualifizierungsnachweise (z. B. Fachtierarzt/Fachtierärztin für Verhaltenskunde, Nachweis einer mehrjährigen Tätigkeit in einer
verhaltenstherapeutischen Einrichtung oder Erfahrungen als Hunde-Leistungsrichter) verfügen. Diese Voraussetzungen wurden im
Rahmen einer Empfehlungsliste des Ministeriums des Innern geprüft. Dies gilt selbstverständlich in allen Landkreisen und
kreisfreien Städten des Landes Brandenburg.
Datum des Eingangs: 19.02.2001 / Ausgegeben: 26.02.2001"
147,16839800000,168398,0,Bewertung der parlamentarischen Themen der DVU-Fraktion im Landtag Brandenburg durch die Landesregierung,168398_9078cd5cd39789539b78bbe949305d6248a3dc48.pdf,1,2,1948,260,https://fragdenstaat.de/dokumente/168398-bewertung-der-parlamentarischen-themen-der-dvu-fraktion-im-landtag-brandenburg-durch-die-landesregierung/,https://media.frag-den-staat.de/files/docs/ec/2e/b9/ec2eb989ee324d528afa5342bcbf1816/9078cd5cd39789539b78bbe949305d6248a3dc48.pdf,,,ec2eb989-ee32-4d52-8afa-5342bcbf1816,C:\Users\Admin\Desktop\OpenLens\Texte\168398_9078cd5cd39789539b78bbe949305d6248a3dc48.txt,C:\Users\Admin\Desktop\OpenLens\Bereinigte_Texte\168398_168398_9078cd5cd39789539b78bbe949305d6248a3dc48.txt,"Landtag Brandenburg
Drucksache 3/2076
3. Wahlperiode
Antwort
der Landesregierung
auf die Kleine Anfrage 791
der Abgeordneten Liane Hesselbarth
Fraktion der DVU
Drucksache 3/1937
Bewertung der parlamentarischen Themen der DVU-Fraktion im Landtag Brandenburg durch die Landesregierung
tag Brandenburg durch die Landesregierung
Wortlaut der Kleinen Anfrage 791 vom 30.10.2000:
In einem Artikel der Märkischen Allgemeinen Zeitung vom
21.10.2000, welcher sich mit der parlamentarischen Arbeit der
DVU-Fraktion im Landtag Brandenburg beschäftigte, wurde Innenminister Jörg Schönbohm mit der Bemerkung erwähnt, er bewerte die
Themen der DVU als verfassungsfeindlich, nicht aber ihr Handeln.
Ich frage die Landesregierung:
1.
Welche von der DVU-Fraktion im Landtag Brandenburg in die
parlamentarische Arbeit eingebrachten Themen waren nach
Erkenntnissen bzw. Einschätzung der Landesregierung verfassungsfeindlich (bitte detaillierte Aufschlüsselung)?
2.
Woraus ergab sich nach Erkenntnissen und Einschätzung der
Landesregierung bei den unter 1. genannten Themen deren
Verfassungsfeindlichkeit?
3.
Wie definiert die Landesregierung den Begriff der ""Verfassungsfeindlichkeit"", insbesondere im Hinblick auf parlamentarisch zu behandelnde Themen?
Datum des Eingangs: 29.11.2000 / Ausgegeben: 04.12.2000

Namens
ns der Landesregierung beantwortet der Minister des Innern
die Kleine Anfrage wie folgt:
die Kleine Anfrage wie folgt:
zu Frage 1:
Die Landesregierung nimmt generell keine Bewertung der parlamentarischen Aktivitäten von Abgeordneten und Fraktionen des Landtages Brandenburg vor. 
zu Frage 2:
Siehe Antwort zu Frage 1.
zu Frage 3:
Als verfassungsfeindlich betrachtet die Landesregierung Bestrebungen gegen die freiheitliche demokratische Grundordnung, wie
sie näher in § 4 Abs. 1 Nr. 3 Brandenburgisches Verfassungsschutzgesetz definiert sind. Was jedoch die Bewertung parlamentarischer Erörterungen angeht, wird auf die Antwort zu Frage 1
verwiesen."
148,16842500000,168425,0,Embryonenschutzgesetz,168425_fe2515ee4bb629e28b701d6ecabb4d0d5f16b941.pdf,1,2,1587,213,https://fragdenstaat.de/dokumente/168425-embryonenschutzgesetz/,https://media.frag-den-staat.de/files/docs/e1/54/ba/e154badf5f89492eba948cd0a7659481/fe2515ee4bb629e28b701d6ecabb4d0d5f16b941.pdf,,,e154badf-5f89-492e-ba94-8cd0a7659481,C:\Users\Admin\Desktop\OpenLens\Texte\168425_fe2515ee4bb629e28b701d6ecabb4d0d5f16b941.txt,C:\Users\Admin\Desktop\OpenLens\Bereinigte_Texte\168425_168425_fe2515ee4bb629e28b701d6ecabb4d0d5f16b941.txt,"Landtag Brandenburg
Drucksache 3/3189
3. Wahlperiode
Antwort
der Landesregierung
auf die Kleine Anfrage Nr. 1173
des Abgeordneten Werner Firneburg
Fraktion der DVU
Landtagsdrucksache 3/3027
Wortlaut der Kleinen Anfrage Nr. 1173 vom 10. Juli 2001:
Embryonenschutzgesetz
Ich frage die Landesregierung:
1.
Spricht sich die Landesregierung für eine Änderung des Embryonenschutzgesetzes
aus? Wenn nein, welche Gründe sprechen dagegen?
2.
Unterstützt die Landesregierung das Verbot der Einfuhr von und der Forschung an
pluripotenten embryonalen Stammzellen (ES)?
3.
Ist nach der gegenwärtigen Rechtslage die Einfuhr pluripotenter ES sowie die Forschung erlaubt?
4.
Unterstützt die Landesregierung das Vorhaben von NWR B Ministerpräsident Clement, der eine Einfuhr der Stammzellen erlauben will?
Namens der Landesregierung beantwortet die Ministerin für Wissenschaft, Forschung
und Kultur die Kleine Anfrage wie folgt:
zu Frage 1, 2 und 4:
Eine etwaige Änderung des Embryonenschutzgesetzes stellt eine so weitgehende Veränderung
der Rechtslage dar, dass sie nur auf der Grundlage eines breiten gesellschaftlichen und
forschungspolitischen Konsenses erfolgen kann. 
Datum des Eingangs: 20.08.2001 / Ausgegeben: 28.08.2001

Die Landesregierung wird sich im Rahmen der ihr zur Verfügung stehenden Möglichkeiten
dafür einsetzen, diesen Konsens auf breiter Grundlage zu erreichen.
zu Frage 3:
Die Einfuhr pluripotenter embryonaler Stammzellen in die Bundesrepublik Deutschland ist
nicht verboten. Das Embryonenschutzgesetz untersagt aber grundsätzlich Forschungen an und
mit embryonalen Stammzellen."
149,16844200000,168442,0,"""Null Toleranz"" bei Drogen",168442_92912b61316dc4625d74e9c22b1b86130a21a017.pdf,1,2,2321,310,https://fragdenstaat.de/dokumente/168442-null-toleranz-bei-drogen/,https://media.frag-den-staat.de/files/docs/3d/ab/60/3dab607e8bdf49ddb176b4de918a24ef/92912b61316dc4625d74e9c22b1b86130a21a017.pdf,,,3dab607e-8bdf-49dd-b176-b4de918a24ef,C:\Users\Admin\Desktop\OpenLens\Texte\168442_92912b61316dc4625d74e9c22b1b86130a21a017.txt,C:\Users\Admin\Desktop\OpenLens\Bereinigte_Texte\168442_168442_92912b61316dc4625d74e9c22b1b86130a21a017.txt,"Landtag Brandenburg
Drucksache 3/3360
3. Wahlperiode
Antwort
der Landesregierung
auf die Kleine Anfrage 1273
der Abgeordneten Birgit Fechner
Fraktion der DVU
Landtagsdrucksache 3/3238
""Null Toleranz"" bei Drogen
""Null Toleranz"" bei Drogen
Wortlaut der Kleinen Anfrage Nr. 1273 vom 06.09.2001:
Wie der Presse zu entnehmen war, tritt Bildungsminister Reiche
für ""null Toleranz"" im Umgang mit dem gestiegenen Drogenkonsum
bei Jugendlichen ein. Allerdings liegt bisher noch kein Antisuchtprogramm vor, so die Sprecherin des Sozialministeriums.
Ich frage die Landesregierung:
1.
Wann wird nach der jetzigen Vorstellung der Landesregierung
mit der Veröffentlichung dieses Antisuchtprogramms zu rechnen sein?
2.
Welches werden die wesentlichen Inhaltspunkte dieses Suchtprogramms sein?
3.
Mit welchen Mitteln sollen die einzelnen Programmpunkte
real umgesetzt und gegebenfalls auch rechtlich sanktioniert
werden?
4.
An welchen Fragen scheiterte bisher die Veröffentlichung
dieses Suchtprogramms?
Datum des Eingangs: 10.10.2001 / Ausgegeben: 15.10.2001

Namens der Landesregierung beantwortet der Minister für Arbeit,
der Minister für Arbeit,
Soziales, Gesundheit und Frauen die Kleine Anfrage wie folgt:
Soziales, Gesundheit und Frauen die Kleine Anfrage wie folgt:
zu Frage 1:
Der Entwurf des Brandenburgischen Landesprogramms gegen Sucht
wird voraussichtlich noch in diesem Jahr im Kabinett behandelt
und veröffentlicht.
zu Frage 2:
Wesentliche Schwerpunkte des Brandenburgischen Landesprogramms
gegen Sucht sollen sein:
- 
die Beobachtung des Suchtgeschehens im Land,
- 
die Darstellung der Ziele der Suchtpolitik,
- 
das Aufzeigen von Schwachstellen in der Suchtprävention,
der Suchtkrankenhilfe und der Bekämpfung der Betäubungsmittelkriminalität,
- 
die Etablierung von Verfahren, um die Maßnahmen zur Erreichung der Ziele aufeinander abzustimmen, zu bündeln und
hinsichtlich ihrer Wirksamkeit zu überprüfen und
- 
die Schaffung eines Forums für die fachliche und politische
Diskussion zum Thema Sucht.
zu Frage 3:
Die Umsetzung des Landessuchtprogramms wird in Verantwortung
derjenigen liegen, die für die jeweiligen Aufgaben zuständig
sind. Ob darüber hinaus weitere Umsetzungsschritte erfolgen
werden, wird vom Kabinett im Rahmen des Beschlusses zum Landessuchtprogramm entschieden.
zu Frage 4:
Siehe Antwort zu Frage 1."
150,16847300000,168473,0,Geplanter Großflughafen Berlin - Brandenburg International in Schönefeld,168473_3e662cc28d2978a3d73ecac023209bbf65dc271f.pdf,1,1,1002,128,https://fragdenstaat.de/dokumente/168473-geplanter-groflughafen-berlin-brandenburg-international-in-schonefeld/,https://media.frag-den-staat.de/files/docs/a0/27/19/a02719565ec94f13b0d9573c2caef36a/3e662cc28d2978a3d73ecac023209bbf65dc271f.pdf,,,a0271956-5ec9-4f13-b0d9-573c2caef36a,C:\Users\Admin\Desktop\OpenLens\Texte\168473_3e662cc28d2978a3d73ecac023209bbf65dc271f.txt,C:\Users\Admin\Desktop\OpenLens\Bereinigte_Texte\168473_168473_3e662cc28d2978a3d73ecac023209bbf65dc271f.txt,"Landtag Brandenburg
Drucksache 3/1547
3. Wahlperiode
Antwort
der Landesregierung
auf die Kleine Anfrage 564
der Abgeordneten Liane Hesselbarth
Fraktion der DVU
Drucksache 3/1444
Geplanter
Geplanter Großflughafen Berlin-Brandenburg International in
Schönefeld
Schönefeld
Wortlauf der Kleinen Anfrage Nr. 564:
Die Zahl der Anliegerkommunen, welche sich gegen den geplanten
Bau des Großflughafens Berlin-Brandenburg International in Schönefeld aussprechen, wird immer größer.
Dadurch wird die Dauer des Planfeststellungsverfahrens deutlich
verzögert.
Ich frage die Landesregierung:
Erwägt die Landesregierung weitere Maßnahmen einzuleiten um den
Anliegerkommunen die wirtschaftliche und infrastrukturelle Notwendigkeit des Baus des Großflughafens Berlin-Brandenburg International in Schönefeld zu verdeutlichen?
Namens der Landesregierung beantwortet der Minister für Wirtschaft die Kleine Anfrage wie folgt:
schaft die Kleine Anfrage wie folgt:
Ja.
Datum des Eingangs: 04.08.2000 / Ausgegeben: 09.08.2000"
151,16849600000,168496,0,Entsendung von Soldaten aus Brandenburg als Teil der UNO-Truppen in Ost-Timor,168496_57c0b820276c9eceebb38f4961b5541467d7a2dc.pdf,1,1,1493,209,https://fragdenstaat.de/dokumente/168496-entsendung-von-soldaten-aus-brandenburg-als-teil-der-uno-truppen-in-ost-timor/,https://media.frag-den-staat.de/files/docs/44/29/8b/44298bb120d448afb718dce3193e3c8c/57c0b820276c9eceebb38f4961b5541467d7a2dc.pdf,,,44298bb1-20d4-48af-b718-dce3193e3c8c,C:\Users\Admin\Desktop\OpenLens\Texte\168496_57c0b820276c9eceebb38f4961b5541467d7a2dc.txt,C:\Users\Admin\Desktop\OpenLens\Bereinigte_Texte\168496_168496_57c0b820276c9eceebb38f4961b5541467d7a2dc.txt,"Landtag Brandenburg
Drucksache 3/161
3. Wahlperiode
Antwort
der Landesregierung
auf die Kleine Anfrage Nr. 16
der Abgeordneten Liane Hesselbarth
Fraktion der DVU
Drucksache 3/39
Entsendung von Soldaten aus Brandenburg als Teil der UNO-Truppen
in Ost-Timor
in Ost-Timor
Wortlaut der Kleinen Anfrage Nr. 16 vom 13. Oktober 1999:
Ich frage die Landesregierung:
1.
Befürwortet die Landesregierung die seitens der Bundesregierung bzw. des Bundesverteidigungsministeriums geplante
bzw. durchgeführte Entsendung deutscher Bundeswehrsoldaten
als Teil des UNO-Kontingents nach Ost-Timor?
2.
Werden auch Bundeswehrsoldaten aus Brandenburg nach Ost-
Timor entsandt?
3.
Welchen finanziellen Anteil an der Entsendung deutscher
Bundeswehrsoldaten nach Ost-Timor sowie an der humanitären
Hilfe der Bundesrepublik Deutschland für Ost-Timor trägt
das Land Brandenburg nach Einschätzung der Landesregierung?
Namens der Landesregierung beantwortet der Chef der Staatskanzder Chef der Staatskanzlei die Kleine Anfrage wie folgt:
lei die Kleine Anfrage wie folgt:
Zu Frage 1:
Es ist nicht Aufgabe der Landesregierung, die Entscheidung des
Bundes zu kommentieren.
Zu Frage 2:
Hierzu liegen der Landesregierung keine Informationen vor, da
die Bundeswehr bzw. das Bundesverteidigungsministerium über die
Herkunft der Soldaten nach Stationierungsort und nicht nach
Hauptwohnsitz Auskunft gibt.
Zu Frage 3:
Keine. Die Kosten werden aus dem Bundeshaushalt gedeckt.
Datum des Eingangs: 16.11.1999 / Ausgegeben: 22.11.1999"
152,16857100000,168571,0,Selbstverwaltete Jugendclubs in Brandenburg,168571_3f858b2716383cdef4ebbcc76fe9531f3210d3b0.pdf,1,2,2122,281,https://fragdenstaat.de/dokumente/168571-selbstverwaltete-jugendclubs-in-brandenburg/,https://media.frag-den-staat.de/files/docs/6d/92/f6/6d92f6b9578446d087e7b72d46e11921/3f858b2716383cdef4ebbcc76fe9531f3210d3b0.pdf,,,6d92f6b9-5784-46d0-87e7-b72d46e11921,C:\Users\Admin\Desktop\OpenLens\Texte\168571_3f858b2716383cdef4ebbcc76fe9531f3210d3b0.txt,C:\Users\Admin\Desktop\OpenLens\Bereinigte_Texte\168571_168571_3f858b2716383cdef4ebbcc76fe9531f3210d3b0.txt,"Landtag Brandenburg
Drucksache 3/3785
3. Wahlperiode
Antwort
der Landesregierung
auf die Kleine Anfrage 1382
des Abgeordneten Michael Claus
Fraktion der DVU
Drucksache 3/3575
Selbstverwaltete Jugendclubs in Brandenburg
Selbstverwaltete Jugendclubs in Brandenburg
Wortlaut der Kleinen Anfrage 1382 vom 23.11.2001:
Die Stadt Zittau initiierte die Gründung eines in Selbstverwaltung stehenden Jugendclubs für Jugendliche aus der sogenannten
""rechten Szene"" unter sozialpädagogischer Betreuung und Überwachung. Der Gründung dieses Jugendclubs liegt die sozialpädagogische Erwägung zugrunde, dass Jugendliche in ihrer Freizeit
eine sinnvolle Aufgabe und Beschäftigung in Form des Auf- und
Ausbaus einer eigenen Freizeiteinrichtung erhalten.
Ich frage die Landesregierung:
1.
Sind nach Erkenntnissen der Landesregierung derartige Projekte zu befürworten, und, wenn nein, aus welchen Gründen
lehnt die Landesregierung derartige Projekte ab, bzw. welche Alternativen schlägt die Landesregierung zu solchen
Projekten vor?
2.
Existieren nach Erkenntnissen der Landesregierung im Land
Brandenburg ähnliche oder vergleichbare Einrichtungen, und,
wenn ja, in welchen Kommunen befinden sich diese, und wie
gestaltet sich deren Organisation und Zielsetzung (bitte
detaillierte Aufschlüsselung)?
Namens der Landesregierung beantwortet der Minister für Bildung,
Jugend und Sport die Kleine Anfrage wie folgt:
Jugend und Sport die Kleine Anfrage wie folgt:
Zu Frage 1:
Die Landesregierung lehnt derartige Projekte ab, da sie organisierten rechtsextremistischen Gruppen sowie gewaltbereiten Jugendszenen als Rekrutierungs- und Organisationsbasis dienen
können.
Datum des Eingangs: 15.01.2002 / Ausgegeben: 21.01.2002

Derartig gelagerte Projekte stehen außerdem im Gegensatz zu § 74
Abs. 1 Nr. 5 SGB VIII (Förderung der freien Jugendhilfe), nach
dem die Träger der öffentlichen Jugendhilfe die freiwillige
Tätigkeit auf dem Gebiet der Jugendhilfe fördern sollen, wenn
der jeweilige Träger die Gewähr für eine den Zielen des Grundgesetzes förderliche Arbeit bietet.
Zu Frage 2:
Der Landesregierung sind keine derartigen Einrichtungen bekannt."
153,16857200000,168572,0,Aufnahme von ausländischen IT-Spezialisten in Brandenburg,168572_74da7f80d0cc2e352c67bd119a1cac30e8756b74.pdf,1,1,1702,227,https://fragdenstaat.de/dokumente/168572-aufnahme-von-auslandischen-it-spezialisten-in-brandenburg/,https://media.frag-den-staat.de/files/docs/c4/36/f1/c436f11f3b38470aba8c9ef028043031/74da7f80d0cc2e352c67bd119a1cac30e8756b74.pdf,,,c436f11f-3b38-470a-ba8c-9ef028043031,C:\Users\Admin\Desktop\OpenLens\Texte\168572_74da7f80d0cc2e352c67bd119a1cac30e8756b74.txt,C:\Users\Admin\Desktop\OpenLens\Bereinigte_Texte\168572_168572_74da7f80d0cc2e352c67bd119a1cac30e8756b74.txt,"Landtag Brandenburg
Drucksache 3/967
3. Wahlperiode
Antwort
der Landesregierung
auf die Kleine Anfrage Nr. 312
des Abgeordneten Sarrach
Fraktion der PDS
Landtagsdrucksache 3/749
Aufnahme von ausländischen IT-Spezialisten in Brandenburg
Aufnahme von ausländischen IT-Spezialisten in Brandenburg
Wortlaut der Kleinen Anfrage Nr. 312 vom 07.03.2000:
Laut Bundeskanzler Schröder sollte Deutschland 30 000 ausländische IT-Spezialisten aufnehmen, um so die schlimmsten Engpässe
an Fachpersonal bei deutschen IT-Unternehmen zu überwinden.
Ich frage die Landesregierung:
Wie viele dieser IT-Spezialisten könnte das Land Brandenburg
aufnehmen?
Namens der Landesregierung beantwortet der Minister für Wirtschaft die Kleine Anfrage wie folgt:
schaft die Kleine Anfrage wie folgt:
Auch im Land Brandenburg wächst die Informations-, Kommunikations- und Medienbranche. Zu den derzeit bestehenden 750 Unternehmen dieses Bereiches kommen jährlich 50 - 60 innovative Unternehmen hinzu.
Bei der Beantwortung der Frage nach der Aufnahmekapazität des
Landes Brandenburg von ausländischen IT-Spezialisten kann man
sich nach derzeitigem Erkenntnisstand nur auf Schätzungen berufen.
Nach ersten Umfragen bei Brandenburger Kammern und Verbänden
versuchen Brandenburger Unternehmen zunächst fehlende Fachkräfte
auf dem inländischen Arbeitsmarkt zu rekrutieren. Darüber hinaus
besteht ein derzeit nicht quantifizierbarer Bedarf an ausländischen Spezialisten. Die Umfrage lässt lediglich eine Schätzung
von 150 bis 200 Fachkräften zu.
Brandenburg ist bestrebt, dem Fachkräftemangel offensiv zu begegnen, so werden derzeit im Land über 1 700 Informatikstudenten
ausgebildet.
Datum des Eingangs: 10.04.2000 / Ausgegeben: 17.04.2000"
154,16870500000,168705,0,Förderung der Jugendorganisationen der Parteien,168705_64bd3d61974d75666499e27136ec1bcb046310c5.pdf,1,2,1862,258,https://fragdenstaat.de/dokumente/168705-forderung-der-jugendorganisationen-der-parteien/,https://media.frag-den-staat.de/files/docs/7e/8a/b5/7e8ab5d996a84993b783e22fd69b573b/64bd3d61974d75666499e27136ec1bcb046310c5.pdf,,,7e8ab5d9-96a8-4993-b783-e22fd69b573b,C:\Users\Admin\Desktop\OpenLens\Texte\168705_64bd3d61974d75666499e27136ec1bcb046310c5.txt,C:\Users\Admin\Desktop\OpenLens\Bereinigte_Texte\168705_168705_64bd3d61974d75666499e27136ec1bcb046310c5.txt,"Landtag Brandenburg
Drucksache 3/1036
3. Wahlperiode
Antwort
der Landesregierung
auf die Kleine Anfrage 335
des Abgeordneten Christoph Schulze
Fraktion der SPD
Drucksache 3/807
Förderung der Jugendorganisationen der Parteien
Förderung der Jugendorganisationen der Parteien
Wortlaut der Kleinen Anfrage 335 vom 15.03.2000:
Im Land Brandenburg werden die Jugendorganisationen der Parteien
über die Landeszentrale für politische Bildung (bisher Kapitel
02050 Titel 684 20) durch Projektmittel entweder direkt oder
über den Verein zur Förderung der politischen Jugend gefördert.
Ich frage die Landesregierung:
1. 
In welcher Höhe erhielten 1998 und 1999 die einzelnen Jugendorganisationen der Parteien jeweils Mittel aus dem
Landesetat (aufgesplittet nach Organisationen und Jahren)?
2.
Auf Grundlage welcher Zuwendungsrichtlinien erhalten die
Jugendorganisationen der Parteien dieses Geld?
3.
Plant die Landesregierung Veränderungen hinsichtlich der
Höhe oder des Verfahrens der Zuwendungen an die politischen
Jugendorganisationen?
Namens der Landesregierung beantwortet der Minister für Bildung,
Jugend und Sport die Kleine Anfrage wie folgt:
Jugend und Sport die Kleine Anfrage wie folgt:
zu Frage 1:
Einzelne Jugendorganisationen der Parteien erhielten in den
Jahren 1998 und 1999 keine Förderung über die Landeszentrale für
politische Bildung.
Datum des Eingangs: 02.05.2000 / Ausgegeben: 08.05.2000

Der Verein zur Förderung der politischen Jugend, in dem mehrere
Jugendorganisationen der Parteien zusammengeschlossen sind,
erhielt über die Landeszentrale
im Jahr 1998 
91.309,00 DM
im Jahr 1999
64.756,00 DM.
zu Frage 2:
Die Förderung erfolgt auf der Grundlage der „Richtlinie des
Ministerpräsidenten zur Förderung von Maßnahmen der politischen
Bildungsarbeit durch die Brandenburgische Landeszentrale für
politische Bildung“ vom 28.02.1998.
zu Frage 3:
Nein."
155,16873900000,168739,0,Landesstraße L 75,168739_1db21042f7d33c596b7d610b4b8645222a819c9f.pdf,1,2,1622,218,https://fragdenstaat.de/dokumente/168739-landesstrae-l-75/,https://media.frag-den-staat.de/files/docs/5f/81/09/5f81099f98834039a8eb447d470ed1a0/1db21042f7d33c596b7d610b4b8645222a819c9f.pdf,,,5f81099f-9883-4039-a8eb-447d470ed1a0,C:\Users\Admin\Desktop\OpenLens\Texte\168739_1db21042f7d33c596b7d610b4b8645222a819c9f.txt,C:\Users\Admin\Desktop\OpenLens\Bereinigte_Texte\168739_168739_1db21042f7d33c596b7d610b4b8645222a819c9f.txt,"Landtag Brandenburg
Drucksache 3/1799
3. Wahlperiode
Antwort
der Landesregierung
auf die Kleine Anfrage 679
des Abgeordneten Christoph Schulze
Fraktion der SPD
Drucksache 3/1669
Wortlaut der Kleinen Anfrage 679:
Landesstraße L 75
Landesstraße L 75
Die L 75 zieht sich durch die Gemeinde Großziethen, Landkreis
Dahme-Spreewald. Seit längerem sind aufgrund des schlechten
Zustandes der Straße Erneuerungsarbeiten geplant.
Ich frage die Landesregierung:
1.
Was ist der Planungsstand der Sanierung der L 75 in der
Ortslage Großziethen?
2.
Welches Kostenvolumen hat das Gesamtprojekt?
3.
Wann ist der voraussichtliche Baubeginn?
Namens
ns der Landesregierung beantwortet der Minister für Stadtentwicklung, Wohnen und Verkehr die Kleine Anfrage wie folgt:
entwicklung, Wohnen und Verkehr die Kleine Anfrage wie folgt:
Zu Frage 1:
Der schlechte Zustand der Ortsdurchfahrt Großziethen ist bekannt.
Es wurden deshalb bereits Maßnahmen zur Verbesserung des Zustandes durchgeführt. Um die Situation jedoch endgültig zu verbessern, ist ein grundhafter Ausbau der Ortsdurchfahrt notwendig.
Aufgrund vielfältiger Abstimmungen erfordert diese Maßnahme
jedoch einen längeren Planungsverlauf. Derzeitig werden die
Entwurfsunterlagen erarbeitet. Es ist vorgesehen, das Planfeststellungsverfahren 2001 einzuleiten.
Datum des Eingangs: 10.10.2000 / Ausgegeben: 16.10.2000

Zu Frage 2:
Die Gesamtkosten werden voraussichtlich 2,6 Mio DM betragen.
Zu Frage 3:
Vorbehaltlich des erfolgreichen Abschlusses des Planfeststellungsverfahrens und der Bereitstellung ausreichender Finanzmittel ist vorgesehen, mit der Maßnahme im Jahr 2003 zu beginnen."
156,16877300000,168773,0,Überlegungen zur Einführung einer kommunalen Unternehmenssteuer auch für Freiberufler,168773_dceae127f53c8ee4bc70ed8c50eecf262cc8faab.pdf,1,2,1816,235,https://fragdenstaat.de/dokumente/168773-uberlegungen-zur-einfuhrung-einer-kommunalen-unternehmenssteuer-auch-fur-freiberufler/,https://media.frag-den-staat.de/files/docs/55/91/a7/5591a7b7892d431ebf90ff8c64c35109/dceae127f53c8ee4bc70ed8c50eecf262cc8faab.pdf,,,5591a7b7-892d-431e-bf90-ff8c64c35109,C:\Users\Admin\Desktop\OpenLens\Texte\168773_dceae127f53c8ee4bc70ed8c50eecf262cc8faab.txt,C:\Users\Admin\Desktop\OpenLens\Bereinigte_Texte\168773_168773_dceae127f53c8ee4bc70ed8c50eecf262cc8faab.txt,"Landtag Brandenburg
Drucksache 3/973
3. Wahlperiode
Antwort
der Landesregierung
auf die Kleine Anfrage Nr. 337
der Abgeordneten Liane Hesselbarth
Fraktion der DVU
Drucksache 3/811
Kommunale Unternehmenssteuer für Freiberufler
Kommunale Unternehmenssteuer für Freiberufler
Wortlaut der Kleinen Anfrage Nr. 337 vom 17. März 2000:
Überlegungen zur Einführung einer kommunalen Unternehmenssteuer
nalen Unternehmenssteuer
auch für Freiberufler
auch für Freiberufler
Der Neue Unions-Fraktionschef Friedrich Merz (CDU) hatte gegenüber dem ""Handelsblatt"" gesagt, die Gewerbeertragsteuer könnte
durch eine kommunale Unternehmenssteuer ersetzt werden, der dann
auch Freiberufler unterworfen würden.
Dagegen wandte sich u. a. die Bundesingenieurkammer.
Ich frage die Landesregierung:
1.
Welche Haltung nimmt die Landesregierung zu den Überlegungen auf Ersetzung der Gewerbeertragsteuer durch eine kommunale Unternehmenssteuer, der dann auch Freiberufler unterworfen würden, ein?
2.
Welche Maßnahmen will die Landesregierung ergreifen, um auf
die Kommunen des Landes einzuwirken, die Gewerbesteuerhebesätze im Hinblick auf ansiedlungswillige Investoren investitionsfreundlich zu gestalten?
Datum des Eingangs: 12.04.2000 / Ausgegeben: 17.04.2000

Namens der Landesregierung beantwortet die Ministerin der Finanzen die Kleine Anfrage wie folgt:
zen die Kleine Anfrage wie folgt:
zu Frage 1:
Im Rahmen der Diskussion um die sog. Unternehmenssteuerreform
steht der Erhalt der Gewerbesteuer nicht infrage. Die Landesregierung sieht im Übrigen keine Veranlassung, das Interview des
Vorsitzenden der CDU/CSU-Fraktion des Deutschen Bundestages zu
kommentieren.
Zu Frage 2:
Die Selbstverwaltungsgarantie des Artikel 28 Grundgesetz gibt
den Gemeinden das Recht, die Hebesätze zur Gewerbesteuer und
Grundsteuer selbst bestimmen zu können."
157,16880500000,168805,0,Arbeitslosenverband von STASI unterwandert?,168805_0facdabdba069c7fdda125b5850e4619d32a2be1.pdf,1,2,1625,226,https://fragdenstaat.de/dokumente/168805-arbeitslosenverband-von-stasi-unterwandert/,https://media.frag-den-staat.de/files/docs/a8/93/3f/a8933f1da98d467987a1071459eccdba/0facdabdba069c7fdda125b5850e4619d32a2be1.pdf,,,a8933f1d-a98d-4679-87a1-071459eccdba,C:\Users\Admin\Desktop\OpenLens\Texte\168805_0facdabdba069c7fdda125b5850e4619d32a2be1.txt,C:\Users\Admin\Desktop\OpenLens\Bereinigte_Texte\168805_168805_0facdabdba069c7fdda125b5850e4619d32a2be1.txt,"Landtag Brandenburg
Drucksache 3/414
3. Wahlperiode
Antwort
der Landesregierung
auf die Kleine Anfrage Nr. 98
der Abgeordneten Birgit Fechner
Fraktion der DVU
Landtagsdrucksache 3/186
Arbeitslosenverband von STASI unterwandert?
Arbeitslosenverband von STASI unterwandert?
Wortlaut der Kleinen Anfrage Nr. 98 vom 24.11.1999:
1.
Ist ein Bericht der ORB Sendung - ""Klartext"" zutreffend,
wonach ehemalige STASI-Mitarbeiter den Arbeitslosenverband
gegründet und maßgeblich beeinflusst haben?
2.
Wird der Arbeitslosenverband von den Arbeitsämtern, dem
Land und der EU finanziert? Wenn ja: Welche Mittel stellt
das Land seit wann jährlich zur Verfügung und wo sind die
Zuwendungen in den Haushaltsplänen ausgewiesen?
Datum des Eingangs: 04.01.2000 / Ausgegeben: 10.01.2000

Namens der Landesregierung beantwortet der Minister für Arbeit,
der Minister für Arbeit,
Soziales, Gesundheit und Frauen die Kleine Anfrage wie folgt:
Soziales, Gesundheit und Frauen die Kleine Anfrage wie folgt:
Vorbemerkung zu der Antwort:
Mit Arbeitslosenverband ist vermutlich der Arbeitslosenverband
Deutschland e. V. Landesverband Brandenburg gemeint.
Zu Frage 1:
Die Landesregierung hat den Wahrheitsgehalt von Sendungen des
ORB nicht zu überprüfen. Dies wäre aus rechtlichen und technischen Gründen auch nicht möglich. 
Zu Frage 2:
Ob der Arbeitslosenverband Deutschland e.V. Landesverband Brandenburg von den Arbeitsämtern finanziert wird, kann nur von der
Bundesanstalt für Arbeit beantwortet werden.
Im übrigen wird in diesem Zusammenhang auf die Beantwortung der
Kleinen Anfrage Nr. 68 des Abgeordneten Michael Claus, Fraktion
der DVU, verwiesen."
158,16882600000,168826,0,"Etikett der ""kleinen DDR""",168826_f37d0bac42404e5033ef5ccde74a5be9a56526b6.pdf,1,1,1069,164,https://fragdenstaat.de/dokumente/168826-etikett-der-kleinen-ddr/,https://media.frag-den-staat.de/files/docs/fc/4e/fb/fc4efb768a64444683b3f8d7349d5839/f37d0bac42404e5033ef5ccde74a5be9a56526b6.pdf,,,fc4efb76-8a64-4446-83b3-f8d7349d5839,C:\Users\Admin\Desktop\OpenLens\Texte\168826_f37d0bac42404e5033ef5ccde74a5be9a56526b6.txt,C:\Users\Admin\Desktop\OpenLens\Bereinigte_Texte\168826_168826_f37d0bac42404e5033ef5ccde74a5be9a56526b6.txt,"Landtag Brandenburg
Drucksache 3/495
3. Wahlperiode
Antwort
der Landesregierung
auf die Kleine Anfrage Nr. 119
des Abgeordneten Werner Firneburg
Fraktion der DVU
Drucksache 3/224
Etikett der ""kleinen DDR""
Etikett der ""kleinen DDR""
Wortlaut der Kleinen Anfrage Nr. 119 vom 24. November 1999:
Ich frage die Landesregierung:
1.
Ist es zutreffend, dass Ministerpräsident Manfred Stolpe
gegenüber Medienvertretern erklärt hat: ""Wir tragen das
Etikett der kleinen DDR stolz.""?
2.
Was will der Ministerpräsident mit dieser Aussage zum Ausdruck bringen?
3.
Ist der Ministerpräsident der Auffassung, dass mit dieser
Aussage alt und neue Wählerstimmen aus dem PDS-Spektrum zu
gewinnen sind?
Namens der Landesregierung beantwortet der Chef der Staatskanzder Chef der Staatskanzlei die Kleine Anfrage wie folgt:
lei die Kleine Anfrage wie folgt:
Zu Frage 1:
Ja.
Zu Frage 2:
Es soll die Herkunft nicht verleugnet und zudem unterstrichen
werden, dass es vor 1989 nicht nur Fehler und Katastrophen gegeben hat.
Zu Frage 3:
Nein.
Datum des Eingangs: 14.01.2000 / Ausgegeben: 20.01.2000"
159,16886700000,168867,0,Gutachter im Fall Schmökel,168867_3e37f4d3671fcfeaa9eff1c2202c303bd119b54c.pdf,1,2,2465,331,https://fragdenstaat.de/dokumente/168867-gutachter-im-fall-schmokel/,https://media.frag-den-staat.de/files/docs/82/06/88/820688413610462ca32d87afb510d088/3e37f4d3671fcfeaa9eff1c2202c303bd119b54c.pdf,,,82068841-3610-462c-a32d-87afb510d088,C:\Users\Admin\Desktop\OpenLens\Texte\168867_3e37f4d3671fcfeaa9eff1c2202c303bd119b54c.txt,C:\Users\Admin\Desktop\OpenLens\Bereinigte_Texte\168867_168867_3e37f4d3671fcfeaa9eff1c2202c303bd119b54c.txt,"Landtag Brandenburg
Drucksache 3/2338
3. Wahlperiode
Antwort
der Landesregierung
auf die Kleine Anfrage Nr. 879
des/der Abgeordneten Birgit Fechner
Fraktion der DVU
Landtagsdrucksache 3/2196
Gutachter im Fall Schmökel
Gutachter im Fall Schmökel
Wortlaut der Kleinen Anfrage Nr. 879 vom 28.12.2000:
Wie der Minister für Arbeit, Soziales, Gesundheit und Frauen auf
meine Mündliche Anfrage Nr. 509 hin bestätigte, laufen gegen die
Mitglieder des Gutachtergremiums, welches dem schwerkriminellen
Sexualverbrecher Frank Schmökel Hafterleichterungen und begleiteten Ausgang gewährte, aus welchem er entfloh und während seiner Flucht einen Menschen tötete und mehrere andere schwer verletzte, staatsanwaltschaftliche Ermittlungen. 
Trotzdem sind diese Gutachter weiterhin für das Ministerium für
Arbeit, Soziales, Gesundheit und Frauen im Bereich des Maßregelvollzugs des Landes Brandenburg tätig. 
Ich frage die Landesregierung:
1.
Warum wurden die Mitglieder des Gutachtergremiums, welches
den begleitenden Ausgang von Frank Schmökel ermöglichte,
seitens des Ministeriums für Arbeit, Soziales, Gesundheit
und Frauen nicht vom Dienst suspendiert?
2.
Trifft es zu, dass die genannten Gutachter im Fall Schmökel
weiterhin psychiatrische Gutachten für den Maßregelvollzug
des Landes Brandenburg erstellen dürfen, obwohl gegen sie
Ermittlungen wegen fahrlässiger Tötung laufen?
3.
Laufen gegen die Mitglieder des Gutachtergremiums im Fall
Schmökel neben den staatsanwaltschaftlichen Ermittlungen
nach Erkenntnissen der Landesregierung auch haftungsrechtliche Verfahren, und, wenn ja, welche?
Datum des Eingangs: 26.01.2001 / Ausgegeben: 31.01.2001

Namens der Landesregierung beantwortet der Minister für Arbeit,
der Minister für Arbeit,
Soziales, Gesundheit und Frauen die Kleine Anfrage wie folgt:
Soziales, Gesundheit und Frauen die Kleine Anfrage wie folgt:
zu Frage 1:
Bei den mit der Entscheidung über die begleitete Ausführung und
deren Durchführung befassten Mitarbeiterinnen und Mitarbeiter
der Landesklinik Neuruppin handelt es sich nicht um Beamte. Eine
""Suspendierung vom Dienst"" kommt deshalb nicht in Frage. Arbeitsrechtliche Schritte werden geprüft. Die hierzu notwendigen
Ermittlungen sind noch nicht abgeschlossen.
zu Frage 2:
Nach den Vorkommnissen im Oktober des vergangenen Jahres wurde
mit sofortiger Wirkung angeordnet, externe Gutachter bei Entscheidungen über Lockerungen ab der sogenannten Stufe 4 hinzuzuziehen.
zu Frage 3:
Siehe Antwort zu Frage 1."
160,16889400000,168894,0,Umweltgefährdende Abwasser,168894_0ffa24b6d763e211136b233192deb5800c3ac408.pdf,1,2,1609,216,https://fragdenstaat.de/dokumente/168894-umweltgefahrdende-abwasser/,https://media.frag-den-staat.de/files/docs/9b/7a/8f/9b7a8f5814114c74a59061dc42cbf92b/0ffa24b6d763e211136b233192deb5800c3ac408.pdf,,,9b7a8f58-1411-4c74-a590-61dc42cbf92b,C:\Users\Admin\Desktop\OpenLens\Texte\168894_0ffa24b6d763e211136b233192deb5800c3ac408.txt,C:\Users\Admin\Desktop\OpenLens\Bereinigte_Texte\168894_168894_0ffa24b6d763e211136b233192deb5800c3ac408.txt,"Landtag Brandenburg
Drucksache 3/1033
3. Wahlperiode
Antwort
der Landesregierung
auf die Kleine Anfrage Nr. 348
des Abgeordneten Michael Claus
Fraktion der DVU
Drucksache 3/832
Umweltgefährdende Abwässer
Umweltgefährdende Abwässer
Wortlauf der Kleinen Anfrage:
Ich frage die Landesregierung:
1.
Welche Auffassungen vertritt die Landesregierung bezüglich
des Programms ""Umweltziele, Gewässerschutz - Abwasser der
chemischen Industrie"" in der Fassung vom 09. Juli 1999, und
in welcher Weise will die Landesregierung bei diesem Programm mitarbeiten bzw. Maßnahmen im Sinne dieses Programms
ergreifen?
2.
Welche Auffassungen vertritt die Landesregierung zur Aussage des Verbandes der chemischen Industrie, daß das unter
1. genannte Programm aus der Sicht dieses Verbandes die
Grundlage für weitere Abstimmungen innerhalb des VCI und
der Länderarbeitsgemeinschaft Wasser bilden soll? 
Wie hat sich die Landesregierung in dieser Angelegenheit
bislang positioniert?
3.
Welche direkteinleitenden Unternehmen im Land Brandenburg
werden nach Erkenntnissen der Landesregierung im Rahmen des
VCI-Programms ihre Schadstoffeinleitungen verringern? 
Datum des Eingangs: 28.04.2000 / Ausgegeben: 03.05.2000

Namens der Landesregierung beantwortet der Minister für Landwirtschaft, Umweltschutz und Raumordnung die Kleine Anfrage wie
g die Kleine Anfrage wie
folgt:
folgt:
Zu Frage 1 und 2:
Bei dem VCI-Programm handelt es sich um einen Vorschlag gegenüber dem Bundesministerium für Umwelt, Naturschutz und Reaktorsicherheit. Für die Landesregierung stellt sich gegenwärtig die
Frage einer Beteiligung nicht.
Zu Frage 3:
Keine."
161,16894100000,168941,0,Transparenzrichtlinie der Europäischen Union,168941_a5afd00b34b4a932ab13a9b9c23032a07d5d1c99.pdf,1,2,2293,313,https://fragdenstaat.de/dokumente/168941-transparenzrichtlinie-der-europaischen-union/,https://media.frag-den-staat.de/files/docs/f1/3a/06/f13a06e6462943b59aa84007b1ed73c6/a5afd00b34b4a932ab13a9b9c23032a07d5d1c99.pdf,,,f13a06e6-4629-43b5-9aa8-4007b1ed73c6,C:\Users\Admin\Desktop\OpenLens\Texte\168941_a5afd00b34b4a932ab13a9b9c23032a07d5d1c99.txt,C:\Users\Admin\Desktop\OpenLens\Bereinigte_Texte\168941_168941_a5afd00b34b4a932ab13a9b9c23032a07d5d1c99.txt,"Landtag Brandenburg
Drucksache 3/1852
3. Wahlperiode
Antwort
der Landesregierung
auf die Kleine Anfrage Nr. 666
des Abgeordneten Ralf Christoffers
Fraktion der PDS
Drucksache 3/1654
Transparenzrichtlinie der Europäischen Union
Transparenzrichtlinie der Europäischen Union
Wortlaut der Kleinen Anfrage Nr. 666 vom 29.8.2000:
Die Europäische Kommission hat im Juli diesen Jahres eine Änderung der Transparenzrichtlinie beschlossen. Durch diese Änderung
müssen einige öffentliche Unternehmen bzw. Unternehmen, die
Dienstleistungen von allgemeinem wirtschaftlichem Interesse
erbringen, eine getrennte Buchführung nach Geschäftsbereichen
offenlegen.
In diesem Zusammenhang frage ich die Landesregierung:
1.
Wie bewertet die Landesregierung die sich aus der Veränderung der Transparenzrichtlinie ergebenen neun Anforderungsprofile an kommunale Unternehmen?
2.
Welche Auswirkungen auf die Tätigkeit von Unternehmen, die
unter die Transparenzrichtlinie fallen, sind aus Sicht der
Landesregierung zu erwarten?
Namens der Landesregierung beantwortet der Minister für Wirtschaft die Kleine Anfrage wie folgt:
schaft die Kleine Anfrage wie folgt:
Zu Frage 1 und 2:
(Vorbemerkung: Es wird davon ausgegangen, dass bei Frage 1 nicht
""neun"", sondern ""neue"" Anforderungsprofile gemeint sind.)
Der Landesregierung liegen noch keine Erkenntnisse vor, ob sich
aus der Richtlinie 2000/52/EG der Kommission vom 26. Juli 2000
zur Änderung der Richtlinie 80/723/EWG über die Transparenz der
finanziellen Beziehungen zwischen den Mitgliedstaaten und den
öffentlichen Unternehmen (Abl. L 193/75 vom 29.7.2000) für die
kommunalen Unternehmen Veränderungen ergeben.
Datum des Eingangs: 12.10.2000 / Ausgegeben: 17.10.2000

Die Landesregierung geht jedoch davon aus, dass für die Mehrheit
der kommunalen Unternehmen sich keine erheblichen Auswirkungen
ergeben, da im Land Brandenburg viele Unternehmen den Nettoumsatz von mindestens 40 Mio. Euro p. a. nicht erreichen werden
bzw. von der Anwendung der Vorschriften befreit sind, weil sie
Dienstleistungen erbringen, die den Handel zwischen Mitgliedstaaten nicht merklich zu beeinträchtigen geeignet sind. Im
übrigen auch deswegen nicht, weil die Geschäftsbereiche, für die
besondere Regelungen gelten - wie z. B. Energie und ÖPNV - von
der Richtlinie nicht betroffen sind."
162,16901900000,169019,0,Vorbereitung zu gewalttätigen Krawallen in Göteborg seitens Brandenburger Antifa-Gruppen in Königs Wusterhausen,169019_871bfc10db0dc88ca54624b5f2b95abcc197bfdd.pdf,1,1,1347,186,https://fragdenstaat.de/dokumente/169019-vorbereitung-zu-gewalttatigen-krawallen-in-goteborg-seitens-brandenburger-antifa-gruppen-in-konigs-wusterhausen/,https://media.frag-den-staat.de/files/docs/91/96/04/919604dbdce2458893811caeea28ce8d/871bfc10db0dc88ca54624b5f2b95abcc197bfdd.pdf,,,919604db-dce2-4588-9381-1caeea28ce8d,C:\Users\Admin\Desktop\OpenLens\Texte\169019_871bfc10db0dc88ca54624b5f2b95abcc197bfdd.txt,C:\Users\Admin\Desktop\OpenLens\Bereinigte_Texte\169019_169019_871bfc10db0dc88ca54624b5f2b95abcc197bfdd.txt,"Landtag Brandenburg
Drucksache 3/3445
3. Wahlperiode
Antwort
der Landesregierung
auf die Kleine Anfrage Nr. 1278
der Abgeordneten Birgit Fechner
Fraktion der DVU
Drucksache 3/3246
Vorbereitung
bereitung zu gewalttätigen Krawallen in Göteborg seitens
Brandenburger Antifa-Gruppen in Königs Wusterhausen
Brandenburger Antifa-Gruppen in Königs Wusterhausen
Wortlaut der Kleinen Anfrage Nr. 1278 vom 10.09.2001:
Innenminister Schönbohm beantwortete meine Mündliche Anfrage 810
dahingehend, dass ihm über die Verbindung der PDS in Königs
Wusterhausen zu militanten Globalisierungsgegnern keine verwertbaren Erkenntnisse vorlägen. Er empfahl der PDS, den Vorfall zu
prüfen und die Landesregierung über das Ergebnis zu unterrichten.
Ich frage die Landesregierung:
1.
Liegen der Landesregierung zu dem in der Vorbemerkung genannten Sachverhalt inzwischen verwertbare Erkenntnisse
vor?
2.
Hat die PDS den in der Vorbemerkung genannten Sachverhalt
inzwischen geprüft und die Landesregierung darüber unterrichtet, und, wenn ja, welche Ergebnisse wurden der Landesregierung mitgeteilt?
Namens
ns der Landesregierung beantwortet der Minister des Innern
die Kleine Anfrage wie folgt:
die Kleine Anfrage wie folgt:
zu den Fragen 1 und 2:
Der Landesregierung liegen zur Zeit keine weiteren Erkenntnisse
vor.
Datum des Eingangs: 17.10.2001 / Ausgegeben: 22.10.2001"
163,16906700000,169067,0,Auswirkungen der Gemeindegebietsreform im Meldewesen,169067_b0a4c993abcc64096ffb2b2186ec75da9d111c32.pdf,1,2,1974,261,https://fragdenstaat.de/dokumente/169067-auswirkungen-der-gemeindegebietsreform-im-meldewesen/,https://media.frag-den-staat.de/files/docs/1c/37/07/1c3707fd7ba542aa997396ca1324359f/b0a4c993abcc64096ffb2b2186ec75da9d111c32.pdf,,,1c3707fd-7ba5-42aa-9973-96ca1324359f,C:\Users\Admin\Desktop\OpenLens\Texte\169067_b0a4c993abcc64096ffb2b2186ec75da9d111c32.txt,C:\Users\Admin\Desktop\OpenLens\Bereinigte_Texte\169067_169067_b0a4c993abcc64096ffb2b2186ec75da9d111c32.txt,"Landtag Brandenburg
Drucksache 3/3132
3. Wahlperiode
Antwort
der Landesregierung
auf die Kleine Anfrage 1175
des Abgeordneten Stefan Sarrach
Fraktion der PDS
Drucksache 3/3029
Auswirkungen der Gemeindegebietsreform im Meldewesen
Auswirkungen der Gemeindegebietsreform im Meldewesen
Wortlaut der Kleinen Anfrage 1175 vom 04.07.2001:
In der Broschüre ""Argumente, Fakten und Erfahrungen"" (Stand:
Juli 2000) des Innenministeriums zur Gemeindegebietsreform wurde
ausgeschlossen, dass bei Ummeldung und Adressänderung infolge
der Änderung des Gemeindenamens nach Gemeindezusammenschlüssen
Kosten für Einwohnerinnen und Einwohner bzw. Bürgerinnen und
Bürger anfallen.
Ich frage daher die Landesregierung:
1.
Werden Ummeldungen in einem automatisierten Verfahren vorgenommen? Sind entsprechend Benachrichtigungen vorgesehen?
2.
Sind Einwohnerinnen und Einwohner bzw. Bürgerinnen und
Bürger selber zur Veranlassung notwendiger meldebehördlicher Maßnahmen verpflichtet?
3.
Wenn ja, sind hierbei Fristen zu beachten?
4.
Droht ihnen bei Säumnis insbesondere ein Bußgeld, vgl. § 34
Meldegesetz?
5.
Sind Änderungen zur Entlastung der Einwohnerinnen und Einwohner bzw. Bürgerinnen und Bürger im Meldewesen durch die
zuständigen Stellen schon veranlasst oder in Vorbereitung?
Wenn ja, welche sind das?
Datum des Eingangs: 06.08.2001 / Ausgegeben: 13.08.2001

Namens
ns der Landesregierung beantwortet der Minister des Innern
die Kleine Anfrage wie folgt:
die Kleine Anfrage wie folgt:
Zu Frage 1:
Es werden keine Ummeldungen vorgenommen, da die Einwohnerinnen
und Einwohner keine neue Wohnung beziehen. In dem Melderegister
der jeweils zuständigen Meldebehörde wird lediglich der alte
durch den neuen Gemeindenamen ersetzt. Dies geschieht automatisiert. Benachrichtigungen erfolgen nicht.
Zu den Fragen 2 bis 4:
Nein.
Zu Frage 5:
Die Einwohnerinnen und Einwohner werden im Meldewesen durch die
Änderung des Gemeindenamens nicht belastet. Entlastende Maßnahmen sind somit nicht erforderlich."
164,16907800000,169078,0,Verfassungsschutzbericht II,169078_6b8ef7454e0ba6f6fa159216cedcdb64c2aaf0db.pdf,1,2,1932,266,https://fragdenstaat.de/dokumente/169078-verfassungsschutzbericht-ii/,https://media.frag-den-staat.de/files/docs/b1/9d/73/b19d7389319049769d51cf4fc8a80c99/6b8ef7454e0ba6f6fa159216cedcdb64c2aaf0db.pdf,,,b19d7389-3190-4976-9d51-cf4fc8a80c99,C:\Users\Admin\Desktop\OpenLens\Texte\169078_6b8ef7454e0ba6f6fa159216cedcdb64c2aaf0db.txt,C:\Users\Admin\Desktop\OpenLens\Bereinigte_Texte\169078_169078_6b8ef7454e0ba6f6fa159216cedcdb64c2aaf0db.txt,"Landtag Brandenburg
Drucksache 3/2684
3. Wahlperiode
Antwort
der Landesregierung
auf die Kleine Anfrage Nr. 1018
des Abgeordneten Werner Firneburg
Fraktion der DVU
Drucksache 3/2570
Verfassungsschutzbericht II
Verfassungsschutzbericht II
Wortlaut der Kleinen Anfrage Nr. 1018 vom 23.03.2001:
Auf die Kleine Anfrage 1714 hat die Landesregierung unter der
Drucksache 3/1721 geantwortet. Ich hatte mich als Fragesteller
danach erkundigt, ob die Zerstörung von Wahlplakatschildern
strafrechtlich als Sachbeschädigung zu bewerten ist. Die Landesregierung hat geantwortet, dass sie sich zu diesem Sachverhalt
noch keine abschließende Meinung gebildet hätte.
Ich frage die Landesregierung:
1.
Stellt die Zerstörung oder Beschädigung eines Wahlplakatschildes (Hängeschild oder StelLschild) eine Sachbeschädigung dar im Sinne des § 303 StGB?
2.
Wenn ja, warum wurden tausende Sachbeschädigungen gegen die
DEUTSCHE VOLKSUNION im letzten Landtagswahlkampf nicht
strafrechtlich verfolgt?
3.
Werden Zerstörungen von Werbeschildern der SPD und CDU
strafrechtlich als Sachbeschädigung behandelt?
Datum des Eingangs: 25.04.2001 / Ausgegeben: 02.05.2001

Namens
ns der Landesregierung beantwortet der Minister des Innern
die Kleine Anfrage wie folgt:
die Kleine Anfrage wie folgt:
zu Frage 1:
Ja.
zu Frage 2:
Die behauptete Anzahl von tausenden von Sachbeschädigungen
""gegen die DEUTSCHE VOLKSUNION"" hat es nach Erkenntnissen der
Landesregierung nicht gegeben. Wie bereits in der Antwort zur
Kleinen Anfrage 651 vom 23.08. 2000 dargelegt, wurden der Polizei mit Bezug auf die letzte Landtagswahl 109 strafrechtlich
relevante Sachverhalte bekannt, darunter 65 Fälle zum Nachteil
der DVU bzw. ihrer Mitglieder oder Wahlhelfer.
Bei diesen 65 Fällen handelt es sich vorwiegend um Beschädigungen oder Diebstähle von Wahlplakaten (54 Fälle). Strafrechtliche
Ermittlungen wurden auf der Grundlage der gesetzlichen Bestimmungen durchgeführt.
zu Frage 3:
Ja."
165,16915300000,169153,0,Aufnahme von osteuropäischen Staaten in die EU,169153_4506be0371c26acb54fcb4a83a251bf13eec158e.pdf,1,1,1765,241,https://fragdenstaat.de/dokumente/169153-aufnahme-von-osteuropaischen-staaten-in-die-eu/,https://media.frag-den-staat.de/files/docs/18/73/80/18738045a401437e9a444b068968c4a9/4506be0371c26acb54fcb4a83a251bf13eec158e.pdf,,,18738045-a401-437e-9a44-4b068968c4a9,C:\Users\Admin\Desktop\OpenLens\Texte\169153_4506be0371c26acb54fcb4a83a251bf13eec158e.txt,C:\Users\Admin\Desktop\OpenLens\Bereinigte_Texte\169153_169153_4506be0371c26acb54fcb4a83a251bf13eec158e.txt,"Landtag Brandenburg
Drucksache 3/3001
3. Wahlperiode
Antwort
der Landesregierung
auf die Kleine Anfrage Nr. 1127
des Abgeordneten Werner Firneburg
Fraktion der DVU
Drucksache 3/2871
Aufnahme von osteuropäischen Staaten in die EU
Aufnahme von osteuropäischen Staaten in die EU
Wortlaut der Kleinen Anfrage Nr. 1127 vom 06.06.2001:
In der Bundesregierung wurde wiederholt die Frage diskutiert, ob
Volksabstimmungen auf Bundesebene erlaubt werden sollen. Dies
würde eine Änderung des Grundgesetzes erforderlich machen.
Ich frage die Landesregierung:
1.
Würde es die Landesregierung begrüßen, dass bei Aufnahme
osteuropäischer Staaten in die Europäische Union zuvor eine
Volksabstimmung durchgeführt würde?
2.
Wenn nein, aus welchen Gründen lehnt die Landesregierung
das Votum des mündigen Bürgers ab?
3.
Ist die Landesregierung der Auffassung, dass Volksabstimmungen nach Schweizer Vorbild der, von den ehemaligen Bundeskanzler Willi Brandt propagierten Forderung: “Mehr Demokratie wagen am besten gerecht werden würde?
Namens
ns der Landesregierung beantwortet der Minister des Innern
die Kleine Anfrage wie folgt:
die Kleine Anfrage wie folgt:
zu den Fragen 1 bis 3:
Die Landesregierung verfolgt die kontrovers geführte Grundsatzdiskussion über die Einführung von Plebisziten auf Bundesebene
mit Aufmerksamkeit. Unterschiedlich wird hierbei auch die Frage
beantwortet, ob und gegebenenfalls inwieweit das plebiszitäre
Instrument des Volksentscheids für außenpolitische Gegenstände
zugänglich sein soll.
Mit Blick auf die politische Willensbildung auf der Bundesebene
wäre es nach Ansicht der Landesregierung verfrüht, sich bereits
zum gegenwärtigen Zeitpunkt abschließend zu den aufgeworfenen
Fragen zu äußern.
Datum des Eingangs: 03.07.2001 / Ausgegeben: 09.07.2001"
166,16919500000,169195,0,Stromverbrauch aus Kernenergie in Brandenburg,169195_b6cfc7b99084a6379de2d9d2c233062e7d32f44c.pdf,1,2,2363,319,https://fragdenstaat.de/dokumente/169195-stromverbrauch-aus-kernenergie-in-brandenburg/,https://media.frag-den-staat.de/files/docs/0c/2e/2a/0c2e2a16cbbd4fa88447ace65a79b00c/b6cfc7b99084a6379de2d9d2c233062e7d32f44c.pdf,,,0c2e2a16-cbbd-4fa8-8447-ace65a79b00c,C:\Users\Admin\Desktop\OpenLens\Texte\169195_b6cfc7b99084a6379de2d9d2c233062e7d32f44c.txt,C:\Users\Admin\Desktop\OpenLens\Bereinigte_Texte\169195_169195_b6cfc7b99084a6379de2d9d2c233062e7d32f44c.txt,"Landtag Brandenburg
Drucksache 3/156
3. Wahlperiode
Antwort
der Landesregierung
auf die Kleine Anfrage Nr. 15
des Abgeordneten Michael Claus
Fraktion der DVU
Landtagsdrucksache 3/38
Wortlaut der Kleinen Anfrage Nr. 15
Stromverbrauch aus Kernenergie in Brandenburg
Stromverbrauch aus Kernenergie in Brandenburg
Ich frage die Landesregierung:
1.
Wie hoch ist der Anteil des Stromverbrauchs der öffentlichen und privaten Haushalte aus Kernenergie in Brandenburg?
2. 
Wie hoch ist der Stromanteil der öffentlichen und privaten
Haushalte aus anderen Energieträgern in Brandenburg (bitte
detaillierte Aufschlüsselung)?
3.
Beabsichtigt die Landesregierung, den Stromanteil aus den
öffentlichen und privaten Haushalten in Brandenburg langfristig auf Null zu senken?
4.
Wenn ja: Mit welchen Maßnahmen seitens der Landesregierung
soll dies geschehen, und wie hoch sind die geschätzten
Kosten für den Landeshaushalt und für die Bürger Brandenburgs?
5.
Beabsichtigt die Landesregierung im Falle einer Absenkung
des Stromanteils der öffentlichen und privaten Haushalte in
Brandenburg aus Kernenergie, diesen Stromanteil durch die
Einspeisung ausländischen elektrischen Stroms in das brandenburgische Stromnetz zu substituieren?
Namens der Landesregierung beantwortet der Minister für Wirtschaft die Kleine Anfrage wie folgt:
schaft die Kleine Anfrage wie folgt:
zu Frage 1:
Im Land Brandenburg wird weder von privaten noch von öffentlichen Haushalten Strom aus Kernenergie verbraucht. Strom aus
Kernenergie wird von Anbietern nicht in das ostdeutsche Verbundnetz eingespeist.
Datum des Eingangs: 16.11.1999 / Ausgegeben: 22.11.1999

zu Frage 2:
Im Land Brandenburg wurden 1997 (aktuell verfügbare Energiebilanz) rund 29 Mrd. kWh Strom produziert. Davon stammen:
81 % aus Braunkohlenkraftwerken,
17 % aus Industriekraftwerken (Braunkohle, Erdgas, Gichtgas),
1 % aus Windenergie und Photovoltaikanlagen,
1 % aus sonstigen Energieträgern.
Im gleichen Jahr wurden 12 Mrd. kWh Strom im Land Brandenburg
verbraucht. Davon entfielen 25 % auf private Haushalte und 35 %
auf Kleinverbraucher (Gewerbe, Handel, Dienstleistungen u.a.).
In der bundeseinheitlichen Energiebilanzsystematik wird nicht
direkt zwischen privaten und öffentlichen Haushalten unterschieden. Letztere gehören zur Gruppe der Kleinverbraucher.
zu Frage 3:
Nein.
zu Frage 4:
Siehe Frage 3.
zu Frage 5:
Siehe Frage 1."
167,16919800000,169198,0,"Ausstellung ""Neofaschismus in der Bundesrepublik Deutschland"" an Schulen",169198_03efaf2f66f2aa9069d3e26afb26b19b88260ab8.pdf,1,1,1301,176,https://fragdenstaat.de/dokumente/169198-ausstellung-neofaschismus-in-der-bundesrepublik-deutschland-an-schulen/,https://media.frag-den-staat.de/files/docs/99/0d/a9/990da9b8ca1548b98abd27d068631e30/03efaf2f66f2aa9069d3e26afb26b19b88260ab8.pdf,,,990da9b8-ca15-48b9-8abd-27d068631e30,C:\Users\Admin\Desktop\OpenLens\Texte\169198_03efaf2f66f2aa9069d3e26afb26b19b88260ab8.txt,C:\Users\Admin\Desktop\OpenLens\Bereinigte_Texte\169198_169198_03efaf2f66f2aa9069d3e26afb26b19b88260ab8.txt,"Landtag Brandenburg
Drucksache 3/2734
3. Wahlperiode
Antwort
der Landesregierung
auf die Kleine Anfrage 1015
der Abgeordneten Birgit Fechner
Fraktion der DVU
Drucksache 3/2567
Ausstellung ""Neofaschismus in der Bundesrepublik Deutschland"" an
Schulen
Schulen
Wortlaut der Kleinen Anfrage 1015 vom 23.03.2001:
An der Sekundarschule ""Erich Weinert"" in Wolfen (Sachsen-Anhalt)
wurde eine Wanderausstellung mit dem Titel ""Neofaschismus in der
Bundesrepublik Deutschland"" der sogenannten ""Vereinigung der
Verfolgten des Naziregimes - Bund der Antifaschistinnen und
Antifaschisten"" in Zusammenarbeit mit der IG Metall den dortigen
Schülern als Unterrichtsmaterial präsentiert.
Ich frage die Landesregierung:
1.
Soll nach Erkenntnissen der Landesregierung die in der Vorbemerkung genannte Ausstellung auch an Brandenburger Schulen gezeigt werden oder wurde diese bereits schon ausgestellt?
Namens der Landesregierung beantwortet der Minister für Bildung,
Jugend und Sport die Kleine Anfrage wie folgt:
Jugend und Sport die Kleine Anfrage wie folgt:
Wie in Sachsen-Anhalt entscheiden auch in Brandenburg die Schulen selbst, welche Ausstellungen sie zur Ergänzung des Unterrichts nutzen. Insofern liegen der Landesregierung darüber keine
Erkenntnisse vor. 
Datum des Eingangs: 03.05.2001 / Ausgegeben: 08.05.2001"
168,16923300000,169233,0,Schockwaffen für die Polizei,169233_58a4a57ac1cde415380b651533f1fbcc46095c39.pdf,1,2,1985,261,https://fragdenstaat.de/dokumente/169233-schockwaffen-fur-die-polizei/,https://media.frag-den-staat.de/files/docs/aa/21/6a/aa216a57eda349b4b7a74ec93d3ae22d/58a4a57ac1cde415380b651533f1fbcc46095c39.pdf,,,aa216a57-eda3-49b4-b7a7-4ec93d3ae22d,C:\Users\Admin\Desktop\OpenLens\Texte\169233_58a4a57ac1cde415380b651533f1fbcc46095c39.txt,C:\Users\Admin\Desktop\OpenLens\Bereinigte_Texte\169233_169233_58a4a57ac1cde415380b651533f1fbcc46095c39.txt,"Landtag Brandenburg
Drucksache 3/3177
3. Wahlperiode
Antwort
der Landesregierung
auf die Kleine Anfrage Nr. 1197
des Abgeordneten Michael Claus
Fraktion der DVU
Drucksache 3/3066
Schockwaffen für die Polizei
Wortlaut der Kleinen Anfrage Nr. 1197 vom 13.07.2001:
Deutsche Polizisten sollen nach Pressemeldungen für Spezialeinsätze nach amerikanischen
Vorbild möglicherweise auch mit Elektroschockwaffen ausgestattet werden.
Dies empfiehlt jedenfalls der Arbeitskreis ""Innere Sicherheit"" der Innenministerkonferenz.
Amnesty International dagegen warnt vor möglichem Missbrauch zu Folterzwecken.
Ich frage die Landesregierung:
1.
Soll nach dem Willen der Landesregierung auch die Landespolizei in Brandenburg
mit Elektroschockwaffen ausgestattet werden?
2.
Wenn ja, wie viele Elektroschockwaffen für die Landespolizei in Brandenburg sollen
nach dem Willen der Landesregierung angeschafft werden, und an welche Verteilung
innerhalb der Landespolizei Brandenburgs ist dabei gedacht?
3.
Wie will die Landesregierung die missbräuchliche Verwendung von Elektroschockwaffen seitens der Landespolizei ausschließen?
Namens der Landesregierung beantwortet der Minister des Innern die Kleine Anfrage
wie folgt:
zu den Fragen 1 bis 3:
Die Einführung von Elektroschockwaffen bzw. Elektroimpulsgeräten als Distanzwaffen ist für
die Polizei des Landes Brandenburg als Einsatzmittel grundsätzlich nicht vorgesehen. 
Datum des Eingangs: 17.08.2001 / Ausgegeben: 28.08.2001

Damit folgt die Landesregierung dem Beschluss des AK II ""Innere Sicherheit"" der Ständigen
Konferenz der Innenminister und -senatoren der Länder vom 3./4. April 2001, der auf Grund
der möglichen gesundheitlichen Risiken beim Einsatz von Elektroimpulsgeräten eine durchgängige Einführung bei den Polizeien des Bundes und der Länder nicht empfiehlt. Eine
Prüfung, ob das Elektroimpulsgerät Advanced Taser M 26 gegebenenfalls bei der Spezialeinheit der Polizei des Landes Brandenburg erprobt werden soll, ist noch nicht abgeschlossen."
169,16927100000,169271,0,Erfahrungsbericht der Arbeitsgruppe Asylbetrug in der Zentralen Ausländerbehörde für Asylbewerber des Landes Brandenburg vom 23. März 1994,169271_942d8dff45973353748518739b009449a88bb831.pdf,1,2,2250,312,https://fragdenstaat.de/dokumente/169271-erfahrungsbericht-der-arbeitsgruppe-asylbetrug-in-der-zentralen-auslanderbehorde-fur-asylbewerber-des-landes-brandenburg-vom-23-marz-1994/,https://media.frag-den-staat.de/files/docs/ec/54/9d/ec549d326c534e0bb8d99ca333dac3eb/942d8dff45973353748518739b009449a88bb831.pdf,,,ec549d32-6c53-4e0b-b8d9-9ca333dac3eb,C:\Users\Admin\Desktop\OpenLens\Texte\169271_942d8dff45973353748518739b009449a88bb831.txt,C:\Users\Admin\Desktop\OpenLens\Bereinigte_Texte\169271_169271_942d8dff45973353748518739b009449a88bb831.txt,"Landtag Brandenburg
Drucksache 3/3263
3. Wahlperiode
Antwort
der Landesregierung
auf die Kleine Anfrage Nr. 1231
des Abgeordneten Michael Claus
Fraktion der DVU
Drucksache 3/3131
Erfahrungsbericht der Arbeitsgruppe Asylbetrug in der Zentralen
lbetrug in der Zentralen
Ausländerbehörde
länderbehörde für Asylbewerber des Landes Brandenburg vom
23. März 1994
23. März 1994
Wortlaut der Kleinen Anfrage Nr. 1231 vom 01.08.2001:
Obiger Bericht sowie die nicht enden wollenden Medienberichte
über den Missbrauch des Asylrechts, die jeweils als Einzelfälle
geschildert werden, zeigen auf, dass dieses Thema nach wie vor
aktuell ist.
Ich frage die Landesregierung:
1.
Gab oder gibt es im Land Brandenburg, außer der in der
Vorbemerkung genannten, noch weitere Arbeitsgruppen, die
ebenfalls Asylbetrugsfälle, erfass(t)en und auswert(et)en?
Bitte detaillierte Aufschlüsselung.
2.
Falls es keine weitere/n Arbeitsgruppe/n mehr gab bzw.
gibt: Welche Gründe stehen bzw. standen der Bildung neuer
Arbeitsgruppen entgegen?
3.
Ist die Bildung einer neuen Arbeitsgruppe geplant?
4.
Wie viele Fälle von sogenanntem Kirchenasyl für rechtskräftig abzuschiebende Asylbewerber gab es jährlich ab 1990 in
Brandenburg? Bitte detaillierte Aufschlüsselung. Wie viele
Fälle waren darunter, in denen sich Asylsuchende unter
Vorspiegelung falscher Tatsachen Asyl in den Kirchen verschafften? Wie ist die Gewährung von Kirchenasyl rechtlich
zu bewerten?
Datum des Eingangs: 05.09.2001 / Ausgegeben: 11.09.2001

Namens
ns der Landesregierung beantwortet der Minister des Innern
die Kleine Anfrage wie folgt:
die Kleine Anfrage wie folgt:
zu Frage 1:
Nein.
zu den Fragen 2 und 3:
Die Landesregierung hat keine konkreten Pläne zu weiteren Eindämmungsmaßnahmen des Asylrechtsmissbrauchs, die über die bestehenden rechtlichen Instrumentarien hinaus gehen.
zu Frage 4:
Eine Statistik zu sog. Kirchenasylfällen in Brandenburg wird
nicht geführt. Dem Innenministerium sind seit Mitte des Jahres
1999 fünf sog. Kirchenasylfälle von rechtskräftig abzuschiebenden Asylbewerbern bekannt geworden. 
Inwieweit ""Kirchenasyl"" unter Vorspiegelung falscher Tatsachen
erlangt worden ist, ist der Landesregierung nicht bekannt. ""Kirchenasyl"" ist kein in der Rechtsordnung verankertes Rechtsinstitut."
170,16928400000,169284,0,Hundehalterverordnung II,169284_e82113ddafced36993e445745e3a48617419ea46.pdf,1,2,2083,302,https://fragdenstaat.de/dokumente/169284-hundehalterverordnung-ii/,https://media.frag-den-staat.de/files/docs/69/de/54/69de54f849094081b390bfe8b8257cdd/e82113ddafced36993e445745e3a48617419ea46.pdf,,,69de54f8-4909-4081-b390-bfe8b8257cdd,C:\Users\Admin\Desktop\OpenLens\Texte\169284_e82113ddafced36993e445745e3a48617419ea46.txt,C:\Users\Admin\Desktop\OpenLens\Bereinigte_Texte\169284_169284_e82113ddafced36993e445745e3a48617419ea46.txt,"Landtag Brandenburg
Drucksache 3/1780
3. Wahlperiode
Antwort
der Landesregierung
auf die Kleine Anfrage Nr. 657
des Abgeordneten Michael Claus
Fraktion der DVU
Drucksache 3/1637
Hundehalterverordnung II
Hundehalterverordnung II
Wortlaut der Kleinen Anfrage Nr. 657 vom 24.8.00:
Ich frage die Landesregierung:
1.
Wie viele der unwiderlegbar gefährlichen Hunde gibt es in
Brandenburg (bitte detaillierte Aufschlüsselung nach Rassen
oder Gruppen)?
2.
Wie viele von den unter 1. genannten Hunden haben vom
01.01. bis 31.07.2000 Menschen angefallen oder gebissen
(bitte detaillierte Aufschlüsselung)?
3.
Wie viele der widerlegbaren gefährlichen Hunde gibt es in
Brandenburg (bitte detaillierte Aufschlüsselung nach Rassen
oder Gruppen)?
4.
Wie viele von den unter 3. genannten Hunden haben vom
01.01. bis 31.07.2000 Menschen angefallen oder gebissen
(bitte detaillierte Aufschlüsselung)?
5.
Vorbemerkung: Ungefährliche Hunde sind z.B. Schäferhunde,
Riesenschnauzer, Dackel usw. Wie viele von den ungefährlichen Hunden haben Menschen angefallen oder gebissen in der
Zeit vom 01.01.l991 bis 31.07.2000?
Datum des Eingangs: 05.10.2000 / Ausgegeben: 10.10.2000

Namens
ns der Landesregierung beantwortet der Minister des Innern
die Kleine Anfrage wie folgt:
die Kleine Anfrage wie folgt:
zu Fragen 1 und 3:
Es können keine genauen Angaben über die Anzahl und die Rassen
der im Land Brandenburg gehaltenen unwiderlegbar bzw. widerlegbar gefährlichen Hunde gemacht werden, da keine vollständige
Erfassung nach Hunderassen und deren Kreuzungen existiert.
Einen Anhaltspunkt für die Anzahl der unwiderlegbar gefährlichen
Hunde könnten jedoch die von den örtlichen Ordnungsbehörden
erteilten Erlaubnisse und Negativzeugnisse geben. Danach wurden
für Hunderassen der 5 unwiderlegbar gefährlichen Hunde 103 Erlaubnisse und 1583 Negativzeugnisse erteilt bzw. beantragt. 
zu Fragen 2, 4 und 5:
Hierzu können keine genauen Angaben gemacht werden, da nicht
alle Hunderassen gem. § 8 Abs. 2 und 3 HundehV in der Beißstatistik ausgewiesen werden und einzelne Hunderassen zu Gruppen
zusammengezogen werden."
171,16930200000,169302,0,Regelanfrage beim Verfassungsschutz,169302_f843de65f131fea12e1d4de19e2820494461ab80.pdf,1,2,2246,298,https://fragdenstaat.de/dokumente/169302-regelanfrage-beim-verfassungsschutz/,https://media.frag-den-staat.de/files/docs/71/ec/ca/71ecca0bf8994e73b819fb9f4b0771b7/f843de65f131fea12e1d4de19e2820494461ab80.pdf,,,71ecca0b-f899-4e73-b819-fb9f4b0771b7,C:\Users\Admin\Desktop\OpenLens\Texte\169302_f843de65f131fea12e1d4de19e2820494461ab80.txt,C:\Users\Admin\Desktop\OpenLens\Bereinigte_Texte\169302_169302_f843de65f131fea12e1d4de19e2820494461ab80.txt,"Landtag Brandenburg
Drucksache 3/3497
3. Wahlperiode
Antwort
der Landesregierung
auf die Kleine Anfrage Nr. 1303
der Abgeordneten Birgit Fechner
Fraktion der DVU
Drucksache 3/3324
Regelanfrage beim Verfassungsschutz
Regelanfrage beim Verfassungsschutz
Wortlaut der Kleinen Anfrage Nr. 1303 vom 24.09.2001:
Im Zusammenhang mit den Terroranschlägen in den USA ist gegenwärtig ein vieldiskutiertes Thema, wie die innere Sicherheit
zugunsten der Bürgerinnen und Bürger Brandenburgs verbessert
werden kann. Daher wird regelmäßig auch die Forderung nach einer
Regelanfrage für Asylbewerber sowie für sonstige ausländische
Zuwanderer laut.
Ich frage die Landesregierung:
1.
Findet nach Erkenntnissen der Landesregierung bei Antragstellern auf Gewährung von Asyl bzw. einer Aufenthaltsgenehmigung nach Ausländerrecht bzw. auf Einbürgerung eine
Regelanfrage beim Verfassungsschutz statt, und, wenn ja, in
wie vielen Fällen und weshalb erfolgte diese Regelanfrage
im Jahr 2000?
2.
Sollte nach Meinung der Landesregierung im Hinblick auf die
Terroranschläge in den Vereinigten Staaten eine Regelanfrage beim Verfassungsschutz über ausländische Asylbewerber
bzw. über Antragsteller auf Einbürgerung bzw. auf Aufenthaltsgenehmigung gestellt werden (bitte jeweils mit Begründung der Vor- und Nachteile einer solchen Regelanfrage)?
Namens
ns der Landesregierung beantwortet der Minister des Innern
die Kleine Anfrage wie folgt:
die Kleine Anfrage wie folgt:
zu Frage 1:
Eine Regelanfrage beim Verfassungsschutz findet im Rahmen des
Asylverfahrens und des ausländerrechtlichen Antragsverfahrens
auf Aufenthaltsgenehmigung nicht statt. Seit dem 25.09.2001 wird
im Land Brandenburg zur Person eines jeden Einbürgerungsbewerbers eine Anfrage an den Verfassungsschutz gerichtet, ob zu der
Person Erkenntnisse gemäß 3 BbgVerfSchG vorliegen. Statistisches
Material kann für das Jahr 2000 folglich nicht geliefert werden.
Datum des Eingangs: 07.11.2001 / Ausgegeben: 12.11.2001

zu Frage 2:
Die Zweckmäßigkeit und Notwendigkeit dieser und anderer Maßnahmen werden derzeit zwischen den Innenministerien des Bundes und
der Länder eingehend erörtert. Die Landesregierung möchte dem
Ergebnis dieser sachlich und politisch gebotenen bundesweiten
Abstimmung nicht vorgreifen."
172,16934700000,169347,0,Einnahmen nicht an das Land abgeführt,169347_735d3e3775327abc47c10bf99d57dafb2d3f4458.pdf,1,2,2041,314,https://fragdenstaat.de/dokumente/169347-einnahmen-nicht-an-das-land-abgefuhrt/,https://media.frag-den-staat.de/files/docs/e0/c5/30/e0c530a0e93e4fd38c25a2ffe1168b48/735d3e3775327abc47c10bf99d57dafb2d3f4458.pdf,,,e0c530a0-e93e-4fd3-8c25-a2ffe1168b48,C:\Users\Admin\Desktop\OpenLens\Texte\169347_735d3e3775327abc47c10bf99d57dafb2d3f4458.txt,C:\Users\Admin\Desktop\OpenLens\Bereinigte_Texte\169347_169347_735d3e3775327abc47c10bf99d57dafb2d3f4458.txt,"Landtag Brandenburg
Drucksache 3/2426
3. Wahlperiode
Antwort
der Landesregierung
auf die Kleine Anfrage Nr. 934
des Abgeordneten Mike Bischoff
Fraktion der SPD
Drucksache 3/2334
Einnahmen nicht an das Land abgeführt
Einnahmen nicht an das Land abgeführt
Wortlaut der Kleinen Anfrage Nr. 934 vom 24.01.2001:
Der Landesrechnungshof (LRH) hat mit der Vorlage des Berichtes
vom 20.05.1999 beanstan-det, dass die unmittelbaren Einnahmen
(z.B. Pachten) durch die vom Land Brandenburg und Bund geförderten Flächenkäufe im Nationalpark Unteres Odertal aus dem Gewässerrandstrei-fenprogramm (GRP) durch den Trägerverein nicht
abgeführt worden sind.
Ich frage die Landesregierung:
1.
Haben das Land und der Bund als Fördermittelgeber des GRP
nach Vorlage des o.g. Berichtes des LRH eine Mittelrückforderung an den Trägerverein gestellt?
2.
Wenn ja, wann und in welcher Form sowie mit welchem Inhalt
(Textauszug aus dem Anchreiben an den Trägerverein) ist
eine Rückforderung erfolgt?
3.
In welcher Höhe und in welcher Frist wurde die Rückforderung gestellt?
4.
Wenn nein, welche Reaktion ist auf den o.g. Bericht des LRH
sonst erfolgt und wodurch ist die öffentlich diskutierte
Rückforderung von 300 TDM zu erklären?
Namens der Landesregierung beantwortet der Minister für Landwirtschaft, Umweltschutz und Raumordnung die Kleine Anfrage wie
g die Kleine Anfrage wie
folgt:
folgt:
zu Frage 1:
Ja.
Datum des Eingangs: 19.02.2001 / Ausgegeben: 26.02.2001

zu Frage 2 und Frage 3:
Es wurde eine Mittelrückforderung in Höhe von 319.943,- DM in
Form eines Erstattungsbe-scheides geltend gemacht. Im Bescheid
vom 20.12.2000 wurde festgelegt, dass der Betrag innerhalb von
vier Wochen nach Zustellung des Bescheides auf die angegebene
Bankverbindung zu überweisen ist. Mit Schreiben vom 22.01.2001
teilt das Verwaltungsgericht Potsdam mit, dass der Verein der
Freunde des Deutsch-Polnischen Europa-Nationalparks e.V. Klage
gegen diesen Bescheid eingereicht hat.Die Vollziehung des Bescheides ist bis zur gerichtlichen Klärung auszusetzen.
zu Frage 4:
Entfällt."
173,16935400000,169354,0,Nebentätigkeiten,169354_ea4c2f3b07fa11e71a54e245720a486ab6b4a7a4.pdf,1,1,1343,185,https://fragdenstaat.de/dokumente/169354-nebentatigkeiten/,https://media.frag-den-staat.de/files/docs/c8/d6/44/c8d644dee32a4eaca2fc8d5d24dcf88f/ea4c2f3b07fa11e71a54e245720a486ab6b4a7a4.pdf,,,c8d644de-e32a-4eac-a2fc-8d5d24dcf88f,C:\Users\Admin\Desktop\OpenLens\Texte\169354_ea4c2f3b07fa11e71a54e245720a486ab6b4a7a4.txt,C:\Users\Admin\Desktop\OpenLens\Bereinigte_Texte\169354_169354_ea4c2f3b07fa11e71a54e245720a486ab6b4a7a4.txt,"Landtag Brandenburg
Drucksache 3/1226
3. Wahlperiode
Antwort
der Landesregierung
auf die Kleine Anfrage Nr. 453
des Abgeordneten Werner Firneburg
Fraktion der DVU
Drucksache 3/1031
Nebentätigkeiten
Nebentätigkeiten
Wortlaut der Kleinen Anfrage Nr. 453 vom 20.04.2000:
Ich frage die Landesregierung: 
1.
Wie viele Beamte und Angestellte des öffentlichen Dienstes
üben Nebentätigkeiten aus?
2.
In welchen Besoldungs- Vergütungs- oder Lohngruppen sind
ihre Stellen angesiedelt?
3.
Nach welchen Maßgaben erteilen die Dienstvorgesetzten Angehörigen des öffentlichen Dienstes Genehmigungen zur Ausübung von Nebentätigkeiten?
4.
Wie viele Personen wurden seit 1997 durch die Verwaltung,
nach ihrem Ausscheiden aus dem öffentlichen Dienst, in
welcher vertraglichen Form weiterbeschäftigt?
Namens
ns der Landesregierung beantwortet der Minister des Innern
die Kleine Anfrage wie folgt:
die Kleine Anfrage wie folgt:
Zu den Fragen 1, 2 und 4:
Übersichten für die gesamte Landesverwaltung liegen nicht vor.
Zu Frage 3:
Zu den rechtlichen Voraussetzungen der Genehmigung von Nebentätigkeiten durch Landesbedienstete und zu der Durchführung des
Genehmigungsverfahrens hat die Landesregierung jüngst im Rahmen
der Beantwortung der Kleinen Anfrage Nr. 426 (Landtags-Drucksache 3/980) Stellung genommen.
Datum des Eingangs: 24.05.2000 / Ausgegeben: 30.05.2000"
174,16941500000,169415,0,Asylverfahren im Land Brandenburg,169415_4568536ed2ed33bcbb50dcf0c827255deec6131a.pdf,1,2,1801,259,https://fragdenstaat.de/dokumente/169415-asylverfahren-im-land-brandenburg/,https://media.frag-den-staat.de/files/docs/0b/d3/90/0bd3907d0b034a70af7071eebdf19a4a/4568536ed2ed33bcbb50dcf0c827255deec6131a.pdf,,,0bd3907d-0b03-4a70-af70-71eebdf19a4a,C:\Users\Admin\Desktop\OpenLens\Texte\169415_4568536ed2ed33bcbb50dcf0c827255deec6131a.txt,C:\Users\Admin\Desktop\OpenLens\Bereinigte_Texte\169415_169415_4568536ed2ed33bcbb50dcf0c827255deec6131a.txt,"Landtag Brandenburg
Drucksache 3/448
3. Wahlperiode
Antwort
der Landesregierung
auf die Kleine Anfrage Nr. 106
des Abgeordneten Sigmar-Peter Schuldt
Fraktion der DVU
Drucksache 3/206
Asylverfahren im Land Brandenburg
Asylverfahren im Land Brandenburg
Wortlaut der Kleinen Anfrage Nr. 106 vom 26. November 1999:
Ich frage die Landesregierung:
1.
Wie viele Asylverfahren werden zur Zeit bei den Verwaltungsbehörden des Landes bearbeitet?
2.
Wie viele Asylverfahren sind zur Zeit bei den Verwaltungsgerichten des Landes anhängig?
3.
Wie hoch sind die durchschnittlichen Kosten, die für jedes
Asylverfahren
a)
bei der Verwaltung
b)
bei den Verwaltungsgerichten
entstehen?
4.
Müssen Asylbewerber die Kosten erstatten und wenn ja, in
wie vielen Fällen war die Beitreibung der Kosten erfolgreich?
Datum des Eingangs: 11.01.2000 / Ausgegeben: 17.01.2000

Namens
ns der Landesregierung beantwortet der Minister des Innern
die Kleine Anfrage wie folgt:
die Kleine Anfrage wie folgt:
zu Frage 1:
Hierzu können keine Angaben gemacht werden. Über Asylanträge
entscheidet dasBundesamt für die Anerkennung ausländischer
Flüchtlinge. Es handelt sich hierbei um eine im Geschäftsbereich
des Bundesministerium des Innern angesiedelte Behörde.
zu Frage 2:
Angaben bezogen auf den aktuellen Zeitpunkt können derzeit nicht
gemacht werden. Zum 30. Juni 1999 waren 5.144 asylrechtliche
Verfahren bei den Verwaltungsgerichten anhängig; im selben Zeitraum waren es beim Oberverwaltungsgericht 66 Verfahren. 
zu Frage 3a:
Siehe Antwort zu Frage 1.
zu Frage 3b:
Hierzu können keine Angaben gemacht werden; es werden keine
entsprechenden statistischen Daten erhoben. 
zu Frage 4:
Nein. Das Verwaltungsverfahren ist kostenfrei. Kosten für das
Verfahren vor den Verwaltungsgerichten werden gemäß § 83 b Abs.1
AsylVfG nicht erhoben."
175,16948300000,169483,0,Brandenburgisches Schulgesetz,169483_e399bb6315044ff8d40360f0cca608c0ad63a94b.pdf,1,2,1698,248,https://fragdenstaat.de/dokumente/169483-brandenburgisches-schulgesetz/,https://media.frag-den-staat.de/files/docs/2d/ec/eb/2deceb4474674861aa3d05c46904613d/e399bb6315044ff8d40360f0cca608c0ad63a94b.pdf,,,2deceb44-7467-4861-aa3d-05c46904613d,C:\Users\Admin\Desktop\OpenLens\Texte\169483_e399bb6315044ff8d40360f0cca608c0ad63a94b.txt,C:\Users\Admin\Desktop\OpenLens\Bereinigte_Texte\169483_169483_e399bb6315044ff8d40360f0cca608c0ad63a94b.txt,"Landtag Brandenburg
Drucksache 3/1683
3. Wahlperiode
Antwort
der Landesregierung
auf die Kleine Anfrage 616
der Abgeordneten Birgit Fechner
Fraktion der DVU
Drucksache 3/1564
Brandenburgisches Schulgesetz
Brandenburgisches Schulgesetz
Wortlaut der Kleinen Anfrage 616 vom 09.08.2000:
Laut BbgSchulG § 141 besteht die Möglichkeit, Schüler vom Fach
LER zu befreien, wenn ein wichtiger Grund dies rechtfertigt.
Ich frage die Landesregierung:
1.
Wie viele Anträge auf Befreiung wurden seit Einführung des
Faches gestellt (bitte detailliert in Anträge Eltern und
Anträge Schüler, die das 14. Lebensjahr vollendet haben)?
2.
Was versteht die Landesregierung unter einem ""wichtigen
Grund"" zur Befreiung vom Fach LER?
Namens der Landesregierung beantwortet der Minister für Bildung,
Jugend und Sport die Kleine Anfrage wie folgt:
Jugend und Sport die Kleine Anfrage wie folgt:
Zu Frage 1:
In den Schuljahren 1996/1997 bis 1999/2000 wurden 134.595 Schülerinnen und Schüler in den Jahrgangsstufen 7 bis 10 in LER
unterrichtet, von diesen wurden 2.759 Anträge zur Befreiung vom
Unterricht gestellt. Die Antragsteller werden nicht differenziert erfasst, jedoch kann von ca. 1.600 Elternanträgen (Jahrgangsstufe 7/8) und ca. 1.160 Schüleranträgen (Jahrgangsstufe
9/10) ausgegangen werden.
Datum des Eingangs: 07.09.2000 / Ausgegeben: 12.09.2000

Zu Frage 2:
Als wichtiger Grund für die Befreiung gilt der Wunsch der Eltern, dass ihr Kind wertorientierten Unterricht zu den Gegenstandsbereichen des Faches Lebensgestaltung - Ethik - Religionskunde nur in Form eines bekenntnisgebundenen Unterrichts erhalten soll. Bei Vollendung des 14. Lebensjahres tritt der eigene
Wunsch an die Stelle des Wunsches der Eltern."
176,16951700000,169517,0,Maßregelvollzug,169517_c98b5c749c65f729e4f4cdf0718241bc6b429b20.pdf,1,2,2214,302,https://fragdenstaat.de/dokumente/169517-maregelvollzug/,https://media.frag-den-staat.de/files/docs/44/f5/5f/44f55f4130624d45ae095c92ec303d24/c98b5c749c65f729e4f4cdf0718241bc6b429b20.pdf,,,44f55f41-3062-4d45-ae09-5c92ec303d24,C:\Users\Admin\Desktop\OpenLens\Texte\169517_c98b5c749c65f729e4f4cdf0718241bc6b429b20.txt,C:\Users\Admin\Desktop\OpenLens\Bereinigte_Texte\169517_169517_c98b5c749c65f729e4f4cdf0718241bc6b429b20.txt,"Landtag Brandenburg
Drucksache 3/3158
3. Wahlperiode
Antwort
der Landesregierung
auf die Kleine Anfrage 1171
des Abgeordneten Werner Firneburg
Fraktion der DVU
Drucksache 3/3025
Maßregelvollzug
Maßregelvollzug
Ich frage die Landesregierung:
1.
Gibt es zur Zeit eine Überbelegung im Maßregelvollzug im
Land Brandenburg? Wie lauten die aktuellen ""Sollzahlen"" und
""Istzahlen""?
2.
Verfügt die Landesregierung über ein Personalbemessungskonzept für den Maßregelvollzug? Wenn ja, welchen Inhalt hat
dieses Konzept?
3.
Welche neuen Einrichtungen sind zur Zeit im Bau bzw. in der
Planung?
4.
Wann ist mit der Fertigstellung welcher Kapazitätsgrößen zu
rechnen?
Namens der Landesregierung beantwortet der Minister für Arbeit,
der Minister für Arbeit,
Soziales, Gesundheit und Frauen die Kleine Anfrage wie folgt:
Soziales, Gesundheit und Frauen die Kleine Anfrage wie folgt:
Zu Frage 1:
Im Land Brandenburg werden derzeit insgesamt 165 Plätze in den
Einrichtungen des Maßregelvollzugs vorgehalten. Hinzu kommt eine
speziell hergerichtete Abteilung für bis zu 17 vorläufig nach
den Vorschriften der Strafprozessordnung untergebrachte Patienten.
Alle Plätze sind belegt.
Datum des Eingangs: 13.08.2001 / Ausgegeben: 20.08.2001

Zu Frage 2:
Ja. Die Grundausstattung für die Personalbemessung in der stationären Psychiatrie hat der Bundesgesetzgeber mit der Verordnung über Maßstäbe und Grundsätze für den Personalbedarf in der
stationären 
Psychiatrie 
(Psychiatrie-Personalverordnung 
-
PsychPV) geregelt (BGBl I S. 2930 vom 18.12.1990). Zu dieser
Personalbemessungsgrundlage gibt es eine Empfehlung der Bundesarbeitsgemeinschaft der Träger psychiatrischer Krankenhäuser
(BAG), die sich auf die speziellen Bedürfnisse der forensischen
Psychiatrie (Maßregelvollzug) bezieht. Diese Empfehlung, die so
genannte PsychPV-Forensik findet im Land Brandenburg Anwendung.
Zu Frage 3:
Zurzeit sind zwei neue Maßregelvollzugskliniken im Bau, und zwar
in Brandenburg und in Eberswalde. 
Zu Frage 4:
Die Fertigstellung des Neubaus mit 106 Plätzen am Standort Brandenburg wird zum Ende des Jahres 2001 erfolgen. Die Fertigstellung des Standortes Eberswalde mit 124 Plätzen wird nach derzeitigem Planungsstand Ende des Jahres 2003 erfolgen."
177,16954700000,169547,0,Wirtschaftliche Tätigkeit kommunaler Unternehmen,169547_c52d3488124e4ea94841a85867d764b6e3ab344a.pdf,1,1,2161,268,https://fragdenstaat.de/dokumente/169547-wirtschaftliche-tatigkeit-kommunaler-unternehmen/,https://media.frag-den-staat.de/files/docs/dd/4b/14/dd4b14f1efe748409293bbe415004cdd/c52d3488124e4ea94841a85867d764b6e3ab344a.pdf,,,dd4b14f1-efe7-4840-9293-bbe415004cdd,C:\Users\Admin\Desktop\OpenLens\Texte\169547_c52d3488124e4ea94841a85867d764b6e3ab344a.txt,C:\Users\Admin\Desktop\OpenLens\Bereinigte_Texte\169547_169547_c52d3488124e4ea94841a85867d764b6e3ab344a.txt,"Landtag Brandenburg
Drucksache 3/3791
3. Wahlperiode
Antwort
der Landesregierung
auf die Kleine Anfrage 1388
des Abgeordneten Reinhold Dellmann
Fraktion der SPD
Drucksache 3/3608
Wortlaut der Kleinen Anfrage 1388 vom 04.12.2001:
Wirtschaftliche Tätigkeit kommunaler Unternehmen
Das Innenministerium überarbeitet derzeit die Gemeindeordnung des Landes Brandenburg.
Dabei werden Überlegungen angestellt, die Handlungsfreiräume für wirtschaftliche Aktivitäten
der öffentlichen Hand zu erweitern. Eine Änderung der Gemeindeordnung würde es der
öffentlichen Hand ermöglichen, in Betätigungsfelder vorzudringen, die bisher der Privatwirtschaft vorbehalten waren.
Ich frage die Landesregierung:
1.
Welche Schwerpunkte im Bereich der wirtschaftlichen Tätigkeit von Kommunen
werden von der Landesregierung überarbeitet?
2.
Welche Verbesserungen für die Kommunen verspricht sich die Landesregierung mit
der Lockerung des Örtlichkeitsgrundsatzes? Welche Auswirkungen hat letzteres auf
die Privatwirtschaft?
3.
Welche zukünftigen Anforderungen werden im Zuge der Liberalisierungsbestrebungen
der EU an kommunale Unternehmen gestellt?
4.
Welche Risiken könnten nach Meinung der Landesregierung für die Gemeinden bei
der Ausgestaltung der Eingriffe in die Tätigkeit kommunaler Unternehmen entstehen?
5.
Kann die Erweiterung der Handlungsspielräume für wirtschaftliche Aktivitäten der
kommunalen Wohnungsunternehmen ggf. zu einer Stabilisierung vom Stadtumbau
betroffenen Unternehmen beitragen?
Namens der Landesregierung beantwortet der Minister des Innern die Kleine Anfrage
wie folgt:
zu den Fragen 1 bis 5:
Seitens des Ministeriums des Innern besteht die Absicht, eine Änderung der gemeindewirtschaftsrechtlichen Regelungen der Gemeindeordnung des Landes Brandenburg (§§ 100 - 110
GO) anzuregen. Das Ministerium des Innern hat hierzu einen ersten Änderungsentwurf
vorgelegt. Da dieser Entwurf jedoch nur eine Diskussionsgrundlage darstellen soll und nicht
Ausdruck einer abgestimmten Meinungsbildung der Landesregierung ist, können zum
derzeitigen Zeitpunkt keine weitergehenden inhaltlichen Aussagen gemacht werden.
Datum des Eingangs: 17.01.2002 / Ausgegeben: 22.01.2002"
178,16961400000,169614,0,Prävention gegen Drogen,169614_13735ff331c26d9a4f4ff9841598dc1c74c68323.pdf,1,2,1541,199,https://fragdenstaat.de/dokumente/169614-pravention-gegen-drogen/,https://media.frag-den-staat.de/files/docs/af/72/a0/af72a085853e4ebaa4f3b56c74a97a71/13735ff331c26d9a4f4ff9841598dc1c74c68323.pdf,,,af72a085-853e-4eba-a4f3-b56c74a97a71,C:\Users\Admin\Desktop\OpenLens\Texte\169614_13735ff331c26d9a4f4ff9841598dc1c74c68323.txt,C:\Users\Admin\Desktop\OpenLens\Bereinigte_Texte\169614_169614_13735ff331c26d9a4f4ff9841598dc1c74c68323.txt,"Landtag Brandenburg
Drucksache 3/4240
3. Wahlperiode
Antwort
der Landesregierung
auf die Kleine Anfrage 1565
der Abgeordneten Birgit Fechner
Fraktion der DVU
Landtagsdrucksache 3/4060
Prävention gegen Drogen / Antwort der Landesregierung auf meine Mündliche
Anfrage Nr. 1064
Wortlaut der Kleinen Anfrage Nr. 1565 vom 22.03.2002:
Hintergrund meiner Mündlichen Anfrage Nr. 1064 war die Tatsache, dass unter
jungen Aussiedlern ein alarmierender Anstieg von Drogenkonsum und Drogentodesfällen festzustellen ist.
Ich frage die Landesregierung:
1.
Gibt es im Land Brandenburg stationäre Einrichtungen, in denen muttersprachliche Therapieangebote für Aussiedler und Ausländer möglich sind?
2.
Welche zielgruppenspezifischen Beratungsangebote in Sachen Suchtprävention werden von welchen Institutionen im Land angeboten?
3.
Plant die Landesregierung - ähnlich wie der neue Senat in Berlin - auch mobile
Drogenkonsumräume sowie ärztlich verordnete Heroin-Verschreibungen und
die Zulassung cannabishaltiger Medikamente?
Datum des Eingangs: 24.04.2002 / Ausgegeben: 29.04.2002

Namens der Landesregierung beantwortet der Minister für Arbeit, Soziales,
Gesundheit und Frauen die Kleine Anfrage wie folgt:
zu Frage 1:
Für Aussiedler und Ausländer gibt es im Land Brandenburg keine spezifischen
stationären Therapieangebote. Bei Bedarf werden Dolmetscher hinzugezogen.
zu Frage 2:
Die existierenden zielgruppenspezifischen Beratungsangebote sind im Brandenburgischen Landesprogramm gegen Sucht aufgeführt.
zu Frage 3:
Die Landesregierung plant dies nicht."
179,16973200000,169732,0,Behindertensport im Lande Brandenburg,169732_00d5561d491840153f4ffa4adec6e0db31baa763.pdf,1,2,2305,314,https://fragdenstaat.de/dokumente/169732-behindertensport-im-lande-brandenburg/,https://media.frag-den-staat.de/files/docs/bf/3f/54/bf3f5478168347cc8c2ca23d39b4e4f1/00d5561d491840153f4ffa4adec6e0db31baa763.pdf,,,bf3f5478-1683-47cc-8c2c-a23d39b4e4f1,C:\Users\Admin\Desktop\OpenLens\Texte\169732_00d5561d491840153f4ffa4adec6e0db31baa763.txt,C:\Users\Admin\Desktop\OpenLens\Bereinigte_Texte\169732_169732_00d5561d491840153f4ffa4adec6e0db31baa763.txt,"Landtag Brandenburg
Drucksache 3/371
3. Wahlperiode
Antwort
der Landesregierung
auf die Kleine Anfrage 79
des Abgeordneten Werner Firneburg
Fraktion der DVU
Drucksache 3/131
Behindertensport im Lande Brandenburg
Behindertensport im Lande Brandenburg
Wortlaut der Kleinen Anfrage 79 vom 11.11.1999:
Ich frage die Landesregierung:
1.
Wie viele Sportstätten im Lande Brandenburg gibt es, welche
die Möglichkeit von Behindertensport anbieten, und wo befinden sich diese (bitte detaillierte Aufschlüsselung)?
2.
Wie ist die personelle bzw. sächliche Ausstattung der unter
1. genannten Sportstätten (bitte detaillierte Aufschlüsselung)?
3.
Welche finanziellen Mittel stellt das Land den unter 1. genannten Sportstätten zur Förderung des Behindertensports
zur Verfügung (bitte detaillierte Aufschlüsselung)?
Namens der Landesregierung beantwortet der Minister für Bildung,
Jugend und Sport die Kleine Anfrage wie folgt:
Zu Frage 1:
Zu Frage 1:
Nach der letzten landesweiten Sportstättenstatistik aus den
Jahren 1993/94 stehen dem Sport im Land Brandenburg ca. 3.340
Sportstätten zur Verfügung. 
Grundsätzlich ist Behindertensport in allen Sportstätten möglich. Ob eine einzelne Sportstätte für die Ausübung von Behindertensport in Frage kommt, ist abhängig von den spezifischen
Behinderungen und den jeweiligen Sportarten. Barrierefrei im
Sinne des § 56 (1) der Brandenburgischen Bauordnung waren lt. o.
g. Statistik u. a. 13 Hallenbäder, 41 Freibäder mit künstlichen
Becken, 67 Sporthallen, 27 Mehrzweckgebäude an Sportfreianlagen.
Eine differenzierte und aktuellere Aussage ist hierzu nicht
möglich.
Datum des Eingangs: 17.12.1999 / Ausgegeben: 22.12.1999
Zu Frage 2:
Zu Frage 2:

Die Sportstätten des Landes Brandenburg befinden sich in unterschiedlichen Trägerschaftsformen. Der jeweilige Träger der
Sportstätte, z. B. Verein, Kommune, Landkreis und Landessportbund, ist für die personelle bzw. sächliche Ausstattung zuständig.
Eine detaillierte Aufschlüsselung liegt nicht vor.
Zu Frage 3:
Zu Frage 3:
Zur Entwicklung des Behindertensports fördert das Land die
Durchführung von Veranstaltungen, Wettkämpfen, Projekten und
innovative Maßnahmen. Zur Förderung des Behindertensports wurden
1999 Landesmittel in Höhe von 404.582,00 DM ausgereicht. Diese
Mittel lassen sich nicht einzelnen Sportstätten zuordnen."
180,16974300000,169743,0,"Verkauf der Gemarkung Falkenberg, Flur 2 Flurstück 307 und 313",169743_23b9da122cfefeab4adaaecb1ab30bfd981d9caf.pdf,1,2,1796,258,https://fragdenstaat.de/dokumente/169743-verkauf-der-gemarkung-falkenberg-flur-2-flurstuck-307-und-313/,https://media.frag-den-staat.de/files/docs/84/76/af/8476af5d6ae74f77b515dde133d2b0df/23b9da122cfefeab4adaaecb1ab30bfd981d9caf.pdf,,,8476af5d-6ae7-4f77-b515-dde133d2b0df,C:\Users\Admin\Desktop\OpenLens\Texte\169743_23b9da122cfefeab4adaaecb1ab30bfd981d9caf.txt,C:\Users\Admin\Desktop\OpenLens\Bereinigte_Texte\169743_169743_23b9da122cfefeab4adaaecb1ab30bfd981d9caf.txt,"Landtag Brandenburg
Drucksache 3/591
3. Wahlperiode
Antwort
der Landesregierung
auf die Kleine Anfrage Nr. 216
des Abgeordneten Michael Claus
Fraktion der DVU
Drucksache 3/528
Verkauf der Gemarkung Falkenberg, Flur 2 Flurstück 307 und 313
Verkauf der Gemarkung Falkenberg, Flur 2 Flurstück 307 und 313
Wortlaut der Kleinen Anfrage Nr. 216 vom 20.01.2000:
Ich frage die Landesregierung:
1.
Welcher Verkehrswert wurde für die Gemarkung Falkenberg,
Flur 2 Flurstück 307 und 313, seitens der BVVG - Bodenverwertungs- und -verwaltungs GmbH nach Erkenntnissen der
Landesregierung ermittelt? Welche Kriterien sind zur Ermittlung des Verkehrswertes herangezogen worden?
2.
Warum wurden die Kaufangebote von den Ortsansässigen abgelehnt?
3.
Welche Käufer erwarben die unter 1. genannte Fläche?
4.
Welche Kaufpreise bezahlten die unter 2. genannten Käufer?
5.
Wer war Eigentümer des unter 1. genannten Grundstücks?
6.
Wie viele Bewerber gab es zu dem unter 1. genannten Grundstück?
7.
Wie fand die Vermarktung des unter 1. genannten Grundstücks
statt?
8.
Fand vor dem Verkauf der unter 1. genannten Fläche durch
die BVVG eine öffentliche oder bedingte Ausschreibung
statt? Wurden sogenannte “Neueinrichter” berücksichtigt?
Datum des Eingangs: 10.02.2000 / Ausgegeben: 15.02.2000

Namens der Landesregierung beantwortet der Minister für Landwirtschaft, Umweltschutz und Raumordnung die Kleine Anfrage wie
g die Kleine Anfrage wie
folgt:
folgt:
zu Fragen 1 bis 8:
Es handelt sich hier um die in der Verantwortung der Bodenverwertungs- und -verwaltungs GmbH (BVVG) stehende Privatisierung
ehemals volkseigener Flächen. Die Landesregierung hat deshalb
auch keinen Einfluss auf die intern festgelegten Modalitäten
eines Verkaufsgeschäftes. Die Anfrage ist demzufolge zuständigkeitshalber an die BVVG zu richten."
181,16974900000,169749,0,Kulturhauptstadt Europas,169749_61ddf84f0413ce93fca607a771d903d9cf4e7eaa.pdf,1,2,2277,319,https://fragdenstaat.de/dokumente/169749-kulturhauptstadt-europas/,https://media.frag-den-staat.de/files/docs/28/cf/3a/28cf3a8782b2431e955c1fbaa8347145/61ddf84f0413ce93fca607a771d903d9cf4e7eaa.pdf,,,28cf3a87-82b2-431e-955c-1fbaa8347145,C:\Users\Admin\Desktop\OpenLens\Texte\169749_61ddf84f0413ce93fca607a771d903d9cf4e7eaa.txt,C:\Users\Admin\Desktop\OpenLens\Bereinigte_Texte\169749_169749_61ddf84f0413ce93fca607a771d903d9cf4e7eaa.txt,"Landtag Brandenburg
Drucksache 3/3165
3. Wahlperiode
Antwort
der Landesregierung
auf die Kleine Anfrage 1172
des Abgeordneten Werner Firneburg
Fraktion der DVU
Drucksache 3/3026
""Kulturhauptstadt Europa""
""Kulturhauptstadt Europa""
Wortlaut der Kleinen Anfrage 1172 vom 04.07.2001:
Es besteht die Chance, dass im Jahre 2010 eine Stadt in Brandenburg ""Kulturhauptstadt Europas"" wird. Das Europäische Parlament
und der Rat der Europäischen Union haben sich bereits im Jahre
1999 darauf verständigt, dass die Bundesrepublik Deutschland für
das Jahr 2010 eine oder mehrere Bewerbungen empfehlen kann.
Ich frage die Landesregierung:
1.
Würde es die Landesregierung begrüßen, wenn eine Stadt im
Land Brandenburg ""Kulturhauptstadt Europas"" würde?
2.
Wenn ja, welche Stadt würde die Landesregierung in erster
Linie ins Auge fassen?
3.
Welche Anstrengungen wird die Landesregierung unternehmen,
um eine aussichtsreiche Bewerbung vorzulegen?
4.
Wird die Landesregierung denjenigen Städten, die sich erfolgversprechend um den Titel ""Kulturhauptstadt Europas""
bewerben, Unterstützung welcher Art gewähren?
5.
Bis wann müssen interessierte Städte ihre Bewerbung bei den
Kulturressorts der Länder einreichen?
Namens
ns der Landesregierung beantwortet die Ministerin für Wissenschaft, Forschung und Kultur die Kleine Anfrage wie folgt:
senschaft, Forschung und Kultur die Kleine Anfrage wie folgt:
zu Frage 1:
Ja, die Landesregierung würde das sehr begrüßen.
Datum des Eingangs: 15.08.2001 / Ausgegeben: 20.08.2001

zu Frage 2:
Die Landesregierung hat nach dem festgelegten Verfahren kein
Vorschlagsrecht und wird sich dementsprechend verhalten.
zu Frage 3:
Siehe Antwort zu Frage 2.
Es bewerben sich die Städte, die Landesregierung legt keine
Bewerbung vor.
zu Frage 4:
Siehe Antwort zu Frage 2.
Die Entscheidung über die Kulturhauptstadt trifft der Europäische Rat. Er stützt sich dabei auf die Empfehlungen der EU-Kommission, die die Vorschläge von den EU-Mitgliedstaaten erhält.
Die Landesregierung wird im Rahmen des innerstaatlichen Bewerbungsverfahrens durch ihre Vertretung im Bundesrat die Bewerbungen von brandenburgischen Städten unterstützen.
zu Frage 5:
Interessierte Städte müssen ihre Bewerbungen bis Ende des
1. Quartals 2004 bei den Kulturressorts der Länder eingereicht
haben."
182,16979800000,169798,0,Bundesstraße B 96 - Groß Machnow,169798_a81f59c1da09a6bf4595d20c6ebed357491f1a8b.pdf,1,2,1197,175,https://fragdenstaat.de/dokumente/169798-bundesstrae-b-96-gro-machnow/,https://media.frag-den-staat.de/files/docs/62/a6/59/62a65960f8494b1bb146e9d039e5d0f3/a81f59c1da09a6bf4595d20c6ebed357491f1a8b.pdf,,,62a65960-f849-4b1b-b146-e9d039e5d0f3,C:\Users\Admin\Desktop\OpenLens\Texte\169798_a81f59c1da09a6bf4595d20c6ebed357491f1a8b.txt,C:\Users\Admin\Desktop\OpenLens\Bereinigte_Texte\169798_169798_a81f59c1da09a6bf4595d20c6ebed357491f1a8b.txt,"Landtag Brandenburg
Drucksache 3/1865
3. Wahlperiode
Antwort
der Landesregierung
auf die Kleine Anfrage 680
des Abgeordneten Christoph Schulze
Fraktion der SPD
Drucksache 3/1670
Wortlaut der Kleinen Anfrage 680:
Bundesstraße B 96 - Groß Machnow
Bundesstraße B 96 - Groß Machnow
Die B 96 führt durch die Gemeinde Groß Machnow im Landkreis
Teltow-Fläming. Seit längerem sind aufgrund des schlechten Zustandes der Straße Erneuerungsarbeiten geplant.
Ich frage die Landesregierung:
1.
Was ist der Planungsstand der Sanierung der B 96 in der
Ortslage Groß Machnow?
2.
Welches Kostenvolumen hat das Gesamtprojekt?
3.
Wann ist der voraussichtliche Baubeginn?
Namens
ns der Landesregierung beantwortet der Minister für Stadtentwicklung,
entwicklung, Wohnen und Verkehr die Kleine Anfrage wie folgt:
Zu Frage 1:
Die Gesamtmaßnahme ist in 2 Bauabschnitte unterteilt.
Der 1. Bauabschnitt ist bereits im Bau. Der 2. Bauabschnitt
befindet sich derzeitig im Planfeststellungsverfahren. Nach
Erlangung des Baurechts kann dieses Bauvorhaben realisiert werden. 
Zu Frage 2:
Die Gesamtkosten betragen voraussichtlich 2,6 Mio DM.
Zu Frage 3:
Siehe zu Frage 1.

Datum des Eingangs: 17.10.2000 / Ausgegeben: 23.10.2000"
183,16989500000,169895,0,Ende des Arbeits- und Ausbildungsverbotes für geduldete Flüchtlinge und Asylbewerber,169895_2cf986415fa84e712291b78a722da62d5a15c99b.pdf,1,2,1948,259,https://fragdenstaat.de/dokumente/169895-ende-des-arbeits-und-ausbildungsverbotes-fur-geduldete-fluchtlinge-und-asylbewerber/,https://media.frag-den-staat.de/files/docs/e5/88/91/e58891f47ddb4afb8eee10c28f03fa21/2cf986415fa84e712291b78a722da62d5a15c99b.pdf,,,e58891f4-7ddb-4afb-8eee-10c28f03fa21,C:\Users\Admin\Desktop\OpenLens\Texte\169895_2cf986415fa84e712291b78a722da62d5a15c99b.txt,C:\Users\Admin\Desktop\OpenLens\Bereinigte_Texte\169895_169895_2cf986415fa84e712291b78a722da62d5a15c99b.txt,"Landtag Brandenburg
Drucksache 3/1420
3. Wahlperiode
Antwort
der Landesregierung
auf die Kleine Anfrage Nr. 498
des Abgeordneten Werner Firneburg
Fraktion der DVU
Landtagsdrucksache 3/1228
Ende des Arbeits- und Ausbildungsverbotes für geduldete Flüchtes für geduldete Flüchtlinge und Asylbewerber
linge und Asylbewerber
Wortlaut der Kleinen Anfrage Nr. 498 vom 26.5.2000:
Nach Pressemeldungen plant die rot-grüne Regierung, das Arbeitsund Ausbildungsverbot für geduldete Flüchtlinge und Asylbewerber
abzuschaffen. Das Verbot war 1997 von Arbeitsminister Norbert
Blüm verfügt worden.
Zur Abschaffung des Verbotes soll sich der SPD-Innenpolitiker
Dieter Wiefelspütz folgendermaßen geäußert haben: ""Wir wollen
nicht mehr dieses Totalverbot aufrechterhalten. Ich gehe davon
aus, dass das in den nächsten sechs Wochen geklärt wird.""
Ich frage die Landesregierung:
1.
Welche Erkenntnisse hat die Landesregierung darüber, ob
seitens der Bundesregierung das derzeit geltende Arbeitsund Ausbildungsverbot für geduldete Flüchtlinge und Asylbewerber aufgehoben werden soll?
2.
Wann soll nach Erkenntnissen der Landesregierung die Aufhebung erfolgen?
3.
Welche Auswirkungen hat nach Erkenntnissen der Landesregierung die unter 1. genannte geplante Aufhebung des Arbeitsund Ausbildungsverbotes für geduldete Flüchtlinge und Asylbewerber auf den Arbeitsmarkt im Land Brandenburg?
Datum des Eingangs: 30.06.2000 / Ausgegeben: 05.07.2000

Namens der Landesregierung beantwortet der Minister für Arbeit,
der Minister für Arbeit,
Soziales, Gesundheit und Frauen die Kleine Anfrage wie folgt:
Soziales, Gesundheit und Frauen die Kleine Anfrage wie folgt:
zu Frage 1:
Die Landesregierung ist in den Entscheidungsprozess der Bundesregierung über eine eventuelle, diesbezügliche Änderung der
Arbeitsgenehmigungsverordnung (ArGV) bislang nicht einbezogen
worden. 
zu Frage 2:
Der Landesregierung liegen hierzu keine Erkenntnisse vor.
zu Frage 3:
Vgl. Antwort auf Frage 1."
184,16992200000,169922,0,Berlin Brandenburg Flughafen Holding (BBF),169922_69863a65ba9c27aee750059114023269daf4d4f2.pdf,1,2,2199,328,https://fragdenstaat.de/dokumente/169922-berlin-brandenburg-flughafen-holding-bbf/,https://media.frag-den-staat.de/files/docs/c2/31/90/c231908863d9421697073d76d490f0ec/69863a65ba9c27aee750059114023269daf4d4f2.pdf,,,c2319088-63d9-4216-9707-3d76d490f0ec,C:\Users\Admin\Desktop\OpenLens\Texte\169922_69863a65ba9c27aee750059114023269daf4d4f2.txt,C:\Users\Admin\Desktop\OpenLens\Bereinigte_Texte\169922_169922_69863a65ba9c27aee750059114023269daf4d4f2.txt,"Landtag Brandenburg
Drucksache 3/3094
3. Wahlperiode
Antwort
der Landesregierung
auf die Kleine Anfrage 1150
des Abgeordneten Christoph Schulze
Fraktion der SPD
Drucksache 3/2946
Berlin Brandenburg Flughafen Holding (BBF)
Berlin Brandenburg Flughafen Holding (BBF)
Wortlaut der Kleinen Anfrage Nr. 1150:
Das Land Brandenburg ist zu 37,5 % Eigentümer der BBF. Somit hat
das Land in seiner Eigenschaft als Gesellschafter einen maßgeblichen Einfluss auf die BBF. Die BBF hat Anfang Juni 2001 in
Medien in Berlin und Brandenburg, in zahlreichen Zeitungen, auf
Großplakattafeln und ggf. auch in den elektronischen Medien eine
massive Werbekampagne gestartet. So wurde z. B. eine 2-seitige
Anzeige in der MAZ und anderen Zeitungen geschaltet.
Aus diesem Grunde frage ich die Landesregierung:
1.
Konkret in welchen Medien wurde Werbung gekauft (Bitte eine
vollständige Liste mit Datum, Name des Mediums, Größe und
Kosten?)
2.
Was kostete die Aktion insgesamt?
3.
Sind weitere solche Aktionen geplant?
4.
Wer bezahlt diese Werbeaktionen?
5.
In welchem Rechtsverhältnis steht der Auftraggeber nach
Frage 4 zur BBF?
6.
Aus welchen Haushaltsmitteln speist sich der Auftraggeber
nach Frage 5?
Datum des Eingangs: 25.07.2001 / Ausgegeben: 26.07.2001

Namens der Landesregierung beantwortet der Minister für Wirtschaft die Kleine Anfrage wie folgt:
schaft die Kleine Anfrage wie folgt:
Zu den Fragen 1 und 2:
Zu diesen Fragen verfügt die Landesregierung über keine eigenen
Unterlagen oder Kenntnisse. Die Berlin Brandenburg Flughafen
Holding GmbH (BBF) hat folgende Auskunft erteilt: Die Werbeaktion erfolgte im Wesentlichen in sieben Medien (Tageszeitungen)
sowie in Form einer Plakataktion. Weitere Angaben macht die BBF
hierzu nicht. Sie beruft sich dazu auf ihre Geschäftsgeheimnisse
und darauf, dass mit ihren Vertragspartnern zum Vertragsinhalt
Stillschweigen vereinbart ist.
Zu Frage 3:
Es sind zunächst von der BBF keine weiteren Werbeaktionen dieser
Art geplant.
Zu den Fragen 4, 5 und 6:
Die Werbeaktion ist von der BBF beauftragt worden, die Kosten
werden von der BBF aus dem Cash-flow, das heißt aus den Überschüssen des laufenden Geschäftes finanziert. Es werden keine
öffentlichen Mittel eingesetzt."
185,16993700000,169937,0,Amnestie 2000,169937_e9a8fc212bf72d3fd0a7c83a107309a0dc442f18.pdf,1,2,2282,310,https://fragdenstaat.de/dokumente/169937-amnestie-2000/,https://media.frag-den-staat.de/files/docs/4b/6b/61/4b6b613c18fb424fa0252dc9642cb8d8/e9a8fc212bf72d3fd0a7c83a107309a0dc442f18.pdf,,,4b6b613c-18fb-424f-a025-2dc9642cb8d8,C:\Users\Admin\Desktop\OpenLens\Texte\169937_e9a8fc212bf72d3fd0a7c83a107309a0dc442f18.txt,C:\Users\Admin\Desktop\OpenLens\Bereinigte_Texte\169937_169937_e9a8fc212bf72d3fd0a7c83a107309a0dc442f18.txt,"Landtag Brandenburg
Drucksache 3/1179
3. Wahlperiode
Antwort
der Landesregierung
auf die Kleine Anfrage Nr. 438
des Abgeordneten Andreas Kuhnert
Fraktion der SPD
Landtagsdrucksache 3/1006
Amnestie 2000
Amnestie 2000
Wortlaut der Kleinen Anfrage Nr. 438:
Ich nehme an, dass der Landesregierung die ""Initiative Amnestie
2000"" bekannt ist. Diese Initiative regt an, die Jahrtausendwende als Anlass für eine einmalige Amnestie zu nutzen. Strafgefangenen soll ein Jahr ihrer Haftzeit erlassen werden.
In der Begründung weisen die Initiatoren u. a. auf die Überbelegungssituation in deutschen Gefängnissen hin, auf die entstehenden hohen Kosten und auf die dadurch behinderte Resozialisierungsarbeit in den Haftanstalten. Der einjährige Straferlass
soll nach Auffassung der Initiatoren selbstverständlich nur in
den Fällen gewährt werden, in denen das auch verantwortbar und
ein möglicher Beitrag zur Resozialisierung ist (vergl. dazu
Anlage). 
Ich frage die Landesregierung:
Sieht die Landesregierung in dieser Initiative einen sinnvollen
Beitrag, sowohl zur Resozialisierung, als auch zur Versöhnung
und zum Täter-Opfer-Ausgleich als auch zur Entlastung der überbelegten Strafanstalten und der Haushalte?
Datum des Eingangs: 19.05.2000 / Ausgegeben: 24.05.2000

Namens
ns der Landesregierung beantwortet der Minister der Justiz
und für Europaangelegenheiten die Kleine Anfrage wie folgt:
und für Europaangelegenheiten die Kleine Anfrage wie folgt:
Es ist sicher unbestritten, dass die aus Anlass der Jahrtausendwende angeregte Amnestie für einen Straferlass von einem Jahr
für alle Gefangenen zu einer Entlastung der Vollzugsanstalten
und zu einer Reduzierung von Haftkosten führen würde. Gleichwohl
wird die Initiative einer sogenannten Jubiläumsamnestie nicht
als sinnvoll und zweckmäßig zur Lösung der mit der Überlastung
der Haftanstalten verbundenen Probleme angesehen. Zudem ist der
Amnestievorschlag der Initiativgruppe nicht präzise genug, um
damit ein Straffreiheitsgesetz im Deutschen Bundestag beschließen und administrativ durchführen zu können. Eine Beziehung zum
Täter-Opfer-Ausgleich, der stets mit konkreten Auflagen verbunden ist, lässt der Vorschlag für einen generellen Straferlass
nicht erkennen. Die Initiative für eine ""Amnestie 2000"" wird
daher nicht unterstützt."
186,17005400000,170054,0,Arbeitsmarktprognose,170054_e25dbf4b236f24b01d03999a390fda2358aad8fa.pdf,1,2,2102,293,https://fragdenstaat.de/dokumente/170054-arbeitsmarktprognose/,https://media.frag-den-staat.de/files/docs/7f/4e/c1/7f4ec13b78664ea3b0236913a2b6eff0/e25dbf4b236f24b01d03999a390fda2358aad8fa.pdf,,,7f4ec13b-7866-4ea3-b023-6913a2b6eff0,C:\Users\Admin\Desktop\OpenLens\Texte\170054_e25dbf4b236f24b01d03999a390fda2358aad8fa.txt,C:\Users\Admin\Desktop\OpenLens\Bereinigte_Texte\170054_170054_e25dbf4b236f24b01d03999a390fda2358aad8fa.txt,"Landtag Brandenburg
Drucksache 3/2337
3. Wahlperiode
Antwort
der Landesregierung
auf die Kleine Anfrage Nr. 878
der Abgeordneten Birgit Fechner
Fraktion der DVU
Landtagsdrucksache 3/2195
Arbeitsmarktprognose
Arbeitsmarktprognose
Wortlaut der Kleinen Anfrage Nr. 878 vom 28.12.2000:
Ich frage die Landesregierung:
1.
Welche Arbeitsmarktprognose kann die Landesregierung für
das Land Brandenburg für die Zeit bis zum 31.12.2010 treffen?
2.
Rechnet die Landesregierung im Bereich der Brandenburger
Wirtschaft mittel- bzw. langfristig mit einem weiteren
Arbeitsplatzabbau?
3.
Wenn ja: Wieviele Arbeitsplätze werden nach Erkenntnissen
der Landesregierung mittel- bzw. langfristig im Land Brandenburg benötigt bzw. wieviele werden wegfallen?
Datum des Eingangs: 26.01.2001 / Ausgegeben: 31.01.2001

Namens der Landesregierung beantwortet der Minister für Arbeit,
der Minister für Arbeit,
Soziales, Gesundheit und Frauen die Kleine Anfrage wie folgt:
Soziales, Gesundheit und Frauen die Kleine Anfrage wie folgt:
zu Frage 1:
Allen Prognosen zufolge ist für Ostdeutschland auch bei günstigen Konjunkturerwartungen allenfalls von einer Stabilisierung
der Beschäftigung und einem leichten Rückgang der Arbeitslosigkeit auszugehen. Der Landesregierung liegen für das Land Brandenburg keine amtlichen Prognosedaten für die Zeit bis zum
31.12.2010 vor.
zu Frage 2:
Der Landesregierung liegen keine belastbaren Prognosen darüber
vor, ob es im Land Brandenburg mittel- und langfristig zu einem
Abbau von Arbeitsplätzen kommen wird und wenn ja, in welchem
Umfang dies der Fall sein könnte. Für die nächsten Jahre wird
jedoch - auf alle Wirtschaftsbereiche bezogen - mit einer Stabilisierung der Arbeitsplatzsituation im Lande gerechnet. So wird
die Bremswirkung, die in den letzten Jahren insbesondere vom
Bergbau und von der Bauwirtschaft ausging, voraussichtlich in
absehbarer Zeit nachlassen. In anderen Wirtschaftszweigen wie
dem Verarbeitenden Gewerbe oder der Dienstleistungswirtschaft
ist der Abbau per Saldo zum Stillstand gekommen bzw. gibt es
leichte Zuwächse.
zu Frage 3:
Siehe dazu die Antwort auf Frage 2."
187,17008400000,170084,0,Kommunale Hoheitszeichenverordnung,170084_fece926cba98f2eeae1469ea5503133b74f4c275.pdf,1,2,2093,303,https://fragdenstaat.de/dokumente/170084-kommunale-hoheitszeichenverordnung/,https://media.frag-den-staat.de/files/docs/2a/56/81/2a5681dc2e294b1e9b38fee661ce8ada/fece926cba98f2eeae1469ea5503133b74f4c275.pdf,,,2a5681dc-2e29-4b1e-9b38-fee661ce8ada,C:\Users\Admin\Desktop\OpenLens\Texte\170084_fece926cba98f2eeae1469ea5503133b74f4c275.txt,C:\Users\Admin\Desktop\OpenLens\Bereinigte_Texte\170084_170084_fece926cba98f2eeae1469ea5503133b74f4c275.txt,"Landtag Brandenburg
Drucksache 3/2203
3. Wahlperiode
Antwort
der Landesregierung
auf die Kleine Anfrage Nr. 820
des Abgeordneten Reinhold Dellmann
Fraktion der SPD
Drucksache 3/2024
Kommunale Hoheitszeichenverordnung
Kommunale Hoheitszeichenverordnung
Wortlaut der Kleinen Anfrage Nr. 820 vom 21.11.2000:
Die Verordnung über kommunale Hoheitszeichen (Kommunale Hoheitszeichenverordnung - KommHzV) wurde am 06.09.2000 vom Minister
des Innern erlassen. Mit der KommHzV wird die Führung von Wappen, Dienstsiegeln und Flaggen im kommunalen Bereich geregelt.
Ich frage die Landesregierung:
1.
Wie viele Ämter in Brandenburg führen ein eigenes Wappen?
2.
Wie viele Ämter in Brandenburg führen ein Dienstsiegel?
3.
Auf welcher Rechtsgrundlage führen Ämter in Brandenburg
derzeit Wappen, Flaggen und Dienstsiegel?
4.
Ist seitens der Landesregierung beabsichtigt, den auch nach
der Novellierung der Gemeinde- und Amtsordnung verbleibenden Ämtern das Recht zur Führung von Wappen, Flaggen und
Dienstsiegel zu erhalten?
Namens
ns der Landesregierung beantwortet der Minister des Innern
die Kleine Anfrage wie folgt:
die Kleine Anfrage wie folgt:
zu den Fragen 1 und 2:
Voraussetzung für das rechtswirksame Führen von Wappen und
Dienstsiegeln im kommunalen Bereich ist gemäß § 12 Abs. 3 der
Gemeindeordnung eine Genehmigung des Ministeriums des Innern. Im
Land Brandenburg haben 41 Ämter einen Antrag auf Genehmigung
eines eigenen Wappens, 62 Ämter einen Antrag auf Genehmigung
eines Dienstsiegels gestellt. Allen Ämtern, die Anträge gestellt
haben, hat das Ministerium des Innern die Genehmigung erteilt.
Datum des Eingangs: 28.12.2000 / Ausgegeben: 03.01.2001

zu Frage 3:
Rechtsgrundlage zur Führung von Wappen, Flaggen und Dienstsiegeln für Ämter bilden im Land Brandenburg § 16 Absatz 1 der
Amtsordnung in Verbindung mit § 12 Absatz 3 der Gemeindeordnung
sowie den §§ 1,3 und 4 der Verordnung über kommunale Hoheitszeichen vom 06. September 2000 (GVBl. II S. 339).
zu Frage 4:
Es ist nicht beabsichtigt, in Zukunft das Recht der Ämter auf
Führung von Wappen, Flaggen und Dienstsiegeln einzuschränken."
188,17009600000,170096,0,Lausitzring 2,170096_aeae300e34dc583804426d9cae6ea2e48477a780.pdf,1,2,1686,245,https://fragdenstaat.de/dokumente/170096-lausitzring-2/,https://media.frag-den-staat.de/files/docs/a5/ba/54/a5ba549f83484d6eb8bcc578a0d0078d/aeae300e34dc583804426d9cae6ea2e48477a780.pdf,,,a5ba549f-8348-4d6e-b8bc-c578a0d0078d,C:\Users\Admin\Desktop\OpenLens\Texte\170096_aeae300e34dc583804426d9cae6ea2e48477a780.txt,C:\Users\Admin\Desktop\OpenLens\Bereinigte_Texte\170096_170096_aeae300e34dc583804426d9cae6ea2e48477a780.txt,"Landtag Brandenburg
Drucksache 3/2356
3. Wahlperiode
Antwort
der Landesregierung
auf die Kleine Anfrage 899
des Abgeordneten Christoph Schulze
Fraktion der SPD
Drucksache 3/2268
Lausitzring 2
Lausitzring 2
Wortlaut der Kleinen Anfrage 899:
Der Lausitzring ist eine bedeutende Investition, auf die die
Landesregierung und die Region Lausitz große Hoffnungen setzen.
Angesichts der hohen Erwartungen, der hohen Fördermittel und dem
Eklat um die Umbenennung von ""Lausitzring"" in ""Euro-Speedway""
sind bestimmte Fakten von allgemeinem Interesse.
Aus diesem Grunde frage ich die Landesregierung:
1.
Wie viele Arbeitsplätze gibt es auf dem Lausitzring?
2.
Ist das DEKRA-Testzentrum schon im Betrieb bzw. wann soll
es in Betrieb gehen?
3.
Wenn ja, wie viele Arbeitsplätze sind dort entstanden?
4.
Wie viele davon können dem Ingenieur- und Forschungsbereich
zugeordnet werden?
Namens der Landesregierung beantwortet der Minister für Wirtschaft die Kleine Anfrage wie folgt:
schaft die Kleine Anfrage wie folgt:
zu Frage 1:
Eine Aussage zur gegenwärtigen Summe der Arbeitsplätze ist nicht
möglich. Viele Einzelfirmen sind auf dem Gelände tätig. Teilweise haben sie sich angesiedelt, teilweise erbringen sie Dienstleistungen für den Euro Speedway Lausitz. Der Aufbau und die
Besiedlung des Geländes sind noch nicht abgeschlossen, so dass
noch weitere Unternehmen hinzu kommen werden. Der tatsächliche
unmittelbare und mittelbare arbeitsmarktpolitische Effekt des
Vorhabens wird erst in Zukunft messbar sein.
Datum des Eingangs: 07.02.2001 / Ausgegeben: 12.02.2001

zu Frage 2:
Der Betrieb des DEKRA-Testzentrums soll im November 2002 aufgenommen werden.
zu Frage 3:
Entfällt.
zu Frage 4:
Entfällt."
189,17014400000,170144,0,Gehaltsgruppen,170144_cdca10568f2fcec03b91de1319b50fa02f6358c5.pdf,1,1,1445,181,https://fragdenstaat.de/dokumente/170144-gehaltsgruppen/,https://media.frag-den-staat.de/files/docs/7a/63/ca/7a63ca8e83874bbf8b193d033dd542b4/cdca10568f2fcec03b91de1319b50fa02f6358c5.pdf,,,7a63ca8e-8387-4bbf-8b19-3d033dd542b4,C:\Users\Admin\Desktop\OpenLens\Texte\170144_cdca10568f2fcec03b91de1319b50fa02f6358c5.txt,C:\Users\Admin\Desktop\OpenLens\Bereinigte_Texte\170144_170144_cdca10568f2fcec03b91de1319b50fa02f6358c5.txt,"Landtag Brandenburg
Drucksache 3/1050
3. Wahlperiode
Antwort
der Landesregierung
auf die Kleine Anfrage Nr. 386
des Abgeordneten Werner Firneburg
Fraktion der DVU
Drucksache 3/894
Gehaltsgruppen
Gehaltsgruppen
Wortlaut der Kleinen Anfrage Nr. 386 vom 3. April 2000:
Ich frage die Landesregierung:
1.
Nach welchen Kriterien werden die Staatssekretäre gehaltsmäßig eingruppiert?
2.
Welche Aussagen kann die Landesregierung treffen über die
Eingruppierung der einzelnen Staatssekretäre?
Namens der Landesregierung beantwortet die Ministerin der Finanzen die Kleine Anfrage wie folgt:
zen die Kleine Anfrage wie folgt:
Zu Frage 1:
Die Einstufung der Staatssekretäre in Brandenburg ist im Rahmen
der bundesrechtlichen Einstufungsvorgaben nach der Zweiten Besoldungs-Übergangsverordnung in den Brandenburgischen Besoldungsordnungen (BbgBesO) landesgesetzlich geregelt. Das Amt
""Chef der Staatskanzlei und Staatssekretär"" ist danach in Besoldungsgruppe B 10 BbgBesO, das Amt ""Staatssekretär"" in Besoldungsgruppe B 9 BbgBesO ausgebracht. 
Zu Frage 2:
Die Staatssekretäre sind den besoldungsgesetzlichen Einstufungsregelungen entsprechend in Besoldungsgruppe B 10 (Chef der
Staatskanzlei) bzw. einheitlich in Besoldungsgruppe B 9 BbgBesO
eingestuft; entsprechende Planstellen sind im Haushaltsplan
ausgebracht. 
Staatssekretäre im Angestelltenverhältnis werden außertariflich
entsprechend vergütet.
Datum des Eingangs: 04.05.2000 / Ausgegeben: 09.05.2000"
190,17016500000,170165,0,Begnadigungsrecht II,170165_e38b9d944bda33765bcad9a50fcc6de3702434eb.pdf,1,1,1825,248,https://fragdenstaat.de/dokumente/170165-begnadigungsrecht-ii/,https://media.frag-den-staat.de/files/docs/26/d8/c2/26d8c26039e94ff282108806870dab94/e38b9d944bda33765bcad9a50fcc6de3702434eb.pdf,,,26d8c260-39e9-4ff2-8210-8806870dab94,C:\Users\Admin\Desktop\OpenLens\Texte\170165_e38b9d944bda33765bcad9a50fcc6de3702434eb.txt,C:\Users\Admin\Desktop\OpenLens\Bereinigte_Texte\170165_170165_e38b9d944bda33765bcad9a50fcc6de3702434eb.txt,"Landtag Brandenburg
Drucksache 3/1495
3. Wahlperiode
Antwort
der Landesregierung
auf die Kleine Anfrage 524
des Abgeordneten Sigmar-Peter Schuldt
Fraktion der DVU
Landtagsdrucksache 3/1300
Begnadigungsrecht II
Begnadigungsrecht II
Wortlaut der Kleinen Anfrage 524 vom 9. Juni 2000:
Gemäß Art. 56 Abs. 2 S. 2 der Landesverfassung und § 60 Abs. 1
hat die Landesregierung jeden Abgeordneten zu bestimmten Sachverhalten Auskünfte zu erteilen. Andere Landesregierungen der
Bundesrepublik Deutschland erteilen den Abgeordneten auf Anfrage
Auskünfte über Gnadengesuche und Gnadenentscheidungen. Es geht
dem Fragesteller lediglich um die Übermittlung statistischer
Zahlen, dadurch wird weder der höchstpersönliche noch vertrauliche Charakter des Gnadenrechts beeinträchtigt. 
Ich frage die Landesregierung:
1.
Wie viele Gnadengesuche wurden im Jahre 1999 von Verurteilten im Land Brandenburg eingereicht?
2.
In wie vielen Fällen haben der Ministerpräsident oder ein
Minister im Jahre 1999 vom Begnadigungsrecht Gebrauch gemacht?
Namens
ns der Landesregierung beantwortet der Minister der Justiz
und für Europaangelegenheiten die Kleine Anfrage wie folgt:
und für Europaangelegenheiten die Kleine Anfrage wie folgt:
Zu den Fragen 1 und 2:
Wie bereits in Beantwortung der Kleinen Anfrage 450 mitgeteilt
worden ist, werden in Gnadenangelegenheiten zur Veröffentlichung
bestimmte statistische Angaben nicht erhoben. Der Grund dafür
liegt im besonderen Charakter des Rechts der Begnadigung. Das
gilt auch für die Art der Entscheidung durch den Ministerpräsidenten und die jeweiligen Fachminister, soweit ihnen die Befugnis zur Entscheidung in Gnadensachen übertragen worden ist. Die
erneute Anfrage zur Gnadenpraxis im Land Brandenburg kann daher
ebenfalls nicht beantwortet werden.
Datum des Eingangs: 17.07.2000 / Ausgegeben: 24.07.2000"
191,17021000000,170210,0,Ehemalige WGT-Liegenschaft Sperenberg,170210_d0e652bdd392faa6ec750f527e34da401082a6eb.pdf,1,2,1980,273,https://fragdenstaat.de/dokumente/170210-ehemalige-wgt-liegenschaft-sperenberg/,https://media.frag-den-staat.de/files/docs/75/17/ff/7517ff403ea84ae2877c770d5d47efa0/d0e652bdd392faa6ec750f527e34da401082a6eb.pdf,,,7517ff40-3ea8-4ae2-877c-770d5d47efa0,C:\Users\Admin\Desktop\OpenLens\Texte\170210_d0e652bdd392faa6ec750f527e34da401082a6eb.txt,C:\Users\Admin\Desktop\OpenLens\Bereinigte_Texte\170210_170210_d0e652bdd392faa6ec750f527e34da401082a6eb.txt,"Landtag Brandenburg
Drucksache 3/1737
3. Wahlperiode
Antwort
der Landesregierung
auf die Kleine Anfrage 611
der Abgeordneten Dr. Dagmar Enkelmann
Fraktion der PDS
Drucksache 3/1549
Wortlaut der Kleinen Anfrage Nr. 611:
Ehemalige WGT-Liegenschaft Sperenberg
Ehemalige WGT-Liegenschaft Sperenberg
In dem am 28. Mai 1996 von den Gesellschaftern der Berlin Brandenburg Flughafen Holding (BBF) Bundesregierung, Land Brandenburg und Land Berlin vereinbarten Konsensbeschluss heißt es u.
a.: ""Über die weitere Entwicklung in Sperenberg nach Abschluss
des Planfeststellungsverfahrens bleiben Bund und das Land Brandenburg im Gespräch."" In der Anlage zum Beschluss wird dazu
vermerkt: ""Der Bund wird kooperativ bei einer qualitativen Entwicklung des Standortes Sperenberg im Hinblick auf verbleibende
Altlasten mitwirken.""
Ich frage die Landesregierung:
1.
Welches Konzept verfolgt die Landesregierung zur weiteren
Entwicklung in Sperenberg?
2. 
Inwieweit wirkt der Bund an der Umsetzung einer solchen
Konzeption mit?
3.
Welche finanziellen Mittel hat der Bund seit Mai 1996 für
den Standort Sperenberg bereitgestellt?
Datum des Eingangs: 21.09.2000 / Ausgegeben: 26.09.2000

Namens der Landesregierung beantwortet der Minister für Wirtschaft die Kleine Anfrage wie folgt:
schaft die Kleine Anfrage wie folgt:
Zu Frage 1:
Das Land Brandenburg verfolgt das Konzept für die ehemalige WGT-
Liegenschaft Sperenberg, das im Konsensbeschluss aus dem Jahr
1996 festgelegt wurde. Dieses beinhaltet die Freihaltung der
Liegenschaft, bis für den Ausbau des Flughafens Schönefeld zum
Berlin Brandenburg International (BBI) ein unanfechtbarer Planfeststellungsbeschluss vorliegt.
Zu Frage 2:
Der Bund als Eigentümer der Liegenschaft und Mitgesellschafter
der BBF unterstützt das Konzept.
Zu Frage 3:
Der Landesregierung liegen keine Informationen vor, dass der
Bund auf der Grundlage des Konsensbeschlusses von 1996 finanzielle Mittel für die ehemalige WGT-Liegenschaft Sperenberg
bereit gestellt hat."
192,17021500000,170215,0,Abschiebungen über Flughäfen,170215_9204d27f11d93c841a8ce2257327c9962452449c.pdf,1,2,1908,260,https://fragdenstaat.de/dokumente/170215-abschiebungen-uber-flughafen/,https://media.frag-den-staat.de/files/docs/ff/45/75/ff4575ebedd4476780216279dcbb36ef/9204d27f11d93c841a8ce2257327c9962452449c.pdf,,,ff4575eb-edd4-4767-8021-6279dcbb36ef,C:\Users\Admin\Desktop\OpenLens\Texte\170215_9204d27f11d93c841a8ce2257327c9962452449c.txt,C:\Users\Admin\Desktop\OpenLens\Bereinigte_Texte\170215_170215_9204d27f11d93c841a8ce2257327c9962452449c.txt,"Landtag Brandenburg
Drucksache 3/1108
3. Wahlperiode
Antwort
der Landesregierung
auf die Kleine Anfrage Nr. 366
des Abgeordneten Sigmar-Peter Schuldt
Fraktion der DVU
Drucksache 3/872
Abschiebungen über Flughäfen
Abschiebungen über Flughäfen
Wortlaut der Kleinen Anfrage Nr. 366 vom 04.04.2000:
Ich frage die Landesregierung:
1.
Welche Aussagen kann die Landesregierung treffen, hinsichtlich der Anzahl der Abschiebungen, die von den im Land
Brandenburg zuständigen Behörden in den Jahren seit 1991
veranlaßt wurden? (Bitte differenzieren, ob es sich um
abgelehnte Asylbewerber oder sonstige Ausreiseflüchtige
handelt. Ferner wird um Angabe des Herkunftslandes und des
Ziellandes sowie der Nationalität gebeten.)
2.
Welche Aussagen kann die Landesregierung treffen, über die
durchschnittlichen Kosten, die mit diesen Abschiebungen
verbunden waren?
3.
Hat es gemäß § 50 Abs. 2 Ausländergesetz auch Abschiebungen
in Drittstaaten gegeben? 
Wenn ja, wie viele Abschiebungen in welchen Jahren und in
welche Drittstaaten?
4.
Welche Fluggesellschaften wurden bei Abschiebungen in Anspruch genommen?
Datum des Eingangs: 10.05.2000 / Ausgegeben: 15.05.2000

Namens
ns der Landesregierung beantwortet der Minister des Innern
die Kleine Anfrage wie folgt:
die Kleine Anfrage wie folgt:
zu Fragen 1 und 3:
Die erbetenen Daten werden statistisch nicht erfasst.
zu Frage 2:
Die durchschnittlichen Kosten für Abschiebungen können durch die
Landesregierung nicht beziffert werden, da jede Maßnahme zur
Abschiebung einen nicht vergleichbaren Einzelfall darstellt und
dadurch sehr unterschiedliche Kosten entstehen.
zu Frage 4:
Der Landesregierung liegen keine Übersichten vor, aus denen die
Fluggesellschaften, die bei Abschiebungen in Anspruch genommen
werden, hervorgehen. Im Grundsatz obliegt es den Ausländerbehörden, die Fluggesellschaft unter Beachtung der Grundsätze der
Wirtschaftlichkeit und Sparsamkeit auszuwählen."
193,17022900000,170229,0,Kriminalitätsentwicklung und Polizeigesetzverschärfung,170229_cc0dabc29bbec601196b0e83ca0ab28bafee117b.pdf,1,2,2006,256,https://fragdenstaat.de/dokumente/170229-kriminalitatsentwicklung-und-polizeigesetzverscharfung/,https://media.frag-den-staat.de/files/docs/b7/af/b6/b7afb65539954c3ca85ec852b05389b6/cc0dabc29bbec601196b0e83ca0ab28bafee117b.pdf,,,b7afb655-3995-4c3c-a85e-c852b05389b6,C:\Users\Admin\Desktop\OpenLens\Texte\170229_cc0dabc29bbec601196b0e83ca0ab28bafee117b.txt,C:\Users\Admin\Desktop\OpenLens\Bereinigte_Texte\170229_170229_cc0dabc29bbec601196b0e83ca0ab28bafee117b.txt,"Landtag Brandenburg
Drucksache 3/1814
3. Wahlperiode
Antwort
der Landesregierung
auf die Kleine Anfrage 659
des Abgeordneten Stefan Sarrach
Fraktion der PDS
Drucksache 3/1639
Kriminalitätsentwicklung und Polizeigesetzverschärfung
Kriminalitätsentwicklung und Polizeigesetzverschärfung
Wortlaut der Kleinen Anfrage 659 vom 29.08.2000:
In der Diskussion um zeitgemäße, moderne Eingriffsbefugnisse für
die Polizei (Verschärfung der Polizeigesetze im Bund und in den
Ländern) werden ""neu auftretende"" Kriminalitätsformen und die
quantitative Steigerung der Kriminalitätsbelastung zur Begründung angeführt.
Ich frage die Landesregierung:
1.
Welche Formen der Kriminalität treten jetzt angeblich neu
auf, so dass es neuer Handlungsformen/Eingriffsbefugnisse
der Polizei bedarf?
2.
Wo und in welchen Lebensbereichen treten diese neuen Kriminalitätsformen auf?
3.
Wie verhalten sich diese ""neuen"" Formen qualitativ und
quantitativ zu den somit ""althergebrachten"" Erscheinungen
von Kriminalität, so dass hierdurch gleichfalls neue Eingriffsinstrumente gerechtfertigt werden können?
Namens
ns der Landesregierung beantwortet der Minister des Innern
die Kleine Anfrage wie folgt:
die Kleine Anfrage wie folgt:
zu Frage 1:
Es gibt keine neuen Erscheinungsformen der Kriminalität, die zu
dem Kabinettbeschluss einer Novellierung des Brandenburgischen
Polizeigesetzes ""Zweites Gesetz zur Änderung des Brandenburgischen Polizeigesetzes"" führten. Die wachsenden Anforderungen an
die Gewährleistung der Inneren Sicherheit gebieten es, die polizeiliche Wirksamkeit durch die Einführung zeitgemäßer und
rechtsklarer Eingriffsbefugnisse zu erhöhen.
Datum des Eingangs: 11.10.2000 / Ausgegeben: 16.10.2000

Die Einführung einer Befugnis zur Videoüberwachung an Kriminalitätsbrennpunkten, die zunächst auf sechs Jahre befristet werden
soll, sowie die Einfügung einer Befugnis zur Erteilung von Aufenthaltsverboten dienen vorwiegend präventiven Zwecken.
zu Frage 2:
Siehe Antwort zu Frage 1.
zu Frage 3:
Siehe Antwort zu Frage 1."
194,17024100000,170241,0,"""Ich bin stolz, Deutscher zu sein""",170241_290d44814fca09ff40fbdc3b74dc921b54ca28da.pdf,1,2,2093,298,https://fragdenstaat.de/dokumente/170241-ich-bin-stolz-deutscher-zu-sein/,https://media.frag-den-staat.de/files/docs/37/0e/83/370e83c5950f4b59ad969f257a5cb172/290d44814fca09ff40fbdc3b74dc921b54ca28da.pdf,,,370e83c5-950f-4b59-ad96-9f257a5cb172,C:\Users\Admin\Desktop\OpenLens\Texte\170241_290d44814fca09ff40fbdc3b74dc921b54ca28da.txt,C:\Users\Admin\Desktop\OpenLens\Bereinigte_Texte\170241_170241_290d44814fca09ff40fbdc3b74dc921b54ca28da.txt,"Landtag Brandenburg
Drucksache 3/2788
3. Wahlperiode
Antwort
der Landesregierung
auf die Kleine Anfrage 1011
des Abgeordneten Sigmar-Peter Schuldt
Fraktion der DVU
Drucksache 3/2559
Wortlaut der Kleinen Anfrage Nr. 1011 vom 26.03.2001:
""Ich bin stolz, Deutscher zu sein""
""Ich bin stolz, Deutscher zu sein""
Die öffentlich geführte Debatte um die Aussage ""Ich bin stolz,
Deutscher zu sein"" hat Positionierungen unter Politikern ausgelöst.
Ich frage die Landesregierung:
1.
Kann der Ministerpräsident die Aussage vertreten ""Ich bin
stolz, Deutscher zu sein""?
2.
Wenn nein, aus welchem Grunde lehnt der Ministerpräsident
eine solche Aussage ab?
3.
Kann sich jeder Minister der Landesregierung zu der Aussage
bekennen ""Ich bin stolz, Deutscher zu sein""?
4.
Wenn nein, welche Gründe sprechen bei welchen Ministern dagegen?
5.
Wie wird sich die Landesregierung dafür einsetzen, dass in
den Schulen des Landes die Debatte über den Nationalstolz
in aller Ausführlichkeit behandelt wird?
6.
Wenn nein, welche Gründe sprechen dagegen?
Namens der Landesregierung beantwortet der Chef der Staatskanzder Chef der Staatskanzlei die Kleine Anfrage wie folgt:
lei die Kleine Anfrage wie folgt:
Zu den Fragen 1 - 4:
Die Mitglieder der Landesregierung behalten es sich vor, im
Rahmen der politischen Meinungsbildung sich jeweils zu Fragen
von aktueller oder grundsätzlicher Bedeutung zu äußern. Die in
Rede stehende Aussage ist nicht Gegenstand brandenburgischer
Regierungspolitik.
Datum des Eingangs: 14.05.2001 / Ausgegeben: 21.05.2001

Zu Frage 5 - 6:
Die Auseinandersetzung mit den Aufbauleistungen Deutschlands,
der Verwirklichung eines freiheitlichen, demokratischen und
sozialen Gemeinwesens, gehört zu den Zielen und Grundsätzen der
Erziehung und Bildung an den brandenburgischen Schulen. Nach dem
Gesetz über die Schulen im Land Brandenburg vom 12. April 1996
haben die Schulen dabei die Freiheit des Gewissens sowie Offenheit und Toleranz gegenüber unterschiedlichen kulturellen, religiösen, weltanschaulichen und politischen Wertvorstellungen,
Empfindungen und Überzeugungen zu wahren (§ 4, Absatz 4)."
195,17027400000,170274,0,Umzug der Fachhochschule der Polizei des Landes Brandenburg nach Oranienburg,170274_1845a848b695480185ce1192cc191859ebf936c4.pdf,1,1,1977,291,https://fragdenstaat.de/dokumente/170274-umzug-der-fachhochschule-der-polizei-des-landes-brandenburg-nach-oranienburg/,https://media.frag-den-staat.de/files/docs/5f/57/18/5f5718602e0f4a6ead6b2420389d783a/1845a848b695480185ce1192cc191859ebf936c4.pdf,,,5f571860-2e0f-4a6e-ad6b-2420389d783a,C:\Users\Admin\Desktop\OpenLens\Texte\170274_1845a848b695480185ce1192cc191859ebf936c4.txt,C:\Users\Admin\Desktop\OpenLens\Bereinigte_Texte\170274_170274_1845a848b695480185ce1192cc191859ebf936c4.txt,"Landtag Brandenburg
Drucksache 3/3546
3. Wahlperiode
Antwort
der Landesregierung
auf die Kleine Anfrage Nr. 1322
des Abgeordneten Michael Claus
Fraktion der DVU
Drucksache 3/3397
Umzug der Fachhochschule der Polizei des Landes Brandenburg nach
Oranienburg
Oranienburg
Wortlaut der Kleinen Anfrage Nr. 1322 vom 15.10.2001:
In meiner Kleinen Anfrage Nr. 1258 fragte ich zum Thema ""Umzug
der Fachhochschule der Polizei des Landes Brandenburg nach Oranienburg"" u.a. die Landesregierung:
""Ist die Landesregierung der Ansicht, dass eine entsprechende
Änderung von § 1 Abs. 2 BbgFHGPol erforderlich ist, und, wenn
nein, mit welcher Begründung?"".
Darauf antwortete die Landesregierung: ""Ja"" und ""Entfällt"".
Demgegenüber regelt jedoch § 1 Abs. 2 BbgFHGPol explizit, dass
die staatliche Hochschule im Sinne von § 73 Abs. 2 des Hochschulrahmengesetzes ihren Sitz in Basdorf hat.
Ich frage die Landesregierung:
Aus welchem Grund hat die Landesregierung in ihrer Antwort auf
meine Kleine Anfrage Nr. 1258, Teilfrage Nr. 4 nicht Stellung
genommen und aus welchem Grund ist eine Änderung von § 1 Abs. 2
BbgFHGPol aufgrund der Verlegung der Fachhochschule der Polizei
des Landes Brandenburg von Basdorf nach Oranienburg erforderlich?
Namens
ns der Landesregierung beantwortet der Minister des Innern
die Kleine Anfrage wie folgt:
die Kleine Anfrage wie folgt:
Die Landesregierung hatte seinerzeit auf die Teilfrage 3 (Ist
die Landesregierung der Ansicht, dass eine entsprechende Änderung von § 1 Absatz 2 BbgFHGPol erforderlich ist?) mit ""Ja""
geantwortet. Teilfrage 4 lautete: ""Wenn nein, mit welcher Be -
gründung?"". In Ansehung der Antwort auf die Teilfrage 3 erübrigte sich eine Antwort auf Teilfrage 4 einschließlich einer Begründung. 
Eine Änderung des § 1 Abs. 2 BbgFHGPol ist nötig, weil diese
Vorschrift Basdorf als Sitz der Fachhochschule der Polizei benennt, diese ihren künftigen Sitz jedoch nicht mehr in Basdorf
haben wird. 
Datum des Eingangs: 15.11.2001 / Ausgegeben: 20.11.2001"
196,17034700000,170347,0,Einsatz von Brechmitteln,170347_21af1a740921ced3c9794c7f85961d1271b55f7e.pdf,1,2,2182,295,https://fragdenstaat.de/dokumente/170347-einsatz-von-brechmitteln/,https://media.frag-den-staat.de/files/docs/33/4a/3d/334a3d088e154f5ea762a58195c414f6/21af1a740921ced3c9794c7f85961d1271b55f7e.pdf,,,334a3d08-8e15-4f5e-a762-a58195c414f6,C:\Users\Admin\Desktop\OpenLens\Texte\170347_21af1a740921ced3c9794c7f85961d1271b55f7e.txt,C:\Users\Admin\Desktop\OpenLens\Bereinigte_Texte\170347_170347_21af1a740921ced3c9794c7f85961d1271b55f7e.txt,"Landtag Brandenburg
Drucksache 3/4145
3. Wahlperiode
Antwort
der Landesregierung
auf die Kleine Anfrage Nr. 1537
des Abgeordneten Sigmar-Peter Schuldt
Fraktion der DVU
Drucksache 3/4009
Einsatz von Brechmitteln
Wortlaut der Kleinen Anfrage Nr. 1537 vom 13.03.2002:
Um Drogendealer zu überführen, werden z. B. in Hamburg Brechmittel in oraler Form
verabreicht oder injiziert. Der Einsatz von Brechmitteln wird sowohl in juristischen als auch in
medizinischen Kreisen kontrovers erörtert.
Ich frage die Landesregierung:
1.
Werden oder wurden im Land Brandenburg Brechmittel zu Beweissicherungszwecken
verabreicht?
Wenn ja, seit wann, wie oft und in welcher Form?
2.
Hält die Landesregierung zukünftig den Einsatz von Brechmitteln für erforderlich, um
Drogendealern Straftaten sicher nachzuweisen?
3.
Welche Untersuchungen werden nach den Erkenntnissen der Landesregierung
üblicherweise vor der Brechmittelgabe durchgeführt?
4.
Wurde auf Konferenzen der zuständigen Landesminister das Thema Brechmitteleinsatz erörtert?
Wenn ja, welche Auffassungen haben die einzelnen Bundesländer vertreten? In
welchen Bundesländern werden Brechmittel angewandt?
5.
Ist die Landesregierung der Auffassung, dass bei Einsatz eines Brechmittels gegen
einen Ausländer, der nicht der deutschen Sprache mächtig ist, ein Dolmetscher
hingezogen werden muss?
Wenn ja, in welcher Zeit steht ein geeigneter Dolmetscher zur Verfügung?
Datum des Eingangs: 08.04.2002 / Ausgegeben: 15.04.2002

Namens der Landesregierung beantwortet der Minister des Innern die Kleine Anfrage
wie folgt:
zu Frage 1:
Im Land Brandenburg wurde bisher der Einsatz von Brechmitteln zur Beweissicherung im
Strafverfahren nicht praktiziert.
zu Fragen 2, 3 und 5:
Aufgrund der derzeit fehlenden praktischen Relevanz der Maßnahme in Brandenburg kann
seitens der Landesregierung hierzu keine Aussage getroffen werden.
zu Frage 4:
Auf Konferenzen der zuständigen Ministerinnen und Minister/Senatorinnen und Senatoren
wurde das Thema Einsatz von Brechmitteln bisher nicht erörtert.
Soweit der Landesregierung bisher Erkenntnisse vorliegen, werden in Hessen, Niedersachsen
(nur bei medizinischer Indikation) und Hamburg Brechmittel eingesetzt."
197,17034800000,170348,0,Mittagessenentgeltregelung,170348_173207db834f412f7210904a962253ebee1f8ea5.pdf,1,2,1804,249,https://fragdenstaat.de/dokumente/170348-mittagessenentgeltregelung/,https://media.frag-den-staat.de/files/docs/96/17/3f/96173f72701a44e4874c8bc2c3541577/173207db834f412f7210904a962253ebee1f8ea5.pdf,,,96173f72-701a-44e4-874c-8bc2c3541577,C:\Users\Admin\Desktop\OpenLens\Texte\170348_173207db834f412f7210904a962253ebee1f8ea5.txt,C:\Users\Admin\Desktop\OpenLens\Bereinigte_Texte\170348_170348_173207db834f412f7210904a962253ebee1f8ea5.txt,"Landtag Brandenburg
Drucksache 3/483
3. Wahlperiode
Antwort
der Landesregierung
auf die Kleine Anfrage 123
der Abgeordneten Kerstin Bednarsky
Fraktion der PDS
Landtagsdrucksache 3/235
Mittagessenentgeltregelung
Mittagessenentgeltregelung
Wortlaut der Kleinen Anfrage 123 vom 25.11.1999:
§ 17 Abs. 1 Kitagesetz regelt, dass für die Mittagessenversorgung ein Essengeld in Höhe der durchschnittlich ersparten Eigenaufwendungen von den Eltern zu erheben ist.
Ich frage die Landesregierung:
1.
Trifft die Regelung des § 17 Abs. 1 ausschließlich nur für
die Mittagessenentgeltregelung zu?
2.
Kann dieser Paragraph so ausgelegt werden, dass ein Entgelt
auch für Vesperbeiträge erhoben werden kann, so wie es zur
Zeit in Cottbus geregelt wird?
3.
Wird die Landesregierung ihren eindeutigen Rechtsstandpunkt
betreffs Ausdehnungsmöglichkeiten bzw. Nichtausdehnungsmöglichkeiten vermitteln?
Datum des Eingangs: 14.01.2000 / Ausgegeben: 20.01.2000

Namens der Landesregierung beantwortet der Minister für Bildung,
Jugend und Sport die Kleine Anfrage wie folgt:
Jugend und Sport die Kleine Anfrage wie folgt:
Zu Frage 1:
Der Wortlaut des § 17 Abs. 1 Satz 2 Kita-Gesetz ist eindeutig.
Ausschließlich für die Versorgung mit Mittagessen ist zusätzlich
ein Essengeld zu erheben.
Zu Frage 2:
Eine solche Auslegung ist, wie durch die Antwort auf Frage 1
bereits beantwortet, nicht möglich. Aufwendungen, die für die
Bereitstellung von Vespermahlzeiten entstehen, sind Teil der
Betriebskosten der Kindertagesstätte und ihre Abgeltung erfolgt
durch die Elternbeiträge zu den Betriebskosten.
Zu Frage 3:
Die Landesregierung hat bisher keine Veranlassung gesehen, den
eindeutigen Gesetzestext zu interpretieren. Sie wird aber die
Kleine Anfrage zum Anlass nehmen, die Jugendämter Brandenburgs
in geeigneter Form zu informieren."
198,17036900000,170369,0,Modellversuch der Landesregierung zur Erprobung einer 4-klassigen Grundschule,170369_3b6371e5b995f9db9b9524663a337f15ac89c3f8.pdf,1,1,1304,180,https://fragdenstaat.de/dokumente/170369-modellversuch-der-landesregierung-zur-erprobung-einer-4-klassigen-grundschule/,https://media.frag-den-staat.de/files/docs/19/27/fd/1927fde67a2a4b74b20659670fe271db/3b6371e5b995f9db9b9524663a337f15ac89c3f8.pdf,,,1927fde6-7a2a-4b74-b206-59670fe271db,C:\Users\Admin\Desktop\OpenLens\Texte\170369_3b6371e5b995f9db9b9524663a337f15ac89c3f8.txt,C:\Users\Admin\Desktop\OpenLens\Bereinigte_Texte\170369_170369_3b6371e5b995f9db9b9524663a337f15ac89c3f8.txt,"Landtag Brandenburg
Drucksache 3/198
3. Wahlperiode
Antwort
der Landesregierung
auf die Kleine Anfrage 30
der Abgeordneten Birgit Fechner,
Fraktion der DVU,
Drucksache 3/56
Modellversuch der Landesregierung zur Erprobung einer 4-klassirprobung einer 4-klassigen Grundschule
gen Grundschule
Wortlaut der Kleinen Anfrage 30 vom 22.10.1999:
Laut Pressemeldungen beabsichtigt die Landesregierung, ab dem
Jahre 2001 50 bis 100 4-klassige Grundschulen als Modellversuch
im Lande Brandenburg einzurichten.
In diesem Zusammenhang frage ich die Landesregierung:
1.
Welche Kosten entstehen dem Land Brandenburg nach Einschätzung der Landesregierung durch den in der Vorbemerkung
genannten Modellversuch?
2.
Welche Gründe bewogen die Landesregierung, den in der Vorbemerkung genannten Modellversuch ab dem Jahre 2001 durchzuführen, und was verspricht sich die Landesregierung davon?
Namens der Landesregierung beantwortet der Minister für Bildung,
Jugend und Sport die Kleine Anfrage wie folgt:
Jugend und Sport die Kleine Anfrage wie folgt:
Die Landesregierung hat derzeit keine Festlegungen wegen der
Durchführung eines Modellversuchs zur Thematik vierjähriger
Grundschulen getroffen.
zu Fragen 1 und 2:
Entfällt. Auf die einleitende Aussage wird verwiesen.
Datum des Eingangs: 25.11.1999 / Ausgegeben: 30.11.1999"
199,17040200000,170402,0,Rauchmelder in öffentlichen und privaten Gebäuden im Lande Brandenburg,170402_61aca3a28356767105841783d1ffd98d571d8727.pdf,1,1,1408,191,https://fragdenstaat.de/dokumente/170402-rauchmelder-in-offentlichen-und-privaten-gebauden-im-lande-brandenburg/,https://media.frag-den-staat.de/files/docs/3e/ca/fb/3ecafb2f0cef448c926c15fc7c9d5dfb/61aca3a28356767105841783d1ffd98d571d8727.pdf,,,3ecafb2f-0cef-448c-926c-15fc7c9d5dfb,C:\Users\Admin\Desktop\OpenLens\Texte\170402_61aca3a28356767105841783d1ffd98d571d8727.txt,C:\Users\Admin\Desktop\OpenLens\Bereinigte_Texte\170402_170402_61aca3a28356767105841783d1ffd98d571d8727.txt,"Landtag Brandenburg
Drucksache 3/511
3. Wahlperiode
Antwort
der Landesregierung
auf die Kleine Anfrage 163
der Abgeordneten Birgit Fechner
Fraktion der DVU
Drucksache 3/322
Wortlaut der Kleinen Anfrage 163:
Rauchmelder in öffentlichen und privaten Gebäuden im Lande Brandenburg
denburg
Ich frage die Landesregierung:
1.
Wie viele öffentliche Gebäude im Land Brandenburg sind mit
Rauchmeldern ausgerüstet (bitte detaillierte Aufschlüsselung)?
2.
Wie viele private Gebäude im Land Brandenburg sind mit
Rauchmeldern ausgerüstet (bitte detaillierte Aufschlüsselung)?
3.
Welche Maßnahmen will die Landesregierung unternehmen, um
alle öffentlichen Gebäude im Land Brandenburg mit Rauchmeldern ausrüsten zu lassen?
4.
Welche Förderungsmaßnahmen stellt die Landesregierung zur
Verfügung bzw. will die Landesregierung zur Verfügung stellen, um privaten Hauseigentümern einen Anreiz zum Einbau
von Rauchmeldern in ihre Immobilien zu geben?
Namens
ns der Landesregierung beantwortet der Minister für Stadtentwicklung, Wohnen und Verkehr die Kleine Anfrage wie folgt:
entwicklung, Wohnen und Verkehr die Kleine Anfrage wie folgt:
Es besteht weder eine öffentlich-rechtliche Meldepflicht für den
Einbau von Rauchmeldern, noch wird die Ausstattung von Gebäuden
mit Rauchmeldern statistisch erfasst. Daher ist eine Beantwortung der o.g. Kleinen Anfrage nicht möglich.
Datum des Eingangs: 19.01.2000 / Ausgegeben: 24.01.2000"
200,17044400000,170444,0,Kosten des Polizeieinsatzes anläßlich der konstituierenden Landtagssitzung am 29.09.1999,170444_ac7e4f80e6b6e7945dadaf5239210ed00b84049e.pdf,1,1,1344,194,https://fragdenstaat.de/dokumente/170444-kosten-des-polizeieinsatzes-anlalich-der-konstituierenden-landtagssitzung-am-29091999/,https://media.frag-den-staat.de/files/docs/c0/e4/8b/c0e48b47a07641ddbc06773d5f603900/ac7e4f80e6b6e7945dadaf5239210ed00b84049e.pdf,,,c0e48b47-a076-41dd-bc06-773d5f603900,C:\Users\Admin\Desktop\OpenLens\Texte\170444_ac7e4f80e6b6e7945dadaf5239210ed00b84049e.txt,C:\Users\Admin\Desktop\OpenLens\Bereinigte_Texte\170444_170444_ac7e4f80e6b6e7945dadaf5239210ed00b84049e.txt,"Landtag Brandenburg
Drucksache 3/116
3. Wahlperiode
Antwort
der Landesregierung
auf die Kleine Anfrage Nr. 11
des Abgeordneten Sigmar-Peter Schuldt
Fraktion der DVU
Drucksache 3/34
Kosten
Kosten des Polizeieinsatzes anlässlich der konstituierenden
Landtagssitzung am 29.09.1999
Landtagssitzung am 29.09.1999
Wortlaut der Kleinen Anfrage Nr. 11 vom 15.10.99:
Ich frage die Landesregierung:
1.
Welche Kosten verursachte der Polizeieinsatz anlässlich der
konstituierenden Sitzung des Landtages Brandenburg am
29.09.1999?
2.
Wie viele der unter 1. genannten Kosten entstanden dadurch,
dass die PDS und andere linke politische Gruppierungen
Gegendemonstrationen gegen den Einzug der DVU-Fraktion in
den Landtag Brandenburg ankündigten und durchführten?
Namens der Landesregierung beantwortet der Minister des Innern
die Kleine Anfrage wie folgt:
zu Frage 1:
zu Frage 1:
Gemäß § 1 Brandenburgisches Polizeigesetz hat die Polizei die
Aufgabe, Gefahren für die öffentliche Sicherheit oder Ordnung
abzuwehren (Gefahrenabwehr). Für Einsätze, bei denen keine Polizeikräfte aus anderen Bundesländern oder des Bundes eingesetzt
werden, entstehen dem Land keine gesonderten Kosten. Einsätze
der vorliegenden Art gehören zum Aufgabenbereich der Polizei.
zu Frage 2:
zu Frage 2:
Siehe Antwort zu Frage 1.
Datum des Eingangs: 09.11.1999 / Ausgegeben: 15.11.1999"
201,17049200000,170492,0,Tätigkeit des Brandenburger Ex-Bauministers III,170492_2aaecca4c2f340f8d55ef00aea80fb68b856a475.pdf,1,1,1652,219,https://fragdenstaat.de/dokumente/170492-tatigkeit-des-brandenburger-ex-bauministers-iii/,https://media.frag-den-staat.de/files/docs/41/a3/e9/41a3e9c38d664e7a9a6b6ecec82f95a3/2aaecca4c2f340f8d55ef00aea80fb68b856a475.pdf,,,41a3e9c3-8d66-4e7a-9a6b-6ecec82f95a3,C:\Users\Admin\Desktop\OpenLens\Texte\170492_2aaecca4c2f340f8d55ef00aea80fb68b856a475.txt,C:\Users\Admin\Desktop\OpenLens\Bereinigte_Texte\170492_170492_2aaecca4c2f340f8d55ef00aea80fb68b856a475.txt,"Landtag Brandenburg
Drucksache 3/3812
3. Wahlperiode
Antwort
der Landesregierung
auf die Kleine Anfrage Nr. 1406
des Abgeordneten Werner Firneburg
Fraktion der DVU
Drucksache 3/3732
Tätigkeit des Brandenburger Ex-Bauministers III
Wortlaut der Kleinen Anfrage Nr. 1406 vom 18.12.2001:
Ich frage die Landesregierung:
1.
Aufgrund welcher rechtlichen Grundlage ergab sich die Zahlung einer außertariflichen Zulage in Höhe des Unterschiedsbetrages zwischen der Vergütung
nach Vergütungsgruppe I BAT-Ost und einer außertariflichen Vergütung entsprechend der Besoldungsgruppe B 4 Besoldungsordnung (Ost)?
2.
Welche Qualifikationen hatte Herr Wolf, um als Regierungsbevollmächtigter der
Bezirksverwaltungsbehörde Potsdam und als Landesbeauftragter für das Land
Brandenburg vor dem 22.11.1990 tätig sein zu können, und entsprach diese
Qualifikation den dienstrechtlichen Voraussetzungen für die Ernennung (bitte
Angabe der Qualifikationsmerkmale nach Eignung, Befähigung und fachlicher
Leistung)?
Namens der Landesregierung beantwortet der Minister für Wirtschaft die Kleine
Anfrage wie folgt:
Zu Frage 1:
Die außertarifliche Zulagenzahlung wurde auf Grund eines im Arbeitsrechtsstreit mit
Herrn Wolf vor dem Arbeitsgericht Potsdam geschlossenen Vergleichs gezahlt. 
Zu Frage 2:
Herr Wolf war nicht im Beamtenverhältnis beschäftigt, sondern als Arbeitnehmer. Die
Frage geht unzutreffend von einer Ernennung in das Beamtenverhältnis aus. Herr
Wolf verfügt über einen Berufsabschluss, der ihn zu einer der Laufbahn des höheren
Dienstes entsprechenden Tätigkeit nach tarifrechtlichen Erfordernissen befähigt.
Datum des Eingangs: 22.01.2002 / Ausgegeben: 28.01.2002"
202,17067300000,170673,0,Euro-Umstellung / Antwort der Landesregierung auf die Kleine Anfrage Nr. 479 des Abgeordneten Sigmar-Peter Schuldt - Drs. 3/1325,170673_8f777a46f2bb2d7e8f6ac665127f105590195da2.pdf,1,2,2051,284,https://fragdenstaat.de/dokumente/170673-euro-umstellung-antwort-der-landesregierung-auf-die-kleine-anfrage-nr-479-des-abgeordneten-sigmar-peter-schuldt-drs-31325/,https://media.frag-den-staat.de/files/docs/9a/f6/ac/9af6ac5376d74c838ab0f17a3b479d41/8f777a46f2bb2d7e8f6ac665127f105590195da2.pdf,,,9af6ac53-76d7-4c83-8ab0-f17a3b479d41,C:\Users\Admin\Desktop\OpenLens\Texte\170673_8f777a46f2bb2d7e8f6ac665127f105590195da2.txt,C:\Users\Admin\Desktop\OpenLens\Bereinigte_Texte\170673_170673_8f777a46f2bb2d7e8f6ac665127f105590195da2.txt,"Landtag Brandenburg
Drucksache 3/4235
3. Wahlperiode
Antwort
der Landesregierung
auf die Kleine Anfrage Nr. 1561
der Abgeordneten Birgit Fechner
Fraktion der DVU
Drucksache Nr. 3/4056
EURO-Umstellung / Antwort der Landesregierung auf die Kleine Anfrage Nr. 479
des Abgeordneten Sigmar-Peter Schuldt - Drs. 3/1325
Auf die Kleine Anfrage Nr. 479 des Abgeordneten Sigmar-Peter Schuldt antwortete
die Landesregierung, dass die Umstellung von DM auf EURO preis- und inflationsneutral erfolgen werde.
Inzwischen kam es jedoch sowohl im Bereich öffentlicher Gebühren und Abgaben wie
im Bereich der Preise innerhalb der privaten Wirtschaft zu deutlichen Erhöhungen im
Zuge der EURO-Einführung.
Ich frage die Landesregierung:
1.
Welche Erkenntnisse hat die Landesregierung über tatsächliche Preiserhöhungen
a)
im Bereich öffentlicher Gebühren und Abgaben,
b)
im Bereich der Preise in der Privatwirtschaft,
welche direkt oder indirekt auf die EURO-Einführung zurückzuführen sind?
2.
Stehen nach Erkenntnissen der Landesregierung die Mindereinnahmen Brandenburgs aufgrund des Steuer-EURO-Glättungsgesetzes inzwischen fest?
Wenn ja, wie hoch sind diese?
Datum des Eingangs: 24.04.2002 / Ausgegeben: 29.04.2002

Namens der Landesregierung beantwortet die Ministerin der Finanzen die Kleine
Anfrage wie folgt:
zu Frage 1:
Im Bereich der öffentlichen Gebühren und Abgaben sind grundsätzlich keine umstellungsbedingten Erhöhungen vorgenommen worden.
Durch eine umrechnungsbedingte Mischung von Erhöhungen und Senkungen bei
einzelnen Gebühren und Abgaben wurden insgesamt kostenneutrale Umstellungsregelungen geschaffen.
Hinsichtlich der allgemeinen Preisentwicklung wird die Inflationsrate als Maßstab
angesehen. Diese ist (gemessen am Anstieg des Lebenshaltungsindex gegenüber
dem Vormonat) von 1,7 v. H. im Dezember 2001 auf 1,6 v. H. im Januar 2002,
bereinigt um Sondereffekte, annähernd gleichgeblieben und stellt somit keine signifikante Preiserhöhung dar.
zu Frage 2:
Nein. Die Mindereinnahmen für Brandenburg werden nach wie vor auf rund
5 Mio. Euro geschätzt."
203,17073800000,170738,0,Förderanträge auf Landeszuschüsse im Lande Brandenburg,170738_93e77dc6f3356f343c9883e4cab7829ce0920ec2.pdf,1,2,2092,281,https://fragdenstaat.de/dokumente/170738-forderantrage-auf-landeszuschusse-im-lande-brandenburg/,https://media.frag-den-staat.de/files/docs/66/1b/c1/661bc1290b7a4d7e83cf8b23183ba3c7/93e77dc6f3356f343c9883e4cab7829ce0920ec2.pdf,,,661bc129-0b7a-4d7e-83cf-8b23183ba3c7,C:\Users\Admin\Desktop\OpenLens\Texte\170738_93e77dc6f3356f343c9883e4cab7829ce0920ec2.txt,C:\Users\Admin\Desktop\OpenLens\Bereinigte_Texte\170738_170738_93e77dc6f3356f343c9883e4cab7829ce0920ec2.txt,"Landtag Brandenburg
Drucksache 3/346
3. Wahlperiode
Antwort
der Landesregierung
auf die Kleine Anfrage 66
der Abgeordneten Liane Hesselbarth
Fraktion der DVU
Landtagsdrucksache 3/101
Förderanträge auf Landeszuschüsse im Lande Brandenburg
Förderanträge auf Landeszuschüsse im Lande Brandenburg
Wortlaut der Kleinen Anfrage Nr. 66 vom 10.11.1999:
Ich frage die Landesregierung:
1.
Wie viele Förderanträge auf Landeszuschüsse nach den einzelnen Landesprogrammen bzw. nach gemeinsamen Programmen
des Landes mit dem Bund und/oder der EU wurden jährlich
jeweils von 1990 bis 1999 (Stand: 30.09.1999) gestellt
(bitte detaillierte Aufschlüsselung)?
2.
Wie viele der unter 1. genannten Förderanträge wurden jeweils negativ beschieden (bitte detaillierte Aufschlüsselung)?
3.
Aus welchen Gründen wurden die unter 2. genannten Förderanträge negativ beschieden (bitte detaillierte Aufschlüsselung)?
4.
Welche Gesamtsummen an öffentlichen Fördermitteln wurden in
den Jahren 1990 bis 1999 (Stand: 30.09.1999) jährlich aufgrund der unter 1. genannten Förderanträge jeweils ausgegeben (bitte detaillierte Aufschlüsselung)?
5.
Welche Gesamtsumme an öffentlichen Fördermitteln wird seitens der Landesregierung im Haushaltsjahr 2000, bezogen auf
die unter 1. genannten Förderprogramme, veranschlagt (bitte
detaillierte Aufschlüsselung nach Einzelprogrammen)?
Datum des Eingangs: 13.12.1999 / Ausgegeben: 20.12.1999

Namens der Landesregierung beantwortet die Ministerin der Finanzen die Kleine Anfrage wie folgt:
zen die Kleine Anfrage wie folgt:
Zu Frage 1 - 4:
Eine sachgerechte Beantwortung der o. g. Fragen ist nicht möglich, da im Land Brandenburg keine ausreichende zentrale Datenbasis zur Verfügung steht und für dienstliche Zwecke auch nicht
zur Verfügung stehen muss.
Nur durch einen unvertretbar hohen Arbeitsaufwand könnten die
benötigten Daten der vergangenen neun Jahre zusammengetragen
werden.
Zu Frage 5:
Auch eine Beantwortung dieser Frage kann nicht erfolgen. Entscheidungen über die Veranschlagung von Fördermitteln bleiben
den noch ausstehenden Beschlüssen über den Haushalt 2000 vorbehalten."
204,17074400000,170744,0,Weiterer Ausbau der B 109,170744_7ddf20709ecee4aba9a16d5942017b5e471f5904.pdf,1,1,1771,235,https://fragdenstaat.de/dokumente/170744-weiterer-ausbau-der-b-109/,https://media.frag-den-staat.de/files/docs/e9/d3/f9/e9d3f9c938fc4cba9a537b84892b3e32/7ddf20709ecee4aba9a16d5942017b5e471f5904.pdf,,,e9d3f9c9-38fc-4cba-9a53-7b84892b3e32,C:\Users\Admin\Desktop\OpenLens\Texte\170744_7ddf20709ecee4aba9a16d5942017b5e471f5904.txt,C:\Users\Admin\Desktop\OpenLens\Bereinigte_Texte\170744_170744_7ddf20709ecee4aba9a16d5942017b5e471f5904.txt,"Landtag Brandenburg
Drucksache 3/4342
3. Wahlperiode
Antwort
der Landesregierung
auf die Kleine Anfrage 1622
des Abgeordneten Ralf Christoffers
Fraktion der PDS
Drucksache 3/4216
Wortlaut der Kleinen Anfrage:
Weiterer Ausbau der B 109
Gegenwärtig wird die B 109 in mehreren Abständen rekonstruiert und ausgebaut.
Damit wird eine wichtige straßenseitige Verbindung in der Region dem neuen Anforderungsprofil angepasst.
In diesem Zusammenhang frage ich die Landesregierung:
In welchen Zeiträumen ist in den einzelnen Abschnitten der B 109 mit dem Baubeginn
sowie dem Abschluss der Arbeiten zu rechnen?
Namens der Landesregierung beantwortet der Minister für Stadtentwicklung,
Wohnen und Verkehr die Kleine Anfrage wie folgt:
Dem Ausbau der B 109 wird seitens der Straßenbauverwaltung eine hohe Priorität
eingeräumt. 
Die freien Strecken wurden mit Ausnahme des Streckenabschnittes Milmersdorf –
Krohnhorst, der in diesem Jahr zur Realisierung gelangt, bereits ausgebaut. 
Die Ortsdurchfahrten Schönerlinde, Schönwalde, Mittenwalde und Blindow wurden
ebenfalls bereits instandgesetzt und befinden sich in einem verkehrssicheren Zustand.
Im Bau befinden sich die Ortsdurchfahrten Wandlitz, Groß Schönebeck und Prenzlau.
Diese werden (bis auf den 2. BA der OD Wandlitz) im Jahr 2002 fertiggestellt.
Die Ortsdurchfahrten Basdorf, Klosterfelde, Zerpenschleuse, Gollin, Milmersdorf und
Göritz befinden sich in planerischer Vorbereitung. Der Ausbau ist abhängig von den
verfügbaren Bundesmitteln. Daher kann ein definitiver Realisierungszeitraum derzeit
noch nicht benannt werden. Aufgrund des schlechten Ausbauzustandes wird den
Ortsdurchfahrten Klosterfelde und Basdorf vorrangige Priorität in der Realisierung
eingeräumt.
Datum des Eingangs: 16.05.2002 / Ausgegeben: 21.05.2002"
205,17076600000,170766,0,Vorschlag der Kassenärztlichen Bundesvereinigung zur Abschaffung der Zuzahlungen für Zahnersatz,170766_b268419361a151ed0dd14dcfa7c49572603b8490.pdf,1,2,2363,302,https://fragdenstaat.de/dokumente/170766-vorschlag-der-kassenarztlichen-bundesvereinigung-zur-abschaffung-der-zuzahlungen-fur-zahnersatz/,https://media.frag-den-staat.de/files/docs/a0/3c/08/a03c088357324361934c09e30bb02aaf/b268419361a151ed0dd14dcfa7c49572603b8490.pdf,,,a03c0883-5732-4361-934c-09e30bb02aaf,C:\Users\Admin\Desktop\OpenLens\Texte\170766_b268419361a151ed0dd14dcfa7c49572603b8490.txt,C:\Users\Admin\Desktop\OpenLens\Bereinigte_Texte\170766_170766_b268419361a151ed0dd14dcfa7c49572603b8490.txt,"Landtag Brandenburg
Drucksache 3/2182
3. Wahlperiode
Antwort
der Landesregierung
auf die Kleine Anfrage Nr. 834
der Abgeordneten Birgit Fechner
Fraktion der DVU
Landtagsdrucksache 3/2051
Vorschlag
Vorschlag der Kassenzahnärztlichen Bundesvereinigung zur Abschaffung der Zuzahlung für Zahnersatz
schaffung der Zuzahlung für Zahnersatz
Wortlaut der Kleinen Anfrage Nr. 834 vom 27.11.2000:
Wie Pressemeldungen zu entnehmen ist, machte die Kassenzahnärztliche Bundesvereinigung den Vorschlag, dass Zahnersatz, wie z.B.
Brücken oder Kronen, künftig von den Patienten vollständig aus
eigener Tasche bezahlt werden soll.
Die sogenannten Zahnersatzversorgungen könnten als Leistungen
der gesetzlichen Krankenkassen entfallen, erklärte der Vorsitzende der Vereinigung, Karl-Horst Schirbort.
Ich frage die Landesregierung:
1.
Teilt die Landesregierung die Auffassung der Kassenzahnärztlichen Bundesvereinigung, dass die Patienten zukünftig
ihren Zahnersatz vollständig aus eigenen Mitteln bezahlen
sollen?
Wenn ja, warum?
2.
Wenn nein, welche Maßnahmen will die Landesregierung ergreifen, um die bisherige Regelung der Zuzahlung der Krankenkassen bei Zahnersatz zu erhalten bzw. die Zuzahlungssätze zu erhöhen?
3.
Hat die Landesregierung Erkenntnisse über Pläne des Bundesgesundheitsministeriums auf Abschaffung der Zuzahlung der
Krankenkassen bei Zahnersatz?
4.
Wenn ja, welchen Inhalt haben nach Erkenntnissen der Landesregierung die diesbezüglichen Planungen des Bundesgesundheitsministeriums?
Datum des Eingangs: 19.12.2000 / Ausgegeben: 27.12.2000

Namens der Landesregierung beantwortet der Minister für Arbeit,
der Minister für Arbeit,
Soziales, Gesundheit und Frauen die Kleine Anfrage wie folgt:
Soziales, Gesundheit und Frauen die Kleine Anfrage wie folgt:
zu Frage 1:
Die Landesregierung teilt die Auffassung der Kassenzahnärztlichen Bundesvereinigung, dass die Patienten zukünftig ihren Zahnersatz vollständig aus eigenen Mitteln bezahlen sollen, nicht.
zu Frage 2:
Die Landesregierung sieht keinen Handlungsbedarf. Die Zuzahlungen der gesetzlichen Krankenversicherung bei Zahnersatzleistungen sind in § 30 Sozialgesetzbuch V verbindlich und klar geregelt.
zu Frage 3:
Die Landesregierung hat keine Erkenntnisse über Pläne des Bundesgesundheitsministeriums auf Abschaffung der Zuzahlungen der
Krankenkassen bei Zahnersatz. 
zu Frage 4:
Siehe Antwort zu Frage 3."
206,17078100000,170781,0,Pflegeheim in Angermünde oder Schwedt?,170781_07743980c2828f09e9a774a917a5a418a4fac874.pdf,1,2,1452,210,https://fragdenstaat.de/dokumente/170781-pflegeheim-in-angermunde-oder-schwedt/,https://media.frag-den-staat.de/files/docs/37/c6/ae/37c6ae11ff32463584a35967bd252952/07743980c2828f09e9a774a917a5a418a4fac874.pdf,,,37c6ae11-ff32-4635-84a3-5967bd252952,C:\Users\Admin\Desktop\OpenLens\Texte\170781_07743980c2828f09e9a774a917a5a418a4fac874.txt,C:\Users\Admin\Desktop\OpenLens\Bereinigte_Texte\170781_170781_07743980c2828f09e9a774a917a5a418a4fac874.txt,"Landtag Brandenburg
Drucksache 3/771
3. Wahlperiode
Antwort
der Landesregierung
auf die Kleine Anfrage Nr. 285
des Abgeordneten Werner Firneburg
Fraktion der DVU
Landtagsdrucksache 3/661
Pflegeheim in Angermünde oder Schwedt?
Pflegeheim in Angermünde oder Schwedt?
Wortlaut der Kleinen Anfrage Nr. 285 vom 18.02.2000:
Ich frage die Landesregierung:
1.
Ist es zutreffend, dass bereits im Jahre 1998 der Baubeginn
für das neue Alten- und Pflegeheim der Inneren Mission in
Angermünde vorgesehen war?
2.
Gibt es seitens der Landesregierung Pläne, wonach ein neues
Alten- und Pflegeheim in der Stadt Schwedt errichtet werden
soll?
3.
Warum wurde ein entsprechendes Bauvorhaben nicht im Landespflegeplan bzw. im Investitionsplan festgeschrieben?
4.
Welchen Standpunkt wird die Landesregierung auf der Regionalkonferenz für den Landkreis Uckermark am 29. Februar
2000 bezüglich der Alten- und Pflegeheime vertreten?
Datum des Eingangs: 14.03.2000 / Ausgegeben: 20.03.2000

Namens der Landesregierung beantwortet der Minister für Arbeit,
der Minister für Arbeit,
Soziales, Gesundheit und Frauen die Kleine Anfrage wie folgt:
Soziales, Gesundheit und Frauen die Kleine Anfrage wie folgt:
zu Frage 1:
Nein.
zu Frage 2:
Nein.
zu Frage 3:
In der Landespflegeplanung ist kein weiteres Altenpflegeheim in
Schwedt vorgesehen.
zu Frage 4:
Am 29. Februar 2000 fand keine Regionalkonferenz zur Fortschreibung des Landespflegeplanes im Bereich der Altenpflegeheime
statt."
207,17085600000,170856,0,Zur Vergabe von Aufträgen und Leistungen der Wasserversorgung und Abwasserentsorgung,170856_02d14e8ae803b461d001a418019d9e81e1b14d2d.pdf,1,1,1331,182,https://fragdenstaat.de/dokumente/170856-zur-vergabe-von-auftragen-und-leistungen-der-wasserversorgung-und-abwasserentsorgung/,https://media.frag-den-staat.de/files/docs/a9/50/19/a9501936b6e0415782d9dc297a9c6570/02d14e8ae803b461d001a418019d9e81e1b14d2d.pdf,,,a9501936-b6e0-4157-82d9-dc297a9c6570,C:\Users\Admin\Desktop\OpenLens\Texte\170856_02d14e8ae803b461d001a418019d9e81e1b14d2d.txt,C:\Users\Admin\Desktop\OpenLens\Bereinigte_Texte\170856_170856_02d14e8ae803b461d001a418019d9e81e1b14d2d.txt,"Landtag Brandenburg
Drucksache 3/93
2. Wahlperiode
Antwort
der Landesregierung
auf die Kleine Anfrage Nr. 4
des Abgeordneten Ralf Christoffers
Fraktion der PDS
Drucksache 3/25
Zur Vergabe von Aufträgen und Leistungen der Wasserversorgung
und Abwasserentsorgung
und Abwasserentsorgung
Wortlaut der Kleinen Anfrage Nr. 4 vom 6.10.1999:
Im Zusammenhang mit Gesprächen mit Bürgern aus Dahmsdorf im
August 1999 ist von Vertretern der Landesregierung zugesagt
worden, die Landkreise aufzufordern zu prüfen, ob es im Zusammenhang mit der Tätigkeit der Aufgabenträger für Wasserversorgung und Abwasserentsorgung zu Unregelmäßigkeiten bei der Vergabe von Aufträgen und Leistungen gekommen ist.
In diesem Zusammenhang frage ich die Landesregierung:
Welche Landkreise haben bisher reagiert und welche Ergebnisse
hat die Überprüfung nach Kenntnis der Landesregierung bisher
gebracht?
Namens der Landesregierung beantwortet der Minister für Landwirtschaft, Umweltschutz und Raumordnung die Kleine Anfrage wie
g die Kleine Anfrage wie
folgt:
folgt:
Eine entsprechende Umfrage haben alle Landkreise beantwortet.
Die Antworten wurden mit Schreiben vom 21. Juli 1999 den am
Hungerstreik Beteiligten übermittelt. Die Ergebnisse der Umfrage
haben keine unmittelbar neuen Erkenntnisse erbracht.
Datum des Eingangs: 03.11.19999 / Ausgegeben: 08.11.1999"
208,17087300000,170873,0,Jugendgesundheitsberatung,170873_0da0f06e6b22ce53fdfcc6ab29be325012bc8192.pdf,1,2,2145,289,https://fragdenstaat.de/dokumente/170873-jugendgesundheitsberatung/,https://media.frag-den-staat.de/files/docs/00/20/45/00204547d2a144d08c328823c3cf22b7/0da0f06e6b22ce53fdfcc6ab29be325012bc8192.pdf,,,00204547-d2a1-44d0-8c32-8823c3cf22b7,C:\Users\Admin\Desktop\OpenLens\Texte\170873_0da0f06e6b22ce53fdfcc6ab29be325012bc8192.txt,C:\Users\Admin\Desktop\OpenLens\Bereinigte_Texte\170873_170873_0da0f06e6b22ce53fdfcc6ab29be325012bc8192.txt,"Landtag Brandenburg
Drucksache 3/1013
3. Wahlperiode
Antwort
der Landesregierung
auf die Kleine Anfrage Nr. 340
der Abgeordneten Birgit Fechner
Fraktion der DVU
Landtagsdrucksache 3/824
Jugendgesundheitsberatung
Jugendgesundheitsberatung
Wortlaut der Kleinen Anfrage Nr. 340 vom 24.03.2000:
Wie der Ärztezeitung Nr. 48 vom 15.03.2000 zu entnehmen ist,
geht die Zahl der Jugendlichen, die an der Jugendgesundheitsberatung J 1 teilnehmen, zurück.
Gleichzeitig ist bei den an der Jugendgesundheitsberatung teilnehmenden Jugendlichen ein starker Anstieg von Krankheitsbefunden festzustellen.
Ich frage die Landesregierung:
1.
Welche Erkenntnisse liegen der Landesregierung darüber vor,
dass ausländische Jugendliche sowie Sonderschüler in Brandenburg die Jugendgesundheitsberatung J 1 überdurchschnittlich wenig in Anspruch nehmen?
2.
Welche Maßnahmen will die Landesregierung ergreifen, dass
mehr Jugendliche und insbesondere mehr Jugendliche der
unter 1. genannten Gruppen in Brandenburg die Jugendgesundheitsberatung J 1 in Anspruch nehmen?
Datum des Eingangs: 20.04.2000 / Ausgegeben: 25.04.2000

Namens der Landesregierung beantwortet der Minister für Arbeit,
der Minister für Arbeit,
Soziales, Gesundheit und Frauen die Kleine Anfrage wie folgt:
Soziales, Gesundheit und Frauen die Kleine Anfrage wie folgt:
Die Teilnehmerzahlen an der Jugendgesundheitsberatung J 1 steigen in Brandenburg erfreulicherweise ständig an. In den ersten
drei Quartalen des Jahres 1999 nahmen 3.371 Jugendliche dieses
Angebot in Anspruch, im Vergleichszeitraum des Vorjahres 2.323.
Bezogen auf die 98'er Zahlen bedeutet das eine Steigerung um
45 %.
zu Frage 1:
Die Landesregierung weist in ihren Gesundheitsberichten seit
Jahren auf die Tatsache hin, dass Kinder und Jugendliche aus
sozial problematischen Verhältnissen generell medizinische Vorsorgeangebote weniger in Anspruch nehmen. Die J 1-Untersuchung
stellt dabei keine Ausnahme dar.
zu Frage 2:
Die Gesundheitsämter der Kreise und kreisfreien Städte werden
auch weiterhin die regelmäßige Inanspruchnahme der Jugendgesundheitsberatung empfehlen. Dieses Verfahren hat sich angesichts
der o. g. Zahlen bewährt."
209,17087700000,170877,0,Sind 30 % der Bevölkerung fremdenfeindlich?,170877_a97593b228a4b3efc711a9378bc5dec3cca12cee.pdf,1,2,2360,314,https://fragdenstaat.de/dokumente/170877-sind-30-der-bevolkerung-fremdenfeindlich/,https://media.frag-den-staat.de/files/docs/4d/c5/1c/4dc51c6a36744b49a23e796794e52982/a97593b228a4b3efc711a9378bc5dec3cca12cee.pdf,,,4dc51c6a-3674-4b49-a23e-796794e52982,C:\Users\Admin\Desktop\OpenLens\Texte\170877_a97593b228a4b3efc711a9378bc5dec3cca12cee.txt,C:\Users\Admin\Desktop\OpenLens\Bereinigte_Texte\170877_170877_a97593b228a4b3efc711a9378bc5dec3cca12cee.txt,"Landtag Brandenburg
Drucksache 3/3156
3. Wahlperiode
Antwort
der Landesregierung
auf die Kleine Anfrage 1169
des Abgeordneten Werner Firneburg
Fraktion der DVU
Drucksache 3/3023
Sind 30 % der Bevölkerung fremdenfeindlich?
Sind 30 % der Bevölkerung fremdenfeindlich?
Wortlaut der Kleinen Anfrage 1169 vom 04.07.2001:
Wie Presseberichten zu entnehmen ist, beziffert Minister Reiche
die Zahl der gewaltbereiten Extremisten im Land Brandenburg auf
600 bis 800. 30 % der Gesamtbevölkerung neige immer wieder zu
fremdenfeindlichen Äußerungen. Der Extremismus sei kein Problem
der Jugend, sondern der gesamten Gesellschaft.
Ich frage die Landesregierung:
1.
Welche Äußerungen sind nach Auffassung der Landesregierung
""fremdenfeindlich""? (Bitte die Äußerungen konkret aufzählen!)
2.
In welchen Altersgruppen ist welcher Prozentanteil an
""Fremdenfeindlichkeit"" festzustellen?
3.
Welche partiell rechtsextremistischen Ansichten hat die
Landesregierung bei etwa 1/5 aller Jugendlichen festgestellt? (Bitte die Äußerungen aufzählen!)
4.
Ist der Landesregierung eine Aktion ""Schulen gegen Rechts""
bekannt? Wenn ja, wer sind die Sprecher von ""Schulen gegen
Rechts""? Stehen hierfür staatliche Mittel bereit?
5.
Würde die Landesregierung auch ein Aktionsbündnis ""Schulen
gegen Links"" begrüßen?
Datum des Eingangs: 13.08.2001 / Ausgegeben: 20.08.2001

Namens der Landesregierung beantwortet der Minister für Bildung,
Jugend und Sport die Kleine Anfrage wie folgt:
Jugend und Sport die Kleine Anfrage wie folgt:
Zu Frage 1:
Fremdenfeindlichkeit richtet sich gegen Menschen, die in
Deutschland fremd sind bzw. fremd wirken. Dem Fremden wird unterstellt, dass er an gesellschaftlichen und sozialen Problemen
""schuld"" sei. Im Hinblick auf Hintergründe und Formen von Fremdenfeindlichkeit verweist die Landesregierung auf den Ersten und
Zweiten Zwischenbericht zur Umsetzung des Handlungskonzepts
""Tolerantes Brandenburg"".
Zu Frage 2 und 3:
Dazu existieren unterschiedliche wissenschaftliche Untersuchungen, die von der Landesregierung nicht im Einzelnen bewertet
werden können. Zur Gesamtproblematik wird auf den Verfassungsschutzbericht 2000 des Landes Brandenburg und auf die Studie
""Jugend in Ostdeutschland: Lebenssituationen und Delinquenz"",
Hrsg. D. Sturzbecher, Opladen 2001, verwiesen.
Zu Frage 4:
Eine solche Aktion ist der Landesregierung nicht bekannt.
Zu Frage 5:
Nein."
210,17088300000,170883,0,Asylmissbrauch im Land Brandenburg,170883_eef3632cf892c12a8bce5348cae288e141390e77.pdf,1,2,2009,272,https://fragdenstaat.de/dokumente/170883-asylmissbrauch-im-land-brandenburg/,https://media.frag-den-staat.de/files/docs/02/01/44/0201444e7645491891d78a65e9a8c751/eef3632cf892c12a8bce5348cae288e141390e77.pdf,,,0201444e-7645-4918-91d7-8a65e9a8c751,C:\Users\Admin\Desktop\OpenLens\Texte\170883_eef3632cf892c12a8bce5348cae288e141390e77.txt,C:\Users\Admin\Desktop\OpenLens\Bereinigte_Texte\170883_170883_eef3632cf892c12a8bce5348cae288e141390e77.txt,"Landtag Brandenburg
Drucksache 3/2340
3. Wahlperiode
Antwort
der Landesregierung
auf die Kleine Anfrage Nr. 875
der Abgeordneten Birgit Fechner
Fraktion der DVU
Drucksache 3/2192
Asylmissbrauch im Land Brandenburg
Asylmissbrauch im Land Brandenburg
Wortlaut der Kleinen Anfrage Nr. 875 vom 21.12.2000:
Auf die Kleine Anfrage Nr. 671 des CDU - Abgeordneten Petke, in
welcher auch nach den konkreten Maßnahmen der Landesregierung
gegen einen Missbrauch des Asylrechts gefragt wurde, antwortete
die Landesregierung (Drs. 3/1853) wörtlich: ""Die Landesregierung
plant zur Zeit keine konkreten Maßnahmen, um einem Missbrauch
des Asylrechts entgegenzutreten.""
Ich frage die Landesregierung:
1.
Wie viele Fälle von Asylmissbrauch wurden nach Erkenntnissen der Landesregierung in der Zeit vom 01.01.1991 bis
30.11.2000 im Land Brandenburg registriert?
2.
Welche konkreten Missbrauchstatbestände lagen nach Erkenntnissen der Landesregierung bei den unter 1. genannten Fällen vor?
3.
In wie vielen der unter 1. genannten Fälle hatten die Asylbewerber keine Personaldokumente zur Ermittlung ihrer Identität aufgrund eines selbstverschuldeten Verlustes dieser
Dokumente?
4.
Welche konkreten Maßnahmen will die Landesregierung ergreifen bzw. hat sie ergriffen, um ein flächendeckendes Fingerabdrucksystem für Asylbewerber zum Zwecke der Verhinderung
des Asylmissbrauchs in Brandenburg einzuführen.
Datum des Eingangs: 26.01.2001 / Ausgegeben: 31.01.2001

Namens
ns der Landesregierung beantwortet der Minister des Innern
die Kleine Anfrage wie folgt:
die Kleine Anfrage wie folgt:
zu den Fragen 1 bis 3:
Der Begriff ""Asylmissbrauch"" ist rechtlich und sprachlich nicht
abschließend definiert, so dass sich aus der Fragestellung der
konkrete Umfang der Kleinen Anfrage nicht erschließen lässt.
zu Frage 4:
Die erkennungsdienstliche Behandlung von Asylbewerbern richtet
sich nach den bundesgesetzlichen Regelungen des Asylverfahrensgesetzes. Die Landesregierung sieht keine Notwendigkeit, weitergehende Regelungen einzuführen."
211,17092300000,170923,0,Sanierung der Elisabethstraße in Strausberg,170923_dd66faba8ad5f2a22e2609a8a83400e7a051b939.pdf,1,2,1766,234,https://fragdenstaat.de/dokumente/170923-sanierung-der-elisabethstrae-in-strausberg/,https://media.frag-den-staat.de/files/docs/ca/e5/e4/cae5e40d7fd64fafa026450b93c35e0b/dd66faba8ad5f2a22e2609a8a83400e7a051b939.pdf,,,cae5e40d-7fd6-4faf-a026-450b93c35e0b,C:\Users\Admin\Desktop\OpenLens\Texte\170923_dd66faba8ad5f2a22e2609a8a83400e7a051b939.txt,C:\Users\Admin\Desktop\OpenLens\Bereinigte_Texte\170923_170923_dd66faba8ad5f2a22e2609a8a83400e7a051b939.txt,"Landtag Brandenburg
Drucksache 3/776
3. Wahlperiode
Antwort
der Landesregierung
auf die Kleine Anfrage 284
der Abgeordneten Liane Hesselbarth
Fraktion der DVU
Drucksache 3/659
Sanierung der Elisabethstraße in Strausberg
Sanierung der Elisabethstraße in Strausberg
Die Stadt Strausberg hat die umfangreiche Sanierung der Elisabethstraße in Strausberg, welche zur Zeit noch eine Anliegerstraße ist, geplant.
Im Zuge der Sanierung soll die Straße zur Hauptverkehrsstraße
erklärt werden, obwohl ihre Verlängerung, die Hegermühlenstraße
an der größten Grundschule Strausbergs vorbeiführt.
Für die Sanierung der Elisabethstraße sind umfangreiche Fördermittel beim Land beantragt, welche nach meinen Erkenntnissen
noch im I. Quartal dieses Jahres ausgereicht werden sollen.
Ich frage die Landesregierung:
1.
Welche Erkenntnisse hat die Landesregierung darüber, ob es
in der Stadt Strausberg Hauptstraßen bzw. Eingangsstraßen
zur Stadt gibt, die sanierungsbedürftiger sind als die
Elisabethstraße?
2.
Welche Maßnahmen sollen nach Erkenntnissen der Landesregierung ergriffen werden, um die Schüler der Grundschule in
Strausberg vor Verkehrsgefahren zu bewahren, die durch das
höhere Verkehrsaufkommen entstehen nach Umwidmung der Elisabethstraße zur Hauptverkehrsstraße?
Datum des Eingangs: 14.03.2000 / Ausgegeben: 20.03.2000

Namens
ns der Landesregierung beantwortet der Minister für Stadtentwicklung, Wohnen und Verkehr die Kleine Anfrage wie folgt:
entwicklung, Wohnen und Verkehr die Kleine Anfrage wie folgt:
Zu Frage 1:
Der Landesregierung liegen keine Erkenntnisse vor, da solche
Erhebungen nicht durchgeführt werden.
Zu Frage 2:
Die kommunale Planungshoheit liegt bei der Stadt Strausberg. Sie
ist für die Verkehrssicherheit auf ihren Straßen selbst verantwortlich."
212,17093000000,170930,0,Ortsumgehungsstraße Bernau,170930_5812e53a7624b8a0c4e1921c53d70a9129fe991c.pdf,1,1,1839,256,https://fragdenstaat.de/dokumente/170930-ortsumgehungsstrae-bernau/,https://media.frag-den-staat.de/files/docs/68/09/6b/68096b63db1d4de8865e5c49181b7c79/5812e53a7624b8a0c4e1921c53d70a9129fe991c.pdf,,,68096b63-db1d-4de8-865e-5c49181b7c79,C:\Users\Admin\Desktop\OpenLens\Texte\170930_5812e53a7624b8a0c4e1921c53d70a9129fe991c.txt,C:\Users\Admin\Desktop\OpenLens\Bereinigte_Texte\170930_170930_5812e53a7624b8a0c4e1921c53d70a9129fe991c.txt,"Landtag Brandenburg
Drucksache 3/3417
3. Wahlperiode
Antwort
der Landesregierung
auf die Kleine Anfrage 1385
des Abgeordneten Reinhold Dellmann
Fraktion der SPD
Drucksache 3/3592
Wortlaut der Kleinen Anfrage 1385:
Ortsumgehungsstraße Bernau
Nach vorliegenden Berichten prüft das Bundesverkehrsministerium derzeit, ob die Bundesstraße B 2 im Bernauer Bereich zur Landesstraße herabzustufen ist. Eine solche Umstufung
hätte Konsequenzen für den Bau der geplanten Bernauer Umgehungsstraße. Dies führte in
der Region Bernau zu erheblichen Irritationen.
Ich frage die Landesregierung:
Wie ist die Position der Landesregierung zur Notwendigkeit des Baus einer Ortsumgehungsstraße für die Stadt Bernau als Bundesstraße B 2?
Namens der Landesregierung beantwortet der Minister für Stadtentwicklung, Wohnen
und Verkehr die Kleine Anfrage wie folgt:
Mit Schreiben vom 08.03.2000 bat das Bundesministerium für Verkehr, Bau- und Wohnungswesen das Land um funktionelle Überprüfung der Bundesstraße 2, da nach Auffassung des
Bundes die B 2 im Bereich Bernau keine Funktion mehr für den weiträumigen Verkehr besitzt
und daher abzustufen ist.
Um auf die Umstufungsvorstellungen des Bundes reagieren zu können, hat das Ministerium
für Stadtentwicklung, Wohnen und Verkehr die funktionelle Bewertung des übergeordneten
Straßennetzes in Brandenburg vorgenommen. Dabei konnte nur eine untergeordnete Bedeutung der B 2 in diesem Abschnitt für den Fernverkehr nachgewiesen werden, womit sich die
Auffassung des Bundes bestätigte. Die Landesregierung hält jedoch den Wunsch der Stadt
Bernau nach Verbesserung der Straßensituation im Ort für nachvollziehbar. Daher ist zu
prüfen, ob über den Weg der Abstufung des Straßenabschnitts eine Lösung gefunden werden
kann. Erste Vorklärungen hierzu laufen derzeit.
Datum des Eingangs: 09.01.2002 / Ausgegeben: 14.01.2002"
213,17098400000,170984,0,Gemeinschaftsinitiative der Europäischen Union,170984_c85a160c6ef88aad8e691b0bc24dc577b2589e1a.pdf,1,1,1789,247,https://fragdenstaat.de/dokumente/170984-gemeinschaftsinitiative-der-europaischen-union/,https://media.frag-den-staat.de/files/docs/93/fb/4e/93fb4e58acf04f688e04ab2776fff93f/c85a160c6ef88aad8e691b0bc24dc577b2589e1a.pdf,,,93fb4e58-acf0-4f68-8e04-ab2776fff93f,C:\Users\Admin\Desktop\OpenLens\Texte\170984_c85a160c6ef88aad8e691b0bc24dc577b2589e1a.txt,C:\Users\Admin\Desktop\OpenLens\Bereinigte_Texte\170984_170984_c85a160c6ef88aad8e691b0bc24dc577b2589e1a.txt,"Landtag Brandenburg
Drucksache 3/1508
3. Wahlperiode
Antwort
der Landesregierung
auf die Kleine Anfrage Nr. 538
des Abgeordneten Ralf Christoffers
Fraktion der PDS
Landtagsdrucksache 3/1356
Gemeinschaftsinitiative der Europäischen Union
Gemeinschaftsinitiative der Europäischen Union
Wortlaut der Kleinen Anfrage Nr. 538 vom 20.06.2000:
Entsprechend des Kapitel 3, Artikel 20, Absatz 2 der Verordnung
(EG) Nr. 1260/1999 des Rates vom 21. Juni 1999 mit allgemeinen
Bestimmungen über die Strukturfonds soll bei der Umsetzung der
Gemeinschaftsinitiative EQUAL die soziale und berufliche Eingliederung von Asylbewerbern gebührend berücksichtigt werden.
In diesem Zusammenhang frage ich die Landesregierung:
In welcher Form und mit welchem Inhalt wird diese Bestimmung der
o.g. EU-Verordnung im Land Brandenburg umgesetzt?
Namens der Landesregierung beantwortet der Minister für Arbeit,
der Minister für Arbeit,
Soziales, Gesundheit und Frauen die Kleine Anfrage wie folgt:
Soziales, Gesundheit und Frauen die Kleine Anfrage wie folgt:
Nachdem die Festlegung der ""Leitlinien für die Gemeinschaftsinitiative EQUAL über die transnationale Zusammenarbeit bei der
Förderung neuer Methoden zur Bekämpfung von Diskriminierung und
Ungleichheit jeglicher Art im Zusammenhang mit dem Arbeitsmarkt""
erfolgt ist, finden zwischen dem Bund (Bundesministerium für
Arbeit und Sozialordnung) und den Ländern Verhandlungen über die
Umsetzung statt.
Dabei zeichnet sich ab, dass der Bund die Gemeinschaftsinitiative EQUAL in Abstimmung mit den Ländern in eigener Verantwortung
umsetzen wird. 
Die Länder werden somit einen nur begrenzten Einfluss auf die
Umsetzung der inhaltlichen Schwerpunkte haben. Dies betrifft
auch den in Ihrer Frage genannten Punkt.
Datum des Eingangs: 19.07.2000 / Ausgegeben: 24.07.2000"
214,17099300000,170993,0,Gemeinsame Gerichte der Länder Berlin und Brandenburg,170993_187063aa725d90bfb5f2d09951ece0ae26e86d34.pdf,1,2,2337,309,https://fragdenstaat.de/dokumente/170993-gemeinsame-gerichte-der-lander-berlin-und-brandenburg/,https://media.frag-den-staat.de/files/docs/8a/1a/40/8a1a40ce6d874e39a1ebb3bce91b3922/187063aa725d90bfb5f2d09951ece0ae26e86d34.pdf,,,8a1a40ce-6d87-4e39-a1eb-b3bce91b3922,C:\Users\Admin\Desktop\OpenLens\Texte\170993_187063aa725d90bfb5f2d09951ece0ae26e86d34.txt,C:\Users\Admin\Desktop\OpenLens\Bereinigte_Texte\170993_170993_187063aa725d90bfb5f2d09951ece0ae26e86d34.txt,"Landtag Brandenburg
Drucksache 3/1552
3. Wahlperiode
Antwort
der Landesregierung
auf die Kleine Anfrage 570
des Abgeordneten Peter Muschalla
Fraktion der SPD
Drucksache 3/1451
Gemeinsame Gerichte der Länder Berlin und Brandenburg
Gemeinsame Gerichte der Länder Berlin und Brandenburg
Wortlaut der Kleinen Anfrage Nr. 570 vom 5. Juli 2000:
Nach Presseberichten hat der Regierende Bürgermeister und Justizsenator Eberhard Diepgen angekündigt, dass Berlin und Brandenburg noch in dieser Legislaturperiode ein gemeinsames Oberverwaltungsgericht mit Sitz in Berlin und ein gemeinsames Finanzgericht mit Sitz in Potsdam erhalten sollen.
Ich frage die Landesregierung:
Welche Haltung hat die Landesregierung zu diesen Plänen?
Namens
ns der Landesregierung beantwortet der Minister der Justiz
und für Europaangelegenheiten die Kleine Anfrage wie folgt:
und für Europaangelegenheiten die Kleine Anfrage wie folgt:
Minister Prof. Dr. Kurt Schelter hat am 28. April 2000 mit dem
Regierenden Bürgermeister von Berlin ein Gespräch über gemeinsame Projekte in der Justiz beider Länder geführt. Dabei sind auch
mögliche Standorte eines gemeinsamen Oberverwaltungsgerichts und
eines gemeinsamen Finanzgerichts der Länder Berlin und Brandenburg erörtert worden. Im Anschluss an dieses Gespräch, bei dem
keine Standorte festgelegt worden sind, hat Minister Prof. Dr.
Kurt Schelter im Ministerium der Justiz und für Europaangelegenheiten die gründliche Prüfung der Fusionsüberlegungen in rechtlicher, organisatorischer und finanzieller Hinsicht veranlasst.
Da in dem vor einigen Jahren vorbereiteten Fusionsvertrag zwischen Brandenburg und Berlin als Sitz des gemeinsamen Finanzgerichts das Land Brandenburg vorgesehen war, wird in die Überlegungen betreffend das gemeinsame Finanzgericht auch ein Verbleib am Standort Cottbus eingezogen werden.
Datum des Eingangs: 04.08.2000 / Ausgegeben: 11.08.2000

Sobald die Prüfung, auf deren zügigen Abschluss Bedacht genommen
wird, beendet ist, wird der Minister der Justiz und für Europaangelegenheiten das Kabinett und das Parlament unterrichten.
Die Meinungsbildung innerhalb der Landesregierung in dieser
Frage ist noch nicht abgeschlossen.
Eine eventuelle Realisierung von Fusionsüberlegungen würde einen
Staatsvertrag mit Berlin und ein Begleitgesetz, möglicherweise
auch eine Verfassungsänderung, erfordern."
215,17104900000,171049,0,"Studium zum ""Europalehrer"" ab Herbst 2000 im Lande Brandenburg",171049_8f03174a126bd4f8f8b42cd8a462c11bb56ce312.pdf,1,2,2312,308,https://fragdenstaat.de/dokumente/171049-studium-zum-europalehrer-ab-herbst-2000-im-lande-brandenburg/,https://media.frag-den-staat.de/files/docs/fc/6d/8c/fc6d8ce9b89d4d7a9dd9143450e29db4/8f03174a126bd4f8f8b42cd8a462c11bb56ce312.pdf,,,fc6d8ce9-b89d-4d7a-9dd9-143450e29db4,C:\Users\Admin\Desktop\OpenLens\Texte\171049_8f03174a126bd4f8f8b42cd8a462c11bb56ce312.txt,C:\Users\Admin\Desktop\OpenLens\Bereinigte_Texte\171049_171049_8f03174a126bd4f8f8b42cd8a462c11bb56ce312.txt,"Landtag Brandenburg
Drucksache 3/821
3. Wahlperiode
Antwort
der Landesregierung
auf die Kleine Anfrage Nr. 262
der Abgeordneten Birgit Fechner
Fraktion der DVU
Drucksache 3/605
Studium zum ""Europalehrer"" ab Herbst 2000 im Lande Brandenburg
Studium zum ""Europalehrer"" ab Herbst 2000 im Lande Brandenburg
Wortlaut der Kleinen Anfrage:
1.
Bestätigt die Landesregierung Pressemeldungen, nach denen
ab dem Herbst 2000 an der Universität Potsdam ein Hochschulstudiengang mit dem Abschluss ""Europalehrer"" eingeführt werden soll?
2.
Wenn ja: Welche Studieninhalte sollen in dem unter 1. genannten Studiengang gelehrt werden?
3.
Wie definiert die Landesregierung den Begriff ""Europalehrer""?
4.
In welchen Schulen oder sonstigen pädagogischen Einrichtungen des Landes Brandenburg sollen die ab Herbst 2000 an der
Universität Potsdam ausgebildeten ""Europalehrer"" eingesetzt
werden?
Namens der Landesregierung beantwortet der Minister für Wissender Minister für Wissenschaft, Forschung und Kultur die Kleine Anfrage wie folgt
schaft, Forschung und Kultur die Kleine Anfrage wie folgt:
zu Frage 1:
Es trifft zu, dass die Landesregierung Überlegungen zur Ausbildung von Europalehrern in und für Brandenburg anstellt. Allerdings ist nicht geplant, bereits im Herbst 2000 mit der Ausbildung zu beginnen. Zunächst ist der politische Meinungsbildungsprozess innerhalb der Landesregierung und die fachliche Abstimmung mit der Universität Potsdam vorzunehmen und sind Festlegungen zur Studienstruktur, zu den Studieninhalten und zum Studienabschluss zu treffen. 
Datum des Eingangs: 22.03.2000 / Ausgegeben: 27.03.2000

zu Frage 2:
Siehe Antwort zu Frage 1.
zu Frage 3:
Angeregt wurde das Vorhaben der Landesregierung durch die in
Baden-Württemberg zum Wintersemester 1999/2000 eingerichteten
Europalehramtsstudiengänge. Im Unterschied zu Baden-Württemberg
ist in Brandenburg nicht an ein grundständiges Studium, sondern
an Weiterbildungsstudien gedacht. Mit der Ausbildung zum Europalehrer sollen Brandenburger Lehrer eine europäisch ausgerichtete
Kultur- und Sprachkompetenz erwerben und befähigt werden zweisprachig zu unterrichten. 
zu Frage 4:
Nach erfolgreicher Qualifizierung zum ""Europalehrer"" wäre ein
Einsatz dieser Lehrkräfte im bilingualen Unterricht insbesondere
an den Europaschulen des Landes Brandenburg anzustreben."
216,17107600000,171076,0,Minderjährige unbegleitete Flüchtlinge,171076_0193f2eec408fd378142e732eeb012c1c4c9e767.pdf,1,2,1938,276,https://fragdenstaat.de/dokumente/171076-minderjahrige-unbegleitete-fluchtlinge/,https://media.frag-den-staat.de/files/docs/d8/1b/cf/d81bcf2f07d7445d84a1db6f33094663/0193f2eec408fd378142e732eeb012c1c4c9e767.pdf,,,d81bcf2f-07d7-445d-84a1-db6f33094663,C:\Users\Admin\Desktop\OpenLens\Texte\171076_0193f2eec408fd378142e732eeb012c1c4c9e767.txt,C:\Users\Admin\Desktop\OpenLens\Bereinigte_Texte\171076_171076_0193f2eec408fd378142e732eeb012c1c4c9e767.txt,"Landtag Brandenburg
Drucksache 3/764
3. Wahlperiode
Antwort
der Landesregierung
auf die Kleine Anfrage Nr. 245
der Abgeordneten Birgit Fechner
Fraktion der DVU
Drucksache 3/578
Minderjährige unbegleitete Flüchtlinge
Minderjährige unbegleitete Flüchtlinge
Wortlaut der Kleinen Anfrage Nr. 245 vom 11.02.2000:
Ich frage die Landesregierung:
1.
Wie viele minderjährige unbegleitete Flüchtlinge sind in
den Jahren 1997, 1998 und 1999 im Lande Brandenburg registriert worden?
2.
In wie vielen Fällen ist eine Duldung erteilt worden?
3.
Nach welchen Ermessenskriterien wird die eigenständige
Sicherung des Lebensunterhalts dieser Flüchtlinge gewährleistet?
4.
In wie vielen Fällen mussten in dem angegebenen Zeitraum
Ausbildungsmaßnahmen abgebrochen werden, weil die Rückführung in ihr Heimatland vorgenommen wurde?
Namens
ns der Landesregierung beantwortet der Minister des Innern
die Kleine Anfrage wie folgt:
die Kleine Anfrage wie folgt:
zu Fragen 1 und 2:
Im Rahmen der gemäß § 60 Abs. 3 GOLT zur Verfügung stehenden
Zeit für die Beantwortung einer Kleinen Anfrage ist der Landesregierung die von der Fragestellerin erbetene Auskunft nicht
möglich.
Datum des Eingangs: 14.03.2000 / Ausgegeben: 20.03.2000

zu Frage 3:
Unbegleitete minderjährige Flüchtlinge werden gemäß Artikel 20
und 22 des Gesetzes zu dem Übereinkommen vom 20. November 1989
über die Rechte des Kindes (UN-Konvention) i.V.m. § 42 SGB VIII
in Obhut genommen. Sie erhalten daran anschließend Hilfe zur
Erziehung in Form von Heimerziehung gemäß § 34 SGB VIII. Die
Sicherung des Lebensunterhalts erfolgt gemäß § 39 SGB VIII durch
die zuständigen Träger der öffentlichen Jugendhilfe.
Unbegleitete Minderjährige, die bei Einreise das 16. Lebensjahr
vollendet hatten, werden asylrechtlich wie Erwachsene behandelt
und erhalten Leistungen nach dem Asylbewerberleistungsgesetz.
zu Frage 4:
Die Frage kann nicht beantwortet werden, da hierzu keine statistischen Angaben vorliegen."
217,17111900000,171119,0,Methadonsubstitution,171119_3309084cba1c9c0720a2eee5c3c37789c12f1d92.pdf,1,2,2022,265,https://fragdenstaat.de/dokumente/171119-methadonsubstitution/,https://media.frag-den-staat.de/files/docs/fe/88/14/fe8814c207ba44888616b99e29f8a8d6/3309084cba1c9c0720a2eee5c3c37789c12f1d92.pdf,,,fe8814c2-07ba-4488-8616-b99e29f8a8d6,C:\Users\Admin\Desktop\OpenLens\Texte\171119_3309084cba1c9c0720a2eee5c3c37789c12f1d92.txt,C:\Users\Admin\Desktop\OpenLens\Bereinigte_Texte\171119_171119_3309084cba1c9c0720a2eee5c3c37789c12f1d92.txt,"Landtag Brandenburg
Drucksache 3/402
3. Wahlperiode
Antwort
der Landesregierung
auf die Kleine Anfrage 105
der Abgeordneten Birgit Fechner
Fraktion der DVU
Drucksache 3/205
Methadonsubstitution
Methadonsubstitution
Wortlaut der Kleinen Anfrage 105 vom 23. November 1999:
1.
In welchen Haftanstalten des Landes Brandenburg gibt es die
Methadonsubstitution oder andere Behandlungsmethoden für
Drogensüchtige?
2.
Wie viele drogenabhängige rechtskräftig verurteilte Straftäter gibt es in den Justizanstalten des Landes Brandenburg
und wie viele dieser Häftlinge wären zu substituieren?
3.
Ist es zutreffend, dass vorwiegend heroinabhängige Drogensüchtige mit Methadon oder ähnlichen Ersatzstoffen substituiert werden?
Datum des Eingangs: 04.01.2000 / Ausgegeben: 10.01.2000

Namens
ns der Landesregierung beantwortet der Minister der Justiz
und für Europaangelegenheiten die Kleine Anfrage wie folgt:
und für Europaangelegenheiten die Kleine Anfrage wie folgt:
zu Frage 1:
Nach Auskunft des ärztlichen Dienstes der Justizvollzugsanstalt
Brandenburg an der Havel, der für die Behandlung Drogenabhängiger des brandenburgischen Strafvollzugs zuständig ist, sind
Fälle drogensüchtiger Strafgefangener bisher nicht bekannt geworden. Aus diesem Grund finden Methadonsubstitution und andere
Behandlungsmethoden für Drogensüchtige derzeit keine Anwendung.
In dem Bereich der Untersuchungsgefangenen sind in diesem Jahr
insgesamt 6 Beschuldigte festgestellt worden, die sich im Zeitpunkt ihrer Einlieferung in Untersuchungshaftanstalten des Landes in akutem Drogenrausch befanden und zu einer einwöchigen
Entzugsbehandlung in die Krankenstation der JVA Brandenburg
a.d.H. überwiesen werden mussten. In diesen Fällen fand eine auf
Methadon gestützte Behandlung zum Zweck des Entzuges, nicht aber
zum Zweck der Substitution statt. Ein über die Zeit der Entziehung hinausgehender Therapiebedarf hat sich in den genannten
Fällen nicht ergeben.
zu Frage 2:
Entfällt.
zu Frage 3:
Entfällt für den Bereich des brandenburgischen Strafvollzugs."
218,17122300000,171223,0,Kosten des Kosovo-Einsatzes von Polizeibeamtinnen und -beamten aus dem Land Brandenburg,171223_14938a2967febd7c7d32ecf9cc80e616a1588da3.pdf,1,2,1873,269,https://fragdenstaat.de/dokumente/171223-kosten-des-kosovo-einsatzes-von-polizeibeamtinnen-und-beamten-aus-dem-land-brandenburg/,https://media.frag-den-staat.de/files/docs/0f/98/cb/0f98cbd5f9f14c86833cb8a7538075ea/14938a2967febd7c7d32ecf9cc80e616a1588da3.pdf,,,0f98cbd5-f9f1-4c86-833c-b8a7538075ea,C:\Users\Admin\Desktop\OpenLens\Texte\171223_14938a2967febd7c7d32ecf9cc80e616a1588da3.txt,C:\Users\Admin\Desktop\OpenLens\Bereinigte_Texte\171223_171223_14938a2967febd7c7d32ecf9cc80e616a1588da3.txt,"Landtag Brandenburg
Drucksache 3/1555
3. Wahlperiode
Antwort
der Landesregierung
auf die Kleine Anfrage 568
der Abgeordneten Birgit Fechner
Fraktion der DVU
Drucksache 3/1448
Kosten
ten des Kosovo-Einsatzes von Polizeibeamtinnen und -beamten
aus dem Land Brandenburg
aus dem Land Brandenburg
Wortlaut der Kleinen Anfrage Nr. 568 vom 06.07.2000:
Ich frage die Landesregierung:
1.
Welche Kosten wurden veranschlagt für die Jahre 2000 und
2001 für den Einsatz von Polizeibeamtinnen und -beamten aus
dem Land Brandenburg im Kosovo?
2.
Wie viele Polizeibeamtinnen und -beamte aus dem Land Brandenburg sind derzeit im Kosovo-Gebiet im Einsatz?
3.
Wie viele Polizeibeamtinnen und -beamte aus Brandenburg
werden nach Erkenntnissen der Landesregierung noch wie
lange im Kosovo-Gebiet im Einsatz sein?
Namens
ns der Landesregierung beantwortet der Minister des Innern
die Kleine Anfrage wie folgt:
die Kleine Anfrage wie folgt:
Zu Frage 1:
Für den Einsatz von Polizeivollzugsbeamtinnen und -beamten im
Kosovo werden keine zusätzlichen Kosten veranschlagt, weil alle
auf den Einsatz im Ausland bezogenen Kosten wie z.B. Auslandsverwendungszuschlag, Trennungsgeld und Reisekosten vom Bund
getragen werden. Zu den konkreten Personalausgaben, die das Land
zu tragen hat (Dienstbezüge), verweise ich auf meine Antwort auf
die Kleine Anfrage Nummer 26 - Landtagsdrucksache 3/52.
Zu Frage 2:
Gegenwärtig befinden sich 6 Polizeivollzugsbeamte im Missionsgebiet. Davon ist ein Polizeivollzugsbeamter beim Internationalen Strafgerichtshof für das ehemalige Jugoslawien eingesetzt.
Datum des Eingangs: 07.08.2000 / Ausgegeben: 14.08.2000

Zu Frage 3:
Nach dem IMK-Beschluss vom November 1999 ist das Land Brandenburg zur Entsendung von 9 Polizeivollzugsbeamten in das Kosovo
verpflichtet. Die Entsendungsdauer beträgt grundsätzlich 9 Monate. Ein Ende der Mission ist gegenwärtig nicht absehbar."
219,17124200000,171242,0,Belastung von Verwaltungsgerichten in Asylsachen,171242_ee3aa53faa0625cd0f1d8994504f8a8c8bf6dbc6.pdf,1,2,1639,224,https://fragdenstaat.de/dokumente/171242-belastung-von-verwaltungsgerichten-in-asylsachen/,https://media.frag-den-staat.de/files/docs/a1/4d/1d/a14d1dfa615d477d83c157f478570a71/ee3aa53faa0625cd0f1d8994504f8a8c8bf6dbc6.pdf,,,a14d1dfa-615d-477d-83c1-57f478570a71,C:\Users\Admin\Desktop\OpenLens\Texte\171242_ee3aa53faa0625cd0f1d8994504f8a8c8bf6dbc6.txt,C:\Users\Admin\Desktop\OpenLens\Bereinigte_Texte\171242_171242_ee3aa53faa0625cd0f1d8994504f8a8c8bf6dbc6.txt,"Landtag Brandenburg
Drucksache 3/1323
3. Wahlperiode
Antwort
der Landesregierung
auf die Kleine Anfrage 482
des Abgeordneten Sigmar-Peter Schuldt
Fraktion der DVU
Drucksache 3/1151
Belastung der Verwaltungsgerichte in Asylsachen
Belastung der Verwaltungsgerichte in Asylsachen
Wortlaut der Kleinen Anfrage 482 vom 16. Mai 2000:
Ich frage die Landesregierung:
1.
Wie haben sich die Zahlen der Eingänge in Asylsachen bei
den Verwaltungsgerichten des Landes und beim Oberverwaltungsgericht in den Jahren 1995, 1996, 1997, 1998 und 1999
entwickelt (bitte Trennung nach Hauptverfahren und Eilverfahren)?
2.
Wie haben sich die Zahlen der Eingänge in Asylsachen bei
den anderen Behörden des Landes in den oben genannten Jahren entwickelt?
Namens
ns der Landesregierung beantwortet der Minister der Justiz
und für Europaangelegenheiten die Kleine Anfrage wie folgt:
und für Europaangelegenheiten die Kleine Anfrage wie folgt:
Zu Frage 1:
Hinsichtlich der Eingangszahlen wird auf die anliegende Tabelle
Bezug genommen.
Zu Frage 2:
Für die Entscheidung über Asylanträge ist nach 5 des Asylverfahrensgesetzes das Bundesamt für die Anerkennung ausländischer
Flüchtlinge zuständig. Eine Zuständigkeit von Landesbehörden
besteht in diesem Zusammenhang nicht.
Datum des Eingangs: 15.06.2000 / Ausgegeben: 20.06.2000

Verfahrensart
Verfahrensart
Hauptverfahren
Hauptverfahren bei den
bei den
Eilverfahren
Eilverfahren bei den Verbei den Ver-
Berufungen
Berufungen bei dem
bei dem
Jahr
Jahr
Verwaltungsgerichten
Verwaltungsgerichten
waltungsgerichten
waltungsgerichten
Oberverwaltungsgericht
Oberverwaltungsgericht

2.513
1.440 

3.161

2.367

1.871

2.173"
220,17125200000,171252,0,"Bleiberecht für ""traumatisierte"" Flüchtlinge aus Bosnien",171252_03b1b99060b65195c2eb94456dc94d3e968dc00c.pdf,1,2,2437,328,https://fragdenstaat.de/dokumente/171252-bleiberecht-fur-traumatisierte-fluchtlinge-aus-bosnien/,https://media.frag-den-staat.de/files/docs/b9/6c/12/b96c1252208c49998b2ba03abba970a7/03b1b99060b65195c2eb94456dc94d3e968dc00c.pdf,,,b96c1252-208c-4999-8b2b-a03abba970a7,C:\Users\Admin\Desktop\OpenLens\Texte\171252_03b1b99060b65195c2eb94456dc94d3e968dc00c.txt,C:\Users\Admin\Desktop\OpenLens\Bereinigte_Texte\171252_171252_03b1b99060b65195c2eb94456dc94d3e968dc00c.txt,"Landtag Brandenburg
Drucksache 3/2325
3. Wahlperiode
Antwort
der Landesregierung
auf die Kleine Anfrage Nr. 876
der Abgeordneten Birgit Fechner
Fraktion der DVU
Drucksache 3/2193
Bleiberecht für ""traumatisierte"" Flüchtlinge aus Bosnien
Bleiberecht für ""traumatisierte"" Flüchtlinge aus Bosnien
Wortlaut der Kleinen Anfrage Nr. 876 vom 21.12.2000:
Laut Presseberichten beschlossen die Innenminister von Bund und
Ländern ein Bleiberecht für sogenannte ""traumatisierte"" Flüchtlinge aus Bosnien.
Diese erhalten zusammen mit ihren Familienangehörigen eine auf
zwei Jahre befristete Aufenthaltsbefugnis, wenn sie vor dem
15. Dezember 1995 nach Deutschland eingereist sind. 
Außerdem müssen sie spätestens seit dem 1. Januar 2000 eine
psychotherapeutische Behandlung begonnen haben.
Ich frage die Landesregierung:
1.
Auf wie viele Bosnien - Flüchtlinge trifft nach Erkenntnissen der Landesregierung die in der Vorbemerkung genannte
Sonderregelung bundesweit bzw. im Bereich des Landes Brandenburg zu?
2.
Wie viele der unter 1. genannten Bosnien - Flüchtlinge
haben nach Erkenntnissen der Landesregierung seit dem
01.01.2000 bundesweit bzw. im Bereich des Landes Brandenburg psychotherapeutische Behandlungen begonnen?
Namens
ns der Landesregierung beantwortet der Minister des Innern
die Kleine Anfrage wie folgt:
die Kleine Anfrage wie folgt:
zu den Fragen 1 und 2:
Die Landesregierung verfügt über keine gesicherten Erkenntnisse,
wie viele Flüchtlinge aus Bosnien und Herzegowina mit Traumatisierung bundesweit unter den Beschluss der Innenminister und -
senatoren der Länder vom 23./24. November 2000 fallen, bzw. sich
seit dem 01.01.2000 in psychotherapeutischer Behandlung befinden.
Datum des Eingangs: 25.01.2001 / Ausgegeben: 30.01.2001

Im Land Brandenburg sind zurzeit 16 Bürgerkriegsflüchtlinge aus
Bosnien und Herzegowina mit insgesamt 24 Familienangehörigen auf
Grund von Traumatisierung aufhältig.
Nach Auskunft der zuständigen Ausländerbehörden befanden sich
alle Bürgerkriegsflüchtlinge mit Traumatisierung zum Stichtag
01.01.2000 in psychotherapeutischer Behandlung. Nach einer ersten, noch nicht abgeschlossenen Prüfung der Ausländerbehörden
wird davon ausgegangen, dass zurzeit 10 Flüchtlinge mit Traumatisierung mit insgesamt 13 Familienangehörigen unter den Beschluss der Innenminister und -senatoren vom 23./24 November
2000 und den dazu ergangenen Erlass 154 /2000 des Ministeriums
des Innern vom 18.12.2000 fallen könnten."
221,17128000000,171280,0,Schulverweigerer im Land Brandenburg,171280_6d1303ee3bc84c3d42575eba5b97c86ad0aad948.pdf,1,2,2053,277,https://fragdenstaat.de/dokumente/171280-schulverweigerer-im-land-brandenburg/,https://media.frag-den-staat.de/files/docs/1c/64/98/1c64984709bf49669a5c5ad8bc1212ae/6d1303ee3bc84c3d42575eba5b97c86ad0aad948.pdf,,,1c649847-09bf-4966-9a5c-5ad8bc1212ae,C:\Users\Admin\Desktop\OpenLens\Texte\171280_6d1303ee3bc84c3d42575eba5b97c86ad0aad948.txt,C:\Users\Admin\Desktop\OpenLens\Bereinigte_Texte\171280_171280_6d1303ee3bc84c3d42575eba5b97c86ad0aad948.txt,"Landtag Brandenburg
Drucksache 3/1139
3. Wahlperiode
Antwort
der Landesregierung
auf die Kleine Anfrage 364
des Abgeordneten Ingo Senftleben
Fraktion der CDU
Drucksache 3/870
Schulverweigerer im Land Brandenburg
Schulverweigerer im Land Brandenburg
Wortlaut der Kleinen Anfrage 364 vom 29.03.2000:
Einer Studie zufolge verweigern in der Bundesrepublik Deutschland bis zu 70 000 Kinder und Jugendliche ständig den Schulbesuch. In Großstädten soll es sogar Extremfälle geben, in denen
bis zu einem Drittel der Schüler einer Schule dem Unterricht
fern bleiben. Grundlage für die Studie waren die Befragung der
Kultusministerien der Bundesländer und Expertenanhörungen.
Ich frage die Landesregierung:
1.
Ist der Landesregierung eine möglichst konkrete Zahl der im
Land Brandenburg lebenden Schulverweigerer bekannt?
2.
Wie ist die Aufteilung auf die einzelnen Schulämter?
3.
Falls keine Zahlen vorliegen, warum erfolgt keine Erfassung?
Namens der Landesregierung beantwortet der Minister für Bildung,
Jugend und Sport die Kleine Anfrage wie folgt:
Jugend und Sport die Kleine Anfrage wie folgt:
zu Frage 1:
Der Landesregierung liegen solche Zahlen nicht vor.
zu Frage 2:
siehe Antwort zu Frage 1
Datum des Eingangs: 16.05.2000 / Ausgegeben: 22.05.2000

zu Frage 3:
Die Schulen sind verpflichtet, unentschuldigte Fehlzeiten (Einzelstunden und Fehltage) der Schülerinnen und Schüler zu erfassen und entsprechende Maßnahmen einzuleiten. Da das Ausmaß unentschuldigter Fehlzeiten und deren Ursachen sehr unterschiedlich sind, kann anhand dieser Daten nicht auf die Zahl der
Schulverweigerer geschlossen werden.
Eine gesonderte Erhebung von schulverweigernden Schülerinnen und
Schülern setzt voraus, dass ""Schulverweigerung"" abschließend
definiert wird. In der erziehungswissenschaftlichen Literatur
reicht das Erscheinungsspektrum der ""Schulverweigerung"" von
Passivität und vollständigem Desinteresse am Unterricht bis zum
zeitweisen oder völligen Fernbleiben vom Unterricht. Die zahlenmäßige Erfassung dieser Sachverhalte wäre weder sinnvoll noch
aussagefähig."
222,17131500000,171315,0,Begnadigung für Politbüromitglieder,171315_222c2a79a09812567f13ea447bb322ca26070245.pdf,1,2,1886,248,https://fragdenstaat.de/dokumente/171315-begnadigung-fur-politburomitglieder/,https://media.frag-den-staat.de/files/docs/b7/27/61/b727616ad76e4f96b15acaa8667437b0/222c2a79a09812567f13ea447bb322ca26070245.pdf,,,b727616a-d76e-4f96-b15a-caa8667437b0,C:\Users\Admin\Desktop\OpenLens\Texte\171315_222c2a79a09812567f13ea447bb322ca26070245.txt,C:\Users\Admin\Desktop\OpenLens\Bereinigte_Texte\171315_171315_222c2a79a09812567f13ea447bb322ca26070245.txt,"Landtag Brandenburg
Drucksache 3/453
3. Wahlperiode
Antwort
der Landesregierung
auf die Kleine Anfrage Nr. 150
des Abgeordneten Werner Firneburg
Fraktion der DVU
LT-Drucksache 3/309
Begnadigung für Politbüromitglieder
Begnadigung für Politbüromitglieder
Wortlaut der Kleinen Anfrage Nr. 150 vom 7. Dezember 1999:
Ich frage die Landesregierung:
1.
Ist die Landesregierung der Auffassung, daß die rechtskräftig verurteilten Mitglieder des ehemaligen Politbüros der
SED vom Haftantritt verschont bzw. begnadigt werden sollten?
2.
Wenn nein: Ist die Landesregierung der Auffassung, daß die
ehemaligen Mitglieder des Politbüros zwar einen Teil ihrer
Strafen verbüßen, aber danach begnadigt werden sollten?
3.
Hält die Landesregierung weitere Strafprozesse gegen ehemalige führende Mitglieder des DDR-Staatsapparates bzw. der
ehemaligen SED-Führungsspitze für erforderlich?
Datum des Eingangs: 11.01.2000 / Ausgegeben: 17.01.2000

Namens
ns der Landesregierung beantwortet der Minister der Justiz
und für Europaangelegenheiten die Kleine Anfrage wie folgt:
und für Europaangelegenheiten die Kleine Anfrage wie folgt:
Zu Fragen 1 und 2:
Die Fragen fallen ausschließlich in den Zuständigkeitsbereich
des Senators für Justiz des Landes Berlin.
Zu Frage 3:
Nach dem in § 152 Abs. 2 der StPO gesetzlich verankerten Legalitätsprinzip ist die Staatsanwaltschaft, soweit nicht gesetzlich
ein anderes bestimmt ist, verpflichtet, wegen aller verfolgbaren
Straftaten einzuschreiten, sofern zureichende tatsächliche Anhaltspunkte vorliegen. Das Legalitätsprinzip bedeutet Verfolgungszwang, und zwar gegen jeden Verdächtigen, und, wenn die
Voraussetzungen dafür bestehen, Anklagezwang. Mit dem Legalitätsprinzip sollen die Grundsätze der Gleichheit vor dem Gesetz
(Artikel 3 Abs. 1 Grundgesetz) und der Gerechtigkeit verwirklicht werden. Daran sind auch die Strafverfolgungsbehörden Brandenburgs gebunden."
223,17131800000,171318,0,Förderbescheid für Fliesenwerk in Lauchhammer aufgehoben,171318_5f6ec1e136380aa316379afa0271116f3af058a9.pdf,1,2,2146,289,https://fragdenstaat.de/dokumente/171318-forderbescheid-fur-fliesenwerk-in-lauchhammer-aufgehoben/,https://media.frag-den-staat.de/files/docs/16/2b/d6/162bd6aca08d4c40a6b30f66e0c2031a/5f6ec1e136380aa316379afa0271116f3af058a9.pdf,,,162bd6ac-a08d-4c40-a6b3-0f66e0c2031a,C:\Users\Admin\Desktop\OpenLens\Texte\171318_5f6ec1e136380aa316379afa0271116f3af058a9.txt,C:\Users\Admin\Desktop\OpenLens\Bereinigte_Texte\171318_171318_5f6ec1e136380aa316379afa0271116f3af058a9.txt,"Landtag Brandenburg
Drucksache 3/522
3. Wahlperiode
Antwort
der Landesregierung
auf die Kleine Anfrage Nr. 185
des Abgeordneten Sigmar-Peter Schuldt
Fraktion der DVU
Drucksache 3/368
Wortlaut der Kleinen Anfrage Nr. 185 vom 17.12.1999:
Förderbescheid für Fliesenwerk in Lauchhammer aufgehoben
Förderbescheid für Fliesenwerk in Lauchhammer aufgehoben
Ich frage die Landesregierung:
1.
Ist es zutreffend, dass der Ministerpräsident des Landes
Brandenburg an der Grundsteinlegung für ein Fliesenwerk im
Industriepark Lauchhammer - Süd am 23. August dieses Jahres
teilgenommen hat?
2.
Welche politischen Persönlichkeiten des Landes nahmen außerdem an der unter 1. genannten Grundsteinlegung teil?
3.
Hatte die unter 1. genannte Grundsteinlegung einen wahlkampfähnlichen Charakter?
4.
Fehlte bereits bei der unter 1. genannten Grundsteinlegung
des Fliesenwerkes ein plausibles Wirtschaftslichkeitskonzept des Investors?
5.
Aus welchen konkreten Gründen wurde der Förderbescheid für
das unter 1. genannte Fliesenwerk durch das Wirtschaftsministerium aufgehoben?
6.
Konnte der Investor des unter 1. genannten Fliesenwerkes
der Forderung der InvestitionsBank des Landes Brandenburg
(ILB) nach einem stimmigen Finanzierungsmodell nicht nachkommen? Wenn ja, welche Anforderungen wurden an dieses
Finanzierungsmodell gestellt?
Datum des Eingangs: 19.01.2000 / Ausgegeben: 24.01.2000

Namens der Landesregierung beantwortet der Minister für Wirtschaft die Kleine Anfrage wie folgt:
schaft die Kleine Anfrage wie folgt:
Zu Frage 1:
Es trifft zu, dass der Ministerpräsident des Landes Brandenburg
an der Grundsteinlegung am 23.08.1999 zur Errichtung eines Fliesenwerkes teilgenommen hat.
Zu Frage 2:
Als weitere Persönlichkeiten haben an der Grundsteinlegung der
Landrat des Kreises Oberspreewald-Lausitz und der Bürgermeister
der Stadt Lauchhammer teilgenommen.
Zu Frage 3:
Nein. Auf Einladung von Investoren nimmt der Ministerpräsident
seit seinem Amtsantritt an zahlreichen Firmeneinweihungen,
Grundsteinlegungen o. ä. teil.
Zu den Fragen 4 bis 6:
Aus Gründen des Vertrauensschutzes gegenüber dem Investor werden
zu diesen Fragen keine Ausführungen gemacht."
224,17132200000,171322,0,Anregungen des Landesrechnungshofs zur Anpassung der Gesellschaftsverträge kommunaler Unternehmen,171322_d08d3d24adc21652aded550588fc68aa5133e9de.pdf,1,1,2187,290,https://fragdenstaat.de/dokumente/171322-anregungen-des-landesrechnungshofs-zur-anpassung-der-gesellschaftsvertrage-kommunaler-unternehmen/,https://media.frag-den-staat.de/files/docs/d8/f9/c8/d8f9c84bab7f422cbee5c3a4ca017df0/d08d3d24adc21652aded550588fc68aa5133e9de.pdf,,,d8f9c84b-ab7f-422c-bee5-c3a4ca017df0,C:\Users\Admin\Desktop\OpenLens\Texte\171322_d08d3d24adc21652aded550588fc68aa5133e9de.txt,C:\Users\Admin\Desktop\OpenLens\Bereinigte_Texte\171322_171322_d08d3d24adc21652aded550588fc68aa5133e9de.txt,"Landtag Brandenburg
Drucksache 3/499
3. Wahlperiode
Antwort
der Landesregierung
auf die Kleine Anfrage Nr. 181
des Abgeordneten Ralf Christoffers
Fraktion der PDS
Drucksache 3/364
Anregungen
egungen des Landesrechnungshofes zur Anpassung der Gesellschaftsverträge kommunaler Unternehmen
schaftsverträge kommunaler Unternehmen
Wortlaut der Kleinen Anfrage Nr. 181 vom 17.12.1999:
Der Landesrechnungshof hat in seinem Jahresbericht 1999 Aspekte
der wirtschaftlichen Betätigung der kreisfreien Städte und der
Landkreise geprüft.
Dabei wurde durch den LRH angeregt eine Gesetzesregelung vorzunehmen, mit der eine Anpassung der Gesellschaftsverträge kommunaler Unternehmen die vor dem 05.11.1993 gegründet wurden an
das geltende Gemeindewirtschaftsrecht erreicht wird.
In diesem Zusammenhang frage ich die Landesregierung:
In welcher Art und Weise beabsichtigt die Landesregierung mit
dem obengenannten Hinweis des LRH weiter zu verfahren?
Namens
ns der Landesregierung beantwortet der Minister des Innern
die Kleine Anfrage wie folgt:
die Kleine Anfrage wie folgt:
Zwischen der Landesregierung Brandenburg und dem Landesrechnungshof besteht seit langem Einvernehmen darüber, dass bei der
nächsten Novellierung der Gemeindeordnung eine Regelung aufgenommen werden sollte, nach der alle Gesellschaftsverträge kommunaler Gesellschaften den geltenden gemeindewirtschaftlichen
Regelungen anzupassen sind.
Das sollte jedoch nicht nur für die Gesellschaften gelten, die
bis zum 05.12.1993 (das Datum in der Anfrage ""05.11.1993"" ist
offenkundig ein Schreibfehler) gegründet worden sind und somit
nicht unter den Genehmigungsvorbehalt nach § 110 Abs. 1 und 4
der neuen Gemeindeordnung Brandenburg fallen, sondern generell
für alle Gesellschaften, da durch die Genehmigungsfiktion gem.
§ 110 Abs. 4 Satz 2 GO nicht ausgeschlossen werden kann, dass
Gesellschaftsverträge wirksam in Kraft getreten sind, ohne dass
die zuständige Kommunalaufsichtsbehörde rechtzeitig vor Ablauf
der Zwei-Monatsfrist ihren Änderungsbedarf mitgeteilt hat.
Eine vergleichbare Regelung ist bereits in der Gemeindeordnung
des Landes Baden-Württemberg aufgenommen worden.
Datum des Eingangs: 14.01.2000 / Ausgegeben: 20.01.2000"
225,17142200000,171422,0,Kirchenasyl im Land Brandenburg,171422_c889af84dfb0bfb6b6c4267d2b00717bc98e5116.pdf,1,2,1941,277,https://fragdenstaat.de/dokumente/171422-kirchenasyl-im-land-brandenburg/,https://media.frag-den-staat.de/files/docs/b3/42/8f/b3428f56f6364de180123fc7162990bb/c889af84dfb0bfb6b6c4267d2b00717bc98e5116.pdf,,,b3428f56-f636-4de1-8012-3fc7162990bb,C:\Users\Admin\Desktop\OpenLens\Texte\171422_c889af84dfb0bfb6b6c4267d2b00717bc98e5116.txt,C:\Users\Admin\Desktop\OpenLens\Bereinigte_Texte\171422_171422_c889af84dfb0bfb6b6c4267d2b00717bc98e5116.txt,"Landtag Brandenburg
Drucksache 3/2209
3. Wahlperiode
Antwort
der Landesregierung
auf die Kleine Anfrage Nr. 824
des Abgeordneten Sigmar-Peter Schuldt
Fraktion der DVU
Drucksache 3/2028
Kirchenasyl im Land Brandenburg
Kirchenasyl im Land Brandenburg
Wortlaut der Kleinen Anfrage Nr. 824 vom 16.11.2000:
In einer ORB-Sendung vom 09. 11. 2000 erklärte ein Pfarrer einer
evangelischen Kirchengemeinde, dass er im Falle einer drohenden
Abschiebung einer vietnamesischen Familie dieser Kirchenasyl
gewähren wolle.
Ich frage die Landesregierung:
1.
Wie viele Fälle so genannten Kirchenasyls rechtskräftig
abgelehnter Asylbewerber gab es nach Erkenntnissen der
Landesregierung in Brandenburg in der Zeit vom 01.01.1991
bis 31.10.2000 (bitte detaillierte Aufschlüsselung)?
2.
Wie vereinbart sich nach Auffassung der Landesregierung die
Gewährung so genannten Kirchenasyls mit der gültigen Gesetzeslage in Brandenburg?
3.
Ist die Landesregierung der Auffassung, dass kanonisches
Recht höherwertig als gültiges staatliches Recht ist bzw.
dieses brechen kann?
4.
Welche Maßnahmen will die Landesregierung gegen die Gewährung so genannten Kirchenasyls an rechtskräftig abgelehnte
Asylbewerber und andere Personen im Land Brandenburg in
Zukunft ergreifen?
Datum des Eingangs: 05.01.2001 / Ausgegeben: 10.01.2001

Namens
ns der Landesregierung beantwortet der Minister des Innern
die Kleine Anfrage wie folgt:
die Kleine Anfrage wie folgt:
zu Frage 1:
Eine Statistik hinsichtlich der Fälle des sogenannten Kirchenasyls in Brandenburg wird nicht geführt. Seit Mitte des Jahres
1999 bis 31.10.2000 sind dem Innenministerium vier Fälle bekannt
geworden.
zu den Fragen 2 und 4:
Die Gewährung von ""Kirchenasyl"" steht mit der geltenden Gesetzeslage nicht in Einklang, wenn es dazu dient, eine Ausreiseverpflichtung bzw. deren Durchsetzung zu unterlaufen. Die Problematik des ""Kirchenasyls"" wurde wiederholt mit Vertretern der Kirche diskutiert.
zu Frage 3:
Nein."
226,17144700000,171447,0,Pflegeversicherungsbericht,171447_b660a5c881a6f0fbb4b5c2788c8477e2f5eeccd5.pdf,1,2,2353,308,https://fragdenstaat.de/dokumente/171447-pflegeversicherungsbericht/,https://media.frag-den-staat.de/files/docs/95/86/11/9586110fed0b4e2fabfb3868110710da/b660a5c881a6f0fbb4b5c2788c8477e2f5eeccd5.pdf,,,9586110f-ed0b-4e2f-abfb-3868110710da,C:\Users\Admin\Desktop\OpenLens\Texte\171447_b660a5c881a6f0fbb4b5c2788c8477e2f5eeccd5.txt,C:\Users\Admin\Desktop\OpenLens\Bereinigte_Texte\171447_171447_b660a5c881a6f0fbb4b5c2788c8477e2f5eeccd5.txt,"Landtag Brandenburg
Drucksache 3/2033
3. Wahlperiode
Antwort
der Landesregierung
auf die Kleine Anfrage 771
der Abgeordneten Kerstin Bednarsky
Fraktion der PDS
Drucksache 3/1890
Pflegeversicherungsbericht
Pflegeversicherungsbericht
Wortlaut der Kleinen Anfrage 771 vom 20.10.2000:
Der Landtag Brandenburg hat der Landesregierung mit Beschluss
vom 20.11.1996 (Drucksache 2/3287-B) aufgegeben, in Drei-Jahres-
Abständen erstmals im Juli 1997 einen Brandenburger Pflegeversicherungsbericht vorzulegen. Der erste Bericht ist im September
1997 erschienen. Nach dem genannten Landtags-Beschluss ist ein
erneuter Bericht im Jahr 2000 vorzulegen.
Meine Frage lautet:
Wann wird die Landesregierung den 2. Brandenburger Pflegeversicherungsbericht vorlegen?
Namens der Landesregierung beantwortet der Minister für Arbeit,
der Minister für Arbeit,
Soziales, Gesundheit und Frauen die Kleine Anfrage wie folgt:
Soziales, Gesundheit und Frauen die Kleine Anfrage wie folgt:
Am 24. November 1999 ist die Verordnung zur Durchführung einer
Bundesstatistik über Pflegeeinrichtungen sowie über häusliche
Pflege (Pflegestatistik-Verordnung) in Kraft getreten. Damit
sollen umfassende und zuverlässige Daten über Einrichtungen zur
stationären pflegerischen Versorgung, über deren personelle
Ausstattung sowie über die von den Einrichtungen betreuten Pflegebedürftigen bereitgestellt werden. Die entsprechenden Erhebungen werden zweijährlich, erstmalig zum 15. Dezember 1999 durchgeführt. Da die Erhebung und Auswertung der Daten über die jeweiligen Landesämter für Datenverarbeitung und Statistik erfolgt, werden die Angaben nicht nur bundesweit, sondern auch
landesweit vorliegen. Mit der Vorlage des ausgewerteten Datenmaterials durch das Landesamt für Datenverarbeitung und Statistik ist noch im Jahr 2000 zu rechnen.
Die Landesregierung wird unmittelbar anschließend den zuständigen Ausschuss des Landtags über die Angaben unterrichten.
Datum des Eingangs: 21.11.2000 / Ausgegeben: 27.11.2000

Der Beschluss des Landtages vom 20.11.1996, die Landesregierung
in Drei-Jahres-Abständen zur Vorlage von Brandenburger Pflegeversicherungsberichten zu verpflichten, hat sich gemäß §104 der
Geschäftsordnung des Landtages zum Ende der 2. Wahlperiode erledigt. Der Landtag hat den Beschluss - im Gegensatz zu anderen
Beratungsmaterialien - nicht in die 3. Wahlperiode übertragen."
227,17147400000,171474,0,Parteispende der West LB,171474_ac6a879b1c52bdf85c51df330487f7ac611a0fd8.pdf,1,2,2392,347,https://fragdenstaat.de/dokumente/171474-parteispende-der-west-lb/,https://media.frag-den-staat.de/files/docs/c4/ce/da/c4ceda4e363543eb9cdd1d9e6a1a1a42/ac6a879b1c52bdf85c51df330487f7ac611a0fd8.pdf,,,c4ceda4e-3635-43eb-9cdd-1d9e6a1a1a42,C:\Users\Admin\Desktop\OpenLens\Texte\171474_ac6a879b1c52bdf85c51df330487f7ac611a0fd8.txt,C:\Users\Admin\Desktop\OpenLens\Bereinigte_Texte\171474_171474_ac6a879b1c52bdf85c51df330487f7ac611a0fd8.txt,"Landtag Brandenburg
Drucksache 3/987
3. Wahlperiode
Antwort
der Landesregierung
auf die Kleine Anfrage Nr. 303
des Abgeordneten Werner Firneburg
Fraktion der DVU
Drucksache 3/729
Parteispenden der West LB
Parteispenden der West LB
Wortlaut der Kleinen Anfrage Nr. 303 vom 6. März 2000:
Ich frage die Landesregierung:
1.
Welchen politischen Parteien im Lande Brandenburg hat die
West LB nach Erkenntnissen der Landesregierung seit 1990
Spenden oder andere geldwerte Leistungen bzw. Wahlkampfhilfen gewährt?
2.
Ist es nach Erkenntnissen der Landesregierung zutreffend,
daß im Jahre 1990 von der West LB ein Berliner Verbindungsbüro finanziert wurde, und welchen Nutzen haben welche
politischen Parteien daraus gezogen?
3.
Hatten alle Parteien, die sich 1990 am Bundestagswahlkampf
beteiligten, von diesem Büro Kenntnis? Wurde das Büro öffentlich bekannt gemacht?
4.
Liegen der Landesregierung Erkenntnisse darüber vor, daß
außer der West LB auch andere öffentlich-rechtliche Unternehmen Spenden an politische Parteien in Brandenburg leisten und leisteten?
5.
Ist der Landesregierung bekannt, daß in den Jahren 1992/93
in Bremen ein Untersuchungsausschuß verhandelte, um unter
anderem die Spendenpraxis der Bremer Stadtwerke zu Gunsten
der SPD und des Bremer Bürgermeisters aufzuklären?
6.
Ist der Landesregierung bekannt, daß die Bundes-SPD zwei
Spenden in Höhe von jeweils 20 000,00 DM an die Bremer
Stadtwerke zurücküberwies, nachdem die Spenden der Öffentlichkeit bekannt wurden?
Datum des Eingangs: 14.04.2000 / Ausgegeben: 19.04.2000

7.
Ist der Landesregierung bekannt, daß der Bremer Untersuchungsausschuß ""Stadtwerke"" zu dem Ergebnis kam, daß Spenden von öffentlich-rechtlichen Unternehmen bzw. von Unternehmen mit staatlicher Beteiligung an politische Parteien
unzulässig sind?
8.
Sieht die Landesregierung Veranlassung, auf die Landes-SPD
einzuwirken, damit diese eine Spende von 25 000,00 DM an
die West LB zurücküberweist, ähnlich wie seinerzeit die
Bundes-SPD an die Bremer Stadtwerke?
Namens der Landesregierung beantwortet der Chef der Staatskanzder Chef der Staatskanzlei die Kleine Anfrage wie folgt:
lei die Kleine Anfrage wie folgt:
zu Fragen 1 bis 3:
Der Gegenstand dieser Fragen berührt die Zeit vor Bildung der
ersten Regierung des Landes Brandenburg; außerdem handelt es
sich um Vorgänge außerhalb des Zuständigkeitsbereiches der Landesregierung.
zu Fragen 4 bis 8:
Nein."
228,17151600000,171516,0,Absicherung der Polizeireform durch eine Veränderungssperre,171516_ffafcaf308abd2d59fdddeb2eb3ca5ee3c3cdbe8.pdf,1,1,2306,291,https://fragdenstaat.de/dokumente/171516-absicherung-der-polizeireform-durch-eine-veranderungssperre/,https://media.frag-den-staat.de/files/docs/ae/28/8b/ae288bc8f9d54787934c3e6d58470c02/ffafcaf308abd2d59fdddeb2eb3ca5ee3c3cdbe8.pdf,,,ae288bc8-f9d5-4787-934c-3e6d58470c02,C:\Users\Admin\Desktop\OpenLens\Texte\171516_ffafcaf308abd2d59fdddeb2eb3ca5ee3c3cdbe8.txt,C:\Users\Admin\Desktop\OpenLens\Bereinigte_Texte\171516_171516_ffafcaf308abd2d59fdddeb2eb3ca5ee3c3cdbe8.txt,"Landtag Brandenburg
Drucksache 3/2205
3. Wahlperiode
Antwort
der Landesregierung
auf die Kleine Anfrage Nr. 821
des Abgeordneten Dierk Homeyer
Fraktion der CDU
Drucksache 3/2025
Absicherung der Polizeireform durch eine Veränderungssperre
Absicherung der Polizeireform durch eine Veränderungssperre
Wortlaut der Kleinen Anfrage Nr. 821 vom 16.11.2000:
Das Konzept der Landesregierung für die Polizeireform beinhaltet
u. a., durch Straffung von Hierarchien und Einsparung von Leitungspositionen (""Häuptlinge"") Sach- und Finanzmittel freizusetzen, um hierdurch die Belegung des vom Landtag beschlossenen
Sparsolls der Polizei bei gleichzeitiger Erhöhung der Sicherheit
durch Verstärkung der Revierpolizisten um 200 Stellen zu gewährleisten.
Ich frage die Landesregierung:
Ist beabsichtigt, diese Zielsetzung durch eine Veränderungssperre, insbesondere einen temporären Verzicht auf Ernennungen und
Beförderungen, abzusichern, um hierdurch eine die Polizeireform
möglicherweise behindernde Verfestigung bestehender Strukturen
und die Verengung der Handlungsspielräume der Landesregierung zu
verhindern?
Namens
ns der Landesregierung beantwortet der Minister des Innern
die Kleine Anfrage wie folgt:
die Kleine Anfrage wie folgt:
Die Polizeireform hat grundsätzlich keinen Einfluss auf die nach
Haushaltslage möglichen Beförderungen und Ernennungen. Entsprechend der bisherigen Praxis in den vergangenen Haushaltsjahren
werden auch während und nach Umsetzung der Polizeistrukturreform
im Rahmen verfügbarer Personalmittel Beförderungen und Ernennungen in den Polizeibehörden und -einrichtungen vorgenommen werden. Dies wird z.B. dadurch belegt, dass im Jahre 2000 bislang
Haushaltsmittel für rund 370 Beförderungsvorgänge zur Verfügung
gestellt werden konnten. 
Lediglich von Beförderungen und Ernennungen in den wenigen Spitzenämtern ab BesGr. A 15 wird zunächst abgesehen, bis die Auswirkungen der Polizeistrukturreform in personeller Hinsicht
deutlich sind. Nur so kann gewährleistet werden, dass die durch
die Polizeireform erforderlich werdenden Personalmaßnahmen nicht
unnötig erschwert werden. Die durch das Moratorium eingesparten
Mittel werden den Beschäftigten des mittleren und gehobenen
Dienstes bzw. vergleichbaren Angestellten zugute kommen.
Datum des Eingangs: 28.12.2000 / Ausgegeben: 03.01.2001"
229,17153300000,171533,0,Bußgeldverfahren nach dem Betriebsverfassungsgesetz,171533_5433c30663c68a12edbd5cfa16f98d55980f8556.pdf,1,2,2110,285,https://fragdenstaat.de/dokumente/171533-bugeldverfahren-nach-dem-betriebsverfassungsgesetz/,https://media.frag-den-staat.de/files/docs/e9/00/81/e900812a1e5d4ce39a8ee4c87e7de654/5433c30663c68a12edbd5cfa16f98d55980f8556.pdf,,,e900812a-1e5d-4ce3-9a8e-e4c87e7de654,C:\Users\Admin\Desktop\OpenLens\Texte\171533_5433c30663c68a12edbd5cfa16f98d55980f8556.txt,C:\Users\Admin\Desktop\OpenLens\Bereinigte_Texte\171533_171533_5433c30663c68a12edbd5cfa16f98d55980f8556.txt,"Landtag Brandenburg
Drucksache 3/4211
3. Wahlperiode
Antwort
der Landesregierung
auf die Kleine Anfrage Nr. 1548
des Abgeordneten Thomas Domres
Fraktion der PDS
Landtagsdrucksache 3/4030
Bußgeldverfahren nach dem Betriebsverfassungsgesetz
(Kurzbezeichnung des Wortlautes der Kleinen Anfrage Nr. 1548 vom 15.03.2002)
Wortlaut der Kleinen Anfrage Nr. 1548 vom 15.03.2002:
Das Betriebsverfassungsgesetz regelt in § 121 die Bußgeldvorschriften in Ordnungswidrigkeiten-Angelegenheiten. Zuständig für die Verfahren ist im Land Brandenburg das Ministerium
für Arbeit, Soziales, Gesundheit und Frauen.
Ich frage die Landesregierung:
1.
Wie viele Anzeigen gem. § 121 BetrVG sind im Jahr 2001 eingegangen?
2.
In wie vielen Fällen wurde ein Bußgeld ausgesprochen?
3.
Wie werden die Anzeigen bearbeitet? In welcher Form und im Zusammenhang mit
welchen Verfahrensschritten wird der Anzeigende über die Bearbeitung informiert?
Entspricht dieses Verfahren der Praxis anderer Bundesländer?
Namens der Landesregierung beantwortet der Minister für Arbeit, Soziales, Gesundheit und
Frauen die Kleine Anfrage wie folgt:
zu Frage 1:
Im Jahr 2001 ging eine Anzeige gem. § 121 BetrVG ein.
zu Frage 2:
Im Jahr 2001 wurde kein Bußgeld ausgesprochen.
Datum des Eingangs: 18.04.2002 / Ausgegeben: 23.04.2002

zu Frage 3:
Grundsätzlich werden Anzeigen nach § 121 Betriebsverfassungsgesetz (BetrVG) wie folgt
bearbeitet: Nach Eingang wird ein Einzelvorgang mit Aktenzeichen angelegt. Hierüber erhält
der Anzeigende zusammen mit dem Hinweis, dass der Beschuldigte zunächst angehört
werden muss, eine Mitteilung. Gleichzeitig wird der Beschuldigte um Stellungnahme zu der
Anzeige gebeten. Nach Eingang wird diese wiederum dem Anzeigenden mit der Möglichkeit
zur Stellungnahme seinerseits übersandt. 
Über die Entscheidung, von der Einleitung eines Bußgeldverfahrens abzusehen, wird der
Anzeigende informiert. Gleiches gilt bei Durchführung eines Ermittlungsverfahrens über
dessen Ausgang. 
Der Anzeigende ist also grundsätzlich über alle wesentliche Verfahrenschritte zu informieren.
Dies entspricht auch der Praxis in anderen Bundesländern."
230,17162900000,171629,0,Alkoholmißbrauch,171629_3b323c33d0018912273ff0de166e95099aa01b70.pdf,1,2,1702,237,https://fragdenstaat.de/dokumente/171629-alkoholmibrauch/,https://media.frag-den-staat.de/files/docs/9b/7a/54/9b7a54ca9ec74084b92c8928fff24f0a/3b323c33d0018912273ff0de166e95099aa01b70.pdf,,,9b7a54ca-9ec7-4084-b92c-8928fff24f0a,C:\Users\Admin\Desktop\OpenLens\Texte\171629_3b323c33d0018912273ff0de166e95099aa01b70.txt,C:\Users\Admin\Desktop\OpenLens\Bereinigte_Texte\171629_171629_3b323c33d0018912273ff0de166e95099aa01b70.txt,"Landtag Brandenburg
Drucksache 3/220
3. Wahlperiode
Antwort
der Landesregierung
auf die Kleine Anfrage Nr. 22
des Abgeordneten Michael Claus
Fraktion der DVU
Landtagsdrucksache 3/46
Alkoholmißbrauch
Alkoholmißbrauch
Wortlaut der Kleinen Anfrage Nr. 22 vom 20. Oktober 1999:
Ich frage die Landesregierung:
1.
Wie viele alkoholabhängige Personen gibt es im Land Brandenburg?
2.
Wie viele Straftaten wurden unter Alkoholeinfluss im Land
Brandenburg in den Jahren 1995, 1996, 1997 und 1998 verübt?
3.
Wie viele Straftaten wurden anlässlich von Diskothekenoder Gaststättenbesuchen in den zuvor genannten Jahren im
Land Brandenburg polizeilich erfasst und wieviele Verurteilungen gab es?
Datum des Eingangs: 22.11.1999 / Ausgegeben: 29.11.1999

Namens der Landesregierung beantwortet der Minister für Arbeit,
der Minister für Arbeit,
Soziales, Gesundheit und Frauen die Kleine Anfrage wie folgt:
Soziales, Gesundheit und Frauen die Kleine Anfrage wie folgt:
zu Frage 1:
Nach bundesweit geltenden Schätzzahlen gibt es im Land Brandenburg ca. 76.000 Alkoholabhängige.
zu Frage 2:
Nachfolgend aufgeführte Straftaten wurden unter Alkoholeinfluss
verübt:

10.435 Fälle bzw. 7,5 % aller aufgeklärten Straftaten

10.942 Fälle bzw. 7,6 % aller aufgeklärten Straftaten

10.997 Fälle bzw. 7,7 % aller aufgeklärten Straftaten

10.816 Fälle bzw. 7,4 % aller aufgeklärten Straftaten
zu Frage 3:
Straftaten anlässlich von Diskotheken- oder Gaststättenbesuchen
werden in der Polizeilichen Kriminalstatistik nicht erfasst und
sind deshalb auch nicht recherchierbar.
Hinsichtlich der Frage nach Verurteilungen kann keine Antwort
gegeben werden, weil die Strafverfolgungsstatistik nicht nach
bestimmten Tatorten unterscheidet."
231,17165000000,171650,0,Neue Grenzübergänge,171650_71d428e7c5ae65689eec55d18ed242b22f90d502.pdf,1,1,1837,263,https://fragdenstaat.de/dokumente/171650-neue-grenzubergange/,https://media.frag-den-staat.de/files/docs/21/93/99/219399970f60402cb4dcdddaf558c6b2/71d428e7c5ae65689eec55d18ed242b22f90d502.pdf,,,21939997-0f60-402c-b4dc-dddaf558c6b2,C:\Users\Admin\Desktop\OpenLens\Texte\171650_71d428e7c5ae65689eec55d18ed242b22f90d502.txt,C:\Users\Admin\Desktop\OpenLens\Bereinigte_Texte\171650_171650_71d428e7c5ae65689eec55d18ed242b22f90d502.txt,"Landtag Brandenburg
Drucksache 3/404
3. Wahlperiode
Antwort
der Landesregierung
auf die Kleine Anfrage Nr. 103
des Abgeordneten Michael Claus
Fraktion der DVU
Drucksache 3/203
Neue Grenzübergänge
Neue Grenzübergänge
Wortlaut der Kleinen Anfrage Nr. 103 vom 23.11.1999:
Ich frage die Landesregierung:
1.
Warum ist die Planung neuer Grenzübergänge vom Ausschuss
für grenznahe Fragen der deutsch-polnischen Regierungskommission auf Wunsch der polnischen Seite verschoben worden?
2.
Wann werden neue Übergänge nördlich Schwedts, bei Bad Freienwalde und Aurith, eröffnet?
3.
Ist es zutreffend, dass Ministerpräsident Manfred Stolpe im
Juli dieses Jahres angekündigt hat, eine Vereinbarung über
neue Grenzübergänge werde noch in diesem Jahr unterzeichnet? Wenn ja, wird der Termin eingehalten?
Namens
ns der Landesregierung beantwortet der Minister der Justiz
und für Europaangelegenheiten die Kleine Anfrage wie folgt:
und für Europaangelegenheiten die Kleine Anfrage wie folgt:
zu Frage 1:
Der Ausschuss für grenznahe Zusammenarbeit der Deutsch-Polnischen Regierungskommission verfügt nicht über die Kompetenz der
Planung neuer Grenzübergänge.
zu Frage 2:
Ein Termin für die Öffnung neuer Grenzübergänge nördlich von
Schwedt sowie bei Bad Freienwalde und Aurith steht noch nicht
fest.
zu Frage 3:
Ministerpräsident Manfred Stolpe hat im Juli dieses Jahres die
Erwartung zum Ausdruck gebracht, dass die Regierungen der Bundesrepublik Deutschland und der Republik Polen noch 1999 ein
Abkommen über die Erhaltung und den Bau von Grenzbrücken in der
Bundesrepublik Deutschland im Zuge von Landes-, Kreis- und Gemeindestraßen, in der Republik Polen im Zuge von öffentlichen
Straßen außerhalb des Netzes der Landesstraßen unterzeichnen.
Mit der Unterzeichnung ist 1999 nicht mehr zu rechnen.
Datum des Eingangs: 04.01.2000 / Ausgegeben: 10.01.2000"
232,17165700000,171657,0,Ausgleichsleistungen zur sozialen Abfederung,171657_cdb4e7883cc0e83761c051eed12910a98669b8f7.pdf,1,1,1929,249,https://fragdenstaat.de/dokumente/171657-ausgleichsleistungen-zur-sozialen-abfederung/,https://media.frag-den-staat.de/files/docs/71/e5/aa/71e5aa883ab742f899ecddc23b5daec4/cdb4e7883cc0e83761c051eed12910a98669b8f7.pdf,,,71e5aa88-3ab7-42f8-99ec-ddc23b5daec4,C:\Users\Admin\Desktop\OpenLens\Texte\171657_cdb4e7883cc0e83761c051eed12910a98669b8f7.txt,C:\Users\Admin\Desktop\OpenLens\Bereinigte_Texte\171657_171657_cdb4e7883cc0e83761c051eed12910a98669b8f7.txt,"Landtag Brandenburg
Drucksache 3/1960
3. Wahlperiode
Antwort
der Landesregierung
auf die Kleine Anfrage 735
der Abgeordneten Liane Hesselbarth
Fraktion der DVU
Landtagsdrucksache 3/1788
Ausgleichsleistungen zur sozialen Abfederung
Ausgleichsleistungen zur sozialen Abfederung
Wie Presseberichten zu entnehmen ist, sind nach Einschätzungen
des Finanzministeriums zusätzliche finanzielle Belastungen für
das Land Brandenburg zu erwarten. Die Entfernungspauschale
schlägt mit rund 35 Millionen DM und der Heizkostenzuschuss mit
weiteren 15 Millionen DM dem Landeshaushalt zu Buche.
Ich frage die Landesregierung:
1.
Wie will die Landesregierung die zusätzliche Belastung von
etwa 50 Millionen DM haushaltsrechtlich auffangen?
2.
Wird die Landesregierung über den Bundesrat Alternativvorschläge unterbreiten, um eine zusätzliche Belastung des
Landeshaushaltes zu verhindern?
3.
Wie hoch sind die zusätzlichen Belastungen für die Kommunen
bei der Gewährung von Heizkostenzuschüssen?
Namens der Landesregierung beantwortet die Ministerin der Finanzen die Kleine Anfrage wie folgt:
zen die Kleine Anfrage wie folgt:
Zu Frage 1 und 2:
Die Landesregierung hat in den Diskussionen zum Entwurf des
Gesetzes zur Einführung einer Entfernungspauschale und zur Zahlung eines Heizkostenzuschusses das Vorhaben mit dem Argument
abgelehnt, dass aufgrund der geplanten Neuregelungen die Grenze
finanzieller Belastungen der Länder und Gemeinden erreicht und
sogar überschritten wird. Die Landesregierung hat daher den Bund
aufgefordert, für die durch das Vorhaben der Bundesregierung
entstehenden zusätzlichen finanziellen Belastungen einen vollständigen Ausgleich vorzusehen.
Über diesen Ausgleich soll gleichzeitig mit der Verabschiedung
des Gesetzes beschlossen werden.
Zu Frage 3:
Die geplante Gewährung von Heizkostenzuschüssen wird keine zusätzliche Belastungen für Kommunen verursachen.
Datum des Eingangs: 07.11.2000 / Ausgegeben: 13.11.2000"
233,17165800000,171658,0,Neuorientierung der Schulaufsicht im Land Brandenburg II,171658_636c3fa1844e151f078cdb9dd6397e37d3bfe0ea.pdf,1,1,1797,261,https://fragdenstaat.de/dokumente/171658-neuorientierung-der-schulaufsicht-im-land-brandenburg-ii/,https://media.frag-den-staat.de/files/docs/95/53/3b/95533b4b3289401c91ceeea493e99089/636c3fa1844e151f078cdb9dd6397e37d3bfe0ea.pdf,,,95533b4b-3289-401c-91ce-eea493e99089,C:\Users\Admin\Desktop\OpenLens\Texte\171658_636c3fa1844e151f078cdb9dd6397e37d3bfe0ea.txt,C:\Users\Admin\Desktop\OpenLens\Bereinigte_Texte\171658_171658_636c3fa1844e151f078cdb9dd6397e37d3bfe0ea.txt,"Landtag Brandenburg
Drucksache 3/2875
3. Wahlperiode
Antwort
der Landesregierung
auf die Kleine Anfrage 1073
der Abgeordneten Gerrit Große
Fraktion der PDS
Drucksache 3/2672
Neuorientierung der Schulaufsicht im Land Brandenburg II
Neuorientierung der Schulaufsicht im Land Brandenburg II
Wortlaut der Kleinen Anfrage 1073 vom 12.04.2001:
In ihrer Antwort auf die Kleine Anfrage Nr. 838 (DS 3/2317) hat
die Regierung einige Informationen vorenthalten. Deshalb frage
ich die Landesregierung erneut:
1.
Wie lauten die in der Antwort der Landesregierung auf Frage
1./1 genannten umfangreichen Vorschläge der Projektgruppe
des Ministeriums im Zusammenhang mit dem Vorgang der Abschichtung von Aufgaben?
2.
Gibt es angesichts der Verzögerungen in der Terminplanung,
z.B. bei der Führung der Abschichtungsdiskussion - der
Termin Juli 2000 ist ja nun nicht mehr zu halten - eine
neue Terminplanung und wenn ja, wie sieht diese im Einzelnen aus?
Namens der Landesregierung beantwortet der Minister für Bildung,
Jugend und Sport die Kleine Anfrage wie folgt:
Jugend und Sport die Kleine Anfrage wie folgt:
Zu Frage 1:
Die in der Beantwortung der Kleinen Anfrage 838 benannten umfangreichen Vorschläge sind Vorschläge einer MBJS-internen Projektgruppe, die in einem fortlaufenden Diskussions- und Arbeitsprozess weiterentwickelt werden. Eine abschließende Prüfung und
Entscheidung über diese Vorschläge stehen noch aus.
Zu Frage 2:
Ziel des Ministeriums für Bildung, Jugend und Sport war und ist
es, rechtzeitig vor der Konstituierung der zukünftigen regional
zuständigen staatlichen Schulämter am 1.1.2002 auch die Entscheidung über die Abschichtung der Aufgaben der Schulaufsicht
herbeizuführen. Zeitliche Verzögerungen hat es insoweit nicht
gegeben.
Datum des Eingangs: 06.06.2001 / Ausgegeben: 11.06.2001"
234,17167400000,171674,0,Sprachkurse,171674_795c95546330bcdec989ea2180948e4bcf3683f2.pdf,1,2,2311,314,https://fragdenstaat.de/dokumente/171674-sprachkurse/,https://media.frag-den-staat.de/files/docs/f8/3c/a3/f83ca33b7f2a44d48ddcce392f1d2df8/795c95546330bcdec989ea2180948e4bcf3683f2.pdf,,,f83ca33b-7f2a-44d4-8ddc-ce392f1d2df8,C:\Users\Admin\Desktop\OpenLens\Texte\171674_795c95546330bcdec989ea2180948e4bcf3683f2.txt,C:\Users\Admin\Desktop\OpenLens\Bereinigte_Texte\171674_171674_795c95546330bcdec989ea2180948e4bcf3683f2.txt,"Landtag Brandenburg
Drucksache 3/2877
3. Wahlperiode
Antwort
der Landesregierung
auf die Kleine Anfrage Nr. 1077
des Abgeordneten Michael Claus
Fraktion der DVU
Landtagsdrucksache 3/2696
Sprachkurse
Sprachkurse
Die Bundesregierung und die Zuwanderungskommission unter Vorsitz
von Rita Süssmuth planen für alle Neueinwanderer ab dem 01. Januar 2002 Pflichtkurse in Deutsch. Damit hätten jährlich 180.000
Menschen einen Anspruch auf diese Integrationshilfe. Bisher
stand dieses Recht nur deutschstämmigen Aussiedlern und Asylberechtigten zu.
Ich frage die Landesregierung:
1.
Wie viele Deutschkurse für ausländische Zuwanderer werden
bisher im Land Brandenburg angeboten?
2.
Wer trägt die Ausbildungskosten?
3.
Setzt sich die Landesregierung dafür ein, dass Ausländer zu
Deutschkursen verpflichtet werden sollen? Wenn nein, was
spricht dagegen?
4.
Ist die Landesregierung der Auffassung, dass Lernunwilligen
das Aufenthaltsrecht verweigert werden soll? Wenn nein,
welche Gründe sprechen dagegen?
5.
Wie hoch wäre die Zahl der Sprachkurs-Verpflichteten im
Land Brandenburg? Gibt es genügend Sprachlehrer für den
Fall, dass Deutschkurse Pflicht werden?
Datum des Eingangs: 06.06.2001 / Ausgegeben: 11.06.2001

Namens der Landesregierung beantwortet der Minister für Arbeit,
der Minister für Arbeit,
Soziales, Gesundheit und Frauen die kleine Anfrage wie folgt:
Soziales, Gesundheit und Frauen die kleine Anfrage wie folgt:
zu Frage 1:
Bezogen auf das Jahr 2000 wurden im Land Brandenburg 35 Sprachkurse direkt für ausländische Zuwanderer angeboten, darüber
hinaus nahmen Ausländer an den kontinuierlich stattfindenden
Sprachkursen nach SGB III und der Garantiefonds-richtlinie teil.
zu Frage 2:
Die Kosten dieser Sprachkurse tragen Bund und Länder.
zu Frage 3:
Die Landesregierung begrüßt es, wenn mit der Umsetzung des neuen
Sprachkonzepts der Bundesregierung der Personenkreis der ausländischen Zuwanderer erweitert wird, der Zugang zur geförderten
Sprachausbildung erhält.
zu Frage 4:
Der Meinungsbildungsprozess in der Landesregierung hierzu ist
noch nicht abgeschlossen.
zu Frage 5:
Die Anzahl der zukünftigen Sprachkursteilnehmer hängt vom Inhalt
einer zukünftigen Zuwanderungsregelung ab und kann gegenwärtig
nicht abgesehen werden. Demzufolge sind Aussagen zum Bedarf an
Sprachlehrern zurzeit nicht möglich."
235,17172500000,171725,0,Begrenzung des Lehrerwegzugs,171725_9103bceb1200750149dc799cbc26931c902d0689.pdf,1,2,2158,292,https://fragdenstaat.de/dokumente/171725-begrenzung-des-lehrerwegzugs/,https://media.frag-den-staat.de/files/docs/87/b6/b8/87b6b8dc37064699bfbd306f4d078987/9103bceb1200750149dc799cbc26931c902d0689.pdf,,,87b6b8dc-3706-4699-bfbd-306f4d078987,C:\Users\Admin\Desktop\OpenLens\Texte\171725_9103bceb1200750149dc799cbc26931c902d0689.txt,C:\Users\Admin\Desktop\OpenLens\Bereinigte_Texte\171725_171725_9103bceb1200750149dc799cbc26931c902d0689.txt,"Landtag Brandenburg
Drucksache 3/3436
3. Wahlperiode
Antwort
der Landesregierung
auf die Kleine Anfrage 1272
der Abgeordneten Birgit Fechner
Fraktion der DVU
Drucksache 3/3237
Begrenzung des Lehrerwegzugs
Begrenzung des Lehrerwegzugs
Wortlaut der Kleinen Anfrage 1272 vom 30.08.2001:
Laut Pressemitteilungen dürfen von 130 bisher in Brandenburg
tätigen Lehrern nach Intervention des brandenburgischen Bildungsministeriums nur 44 Lehrer tatsächlich für das kommende
Schuljahr nach Berlin wechseln. Die meisten der abgelehnten
86 Lehrer hätten den Kündigungstermin nicht eingehalten, so ein
Sprecher des Ministeriums. Die Berliner Gewerkschaft für Erziehung und Wissenschaft erhob schwere Vorwürfe und sprach von
moderner Sklaverei.
Ich frage die Landesregierung:
1.
Welche Gründe lagen konkret vor, den 86 Lehrern einen Wechsel zum neuen Schuljahr nach Berlin zu verwehren? Bitte die
Gründe, mit der Benennung der jeweiligen Lehreranzahl einzeln aufschlüsseln!
Namens der Landesregierung beantwortet der Minister für Bildung,
Jugend und Sport die Kleine Anfrage wie folgt:
Jugend und Sport die Kleine Anfrage wie folgt:
Die Gewerkschaft Erziehung und Wissenschaft, Landesverband Berlin, teilte dem Ministerium für Bildung, Jugend und Sport mit
Datum vom 21.9.2001 Folgendes mit:
""Nachdem das Versetzungsverfahren zum Schuljahr 2001/2002 abgeschlossen ist, halten wir nach Prüfung der Sach- und Rechtslage
den Vorwurf der ""modernen Sklaverei"", den wir im Zusammenhang
mit einigen Konfliktfällen erhoben haben, nicht mehr aufrecht.""
Datum des Eingangs: 16.10.2001 / Ausgegeben: 22.10.2001

Danach hat die Gewerkschaft offensichtlich keine Zweifel mehr,
dass die zuständigen staatlichen Schulämter rechtlich einwandfrei gehandelt haben. Es war korrekt, auf der Einhaltung der
gesetzlichen und tariflichen Kündigungsfristen bzw. auf der
Fortdauer der befristeten Arbeitsverhältnisse bis zu ihrem jeweils arbeitsvertraglich vereinbarten Ende zu bestehen.
Die Begründung hierfür war in allen Fällen, dass die Lehrkräfte
bestehende Arbeitsverträge mit dem Land Brandenburg hatten und
dass die Bedarfslage vorzeitige Beendigungen der Arbeitsverhältnisse nicht zuließ."
236,17179800000,171798,0,Drehgestellwerk Vetschau,171798_4fad9316614a34baaf8674a9ef9c2a58e423edb5.pdf,1,1,1352,190,https://fragdenstaat.de/dokumente/171798-drehgestellwerk-vetschau/,https://media.frag-den-staat.de/files/docs/a3/ea/2e/a3ea2e1e919342e893989366a390b386/4fad9316614a34baaf8674a9ef9c2a58e423edb5.pdf,,,a3ea2e1e-9193-42e8-9398-9366a390b386,C:\Users\Admin\Desktop\OpenLens\Texte\171798_4fad9316614a34baaf8674a9ef9c2a58e423edb5.txt,C:\Users\Admin\Desktop\OpenLens\Bereinigte_Texte\171798_171798_4fad9316614a34baaf8674a9ef9c2a58e423edb5.txt,"Landtag Brandenburg
Drucksache 3/230
3. Wahlperiode
Antwort
der Landesregierung
auf die Kleine Anfrage Nr. 46
des Abgeordneten Michael Claus
Fraktion der DVU
Drucksache 3/74
Drehgestellwerk Vetschau
Drehgestellwerk Vetschau
(Kurzbezeichnung des Wortlautes der Kleinen Anfrage Nr. 46 vom
28.10.1999)
Wortlaut der Kleinen Anfrage Nr. 46 vom 28.10.1999
Ich frage die Landesregierung:
1.
Welche Maßnahmen will die Landesregierung ergreifen, um die
Muttergesellschaft des Drehgestellwerks Vetschau dazu zu
bewegen, eine Verlagerung der Produktion von Vetschau nach
Görlitz zu unterlassen?
2.
Welche Maßnahmen will die Landesregierung unternehmen, um
im Falle einer Schließung des Drehgestellwerks Vetschau die
freigestellten Arbeitnehmerinnen und Arbeitnehmer sozial
abzusichern?
Namens der Landesregierung beantwortet der Minister für Wirtschaft die Kleine Anfrage wie folgt:
zu Frage 1:
zu Frage 1:
Ein Ziel der Wirtschaftspolitik des Landes ist der Erhalt und
Ausbau von Industriestandorten und die Sicherung von Arbeitsplätzen.
Die Landesregierung nutzt alle ihr zur Verfügung stehenden Möglichkeiten, dieses Ziel auch am Standort Vetschau zu erreichen.
Konkretere Aussagen zum jetzigen Zeitpunkt gefährden das Erreichen dieses Zieles. 
zu Frage 2:
zu Frage 2:
Siehe Antwort Frage 1, letzter Satz.
Datum des Eingangs: 26.11.1999 / Ausgegeben: 01.12.1999"
237,17180100000,171801,0,Jugendliche bzw. junge Erwachsene ohne Lehrstelle im Land Brandenburg,171801_2b7787d906a504595fbf5d380c1d34f40537c9f2.pdf,1,2,2418,347,https://fragdenstaat.de/dokumente/171801-jugendliche-bzw-junge-erwachsene-ohne-lehrstelle-im-land-brandenburg/,https://media.frag-den-staat.de/files/docs/53/43/39/534339acfff74488b3c198daca952130/2b7787d906a504595fbf5d380c1d34f40537c9f2.pdf,,,534339ac-fff7-4488-b3c1-98daca952130,C:\Users\Admin\Desktop\OpenLens\Texte\171801_2b7787d906a504595fbf5d380c1d34f40537c9f2.txt,C:\Users\Admin\Desktop\OpenLens\Bereinigte_Texte\171801_171801_2b7787d906a504595fbf5d380c1d34f40537c9f2.txt,"Landtag Brandenburg
Drucksache 3/239
3. Wahlperiode
Antwort
der Landesregierung
auf die Kleine Anfrage Nr. 50
der Abgeordneten Birgit Fechner
Fraktion der DVU
Landtagsdrucksache 3/78
Jugendliche bzw. junge Erwachsene ohne Lehrstelle im Land Bran-
Lehrstelle im Land Brandenburg
denburg
Wortlaut der Kleinen Anfrage Nr.50 vom 2.11.1999:
""Ich frage die Landesregierung:
1.
Wie viele Jugendliche bzw. junge Erwachsene im Land Brandenburg haben derzeit (Stand 15.10.1999) keine Lehrstelle
gefunden?
2.
Wie viele der unter 1. genannten Jugendlichen und jungen
Erwachsenen haben keinen qualifizierten Schulabschluß?
3.
Wie viele der unter 1. genannten Jugendlichen bzw. jungen
Erwachsenen mit qualifiziertem Schulabschluß haben
a)
Abitur,
b)
Realschulabschluß,
c)
qualifizierten Hauptschulabschluß,
d)
die unter a), b) oder c) genannten Abschlüsse an einer
Gesamtschule erworben (bitte detaillierte Aufschlüsselung)?""
Datum des Eingangs: 29.11.1999 / Ausgegeben: 06.12.1999

Namens der Landesregierung beantwortet der Minister für Arbeit,
der Minister für Arbeit,
Soziales, Gesundheit und Frauen die Kleine Anfrage wie folgt:
Soziales, Gesundheit und Frauen die Kleine Anfrage wie folgt:
zu Frage 1:
Zahlen zum 15.10.1999 liegen nicht vor. Mit Stand 30.09.1999
hatten im Land Brandenburg 2.389 auf den Arbeitsämtern gemeldete
Jugendliche bzw. junge Erwachsene keine Lehrstelle gefunden. 
zu Frage 2:
Die in Frage 2 und 3 genannten Abschlüsse entsprechen nicht den
nach Schulrecht möglichen Abschlüssen im Land Brandenburg und
auch nicht den von der Bundesanstalt für Arbeit erfassten
Schulabschlüssen, sie müssen darum zugeordnet werden.
Unter “keinen qualifizierten Abschluss” werden die Jugendlichen
ohne Abschluss zugeordnet, das waren 61 ( 2,6%).
zu Frage 3: 
Nach Schulrecht sind qualifizierte Schulabschlüsse im Land Brandenburg:
zu a)
zu a)
Fachhochschulreife und allgemeine Hochschulreife,
diese hatten 268 (11,2%) Personen.
zu
zu b)
b)
Fachoberschulreife sowie Fachoberschulreife mit Berechtigung zum Besuch der Gymnasialen Oberstufe hatten
1.530 (64,0%) Personen.
zu c)
zu c)
Berufsbildungsreife sowie Erweiterte Berufsbildungsreife hatten 530 (22,2%) Personen.
zu
zu d)
d)
Die Frage lässt sich nicht beantworten, weil die Arbeitsämter die Schulformen nicht erfassen und es nachträglich nicht möglich ist, zu ermitteln, wie viele
von den noch nicht vermittelten Bewerbern an einer
Gesamtschule unterrichtet wurden."
238,17182500000,171825,0,Strausberger Immobilienaffäre,171825_d15f07afdab827e805fc0c2b42952e72faead29a.pdf,1,2,2248,312,https://fragdenstaat.de/dokumente/171825-strausberger-immobilienaffare/,https://media.frag-den-staat.de/files/docs/0d/7b/2f/0d7b2f8da6434699965557d056f9daa4/d15f07afdab827e805fc0c2b42952e72faead29a.pdf,,,0d7b2f8d-a643-4699-9655-57d056f9daa4,C:\Users\Admin\Desktop\OpenLens\Texte\171825_d15f07afdab827e805fc0c2b42952e72faead29a.txt,C:\Users\Admin\Desktop\OpenLens\Bereinigte_Texte\171825_171825_d15f07afdab827e805fc0c2b42952e72faead29a.txt,"Landtag Brandenburg
Drucksache 3/3178
3. Wahlperiode
Antwort
der Landesregierung
auf die Kleine Anfrage Nr. 1205
der Abgeordneten Liane Hesselbarth
Fraktion der DVU
Drucksache 3/3077
Strausberger Immobilienaffäre
Wortlaut der Kleinen Anfrage Nr. 1205 vom 18.07.2001:
Laut Pressemeldungen wurde seitens der Stadtverordnetenversammlung der Stadt Strausberg
die Wahl des ehemaligen 1. Beigeordneten zum Vize-Bürgermeister im Jahr 1994 für nichtig
erklärt.
In diesem Zusammenhang verwies Strausbergs Bürgermeister auf eine Anweisung des
Potsdamer Innenministeriums, wonach die Wahl von Beamten auf Zeit öffentlich erfolgen
muss, was im genannten Fall nicht geschehen sei.
Im Innenministerium seinerseits verwies man darauf, dass sich die Stadt bei einer tatsächlichen Nichtigkeit der Wahl schadenersatzpflichtig gemacht habe.
Ich frage die Landesregierung:
1.
Erfolgte die Abwahl des in der Vorbemerkung genannten ehemaligen 1. Strausberger
Beigeordneten nach Erkenntnissen der Landesregierung rechtmäßig?
2.
Aufgrund welcher konkreten Anweisung des Innenministeriums über die Öffentlichkeit der Wahl von Beamten auf Zeit beruhte die unter 1. genannte Abwahl?
3.
Welchen genauen Inhalt hat die unter 1. genannte Anweisung des Innenministeriums
(bitte detaillierte Wiedergabe im Wortlaut)?
4.
Trifft die Aussage der Sprecherin des Innenministeriums zu, dass bei Nichtigkeit der
Wahl des 1. Beigeordneten der Stadt Strausberg dieser so gestellt werden müsse, als
ob er wirksam ins Beamtenverhältnis gewählt worden wäre?
5.
Wenn ja, ist die Stadt Strausberg gegenüber dem ehemaligen 1. Beigeordneten
schadenersatzpflichtig?
6.
Wenn ja, welche Schadenersatzsumme kommt nach Erkenntnissen der Landesregierung auf die Stadt Strausberg in diesem Fall zu?
Datum des Eingangs: 20.08.2001 / Ausgegeben: 28.08.2001

Namens der Landesregierung beantwortet der Minister des Innern die Kleine Anfrage
wie folgt:
zu Fragen 1 bis 6:
Die Abwahl beruhte nicht auf einer Anweisung des Ministeriums des Innern. Bislang steht
ihre Rechtmäßigkeit nicht in Frage. Die Erörterung evtl. Konsequenzen wäre daher rein
spekulativ. In diesem Sinne hat die Sprecherin des Ministeriums des Innern in ihrer in
Frage 4 zitierten Aussage lediglich eine abstrakte Rechtsfolge aufgezeigt."
239,17190000000,171900,0,Sozialhilfeempfänger von Hilfe in besonderen Lebenslagen,171900_ae9a986e470a7128191ece2aa540907c19e1cca2.pdf,1,2,2060,279,https://fragdenstaat.de/dokumente/171900-sozialhilfeempfanger-von-hilfe-in-besonderen-lebenslagen/,https://media.frag-den-staat.de/files/docs/bf/05/fb/bf05fb7a25b14afcac6194bc38590e46/ae9a986e470a7128191ece2aa540907c19e1cca2.pdf,,,bf05fb7a-25b1-4afc-ac61-94bc38590e46,C:\Users\Admin\Desktop\OpenLens\Texte\171900_ae9a986e470a7128191ece2aa540907c19e1cca2.txt,C:\Users\Admin\Desktop\OpenLens\Bereinigte_Texte\171900_171900_ae9a986e470a7128191ece2aa540907c19e1cca2.txt,"Landtag Brandenburg
Drucksache 3/1784
3. Wahlperiode
Antwort
der Landesregierung
auf die Kleine Anfrage Nr. 670
der Abgeordneten Birgit Fechner
Fraktion der DVU
Landtagsdrucksache 3/1658
Sozialhilfeempfänger von Hilfe in besonderen Lebenslagen
Sozialhilfeempfänger von Hilfe in besonderen Lebenslagen
Wortlaut der Kleinen Anfrage Nr. 670 vom 04.09.2000:
Laut Statistischem Jahrbuch des Landes Brandenburg 1999 ging die
Zahl der Sozialhilfeempfänger von Hilfe in besonderen Lebenslagen seit 1994 insgesamt kontinuierlich zurück.
Die Zahl der nichtdeutschen Sozialhilfeempfänger von Hilfe in
besonderen Lebenslagen stieg dagegen stark an.
Ich frage die Landesregierung:
1.
Aus welchen Gründen erhöhte sich nach Erkenntnissen der
Landesregierung die Anzahl der nichtdeutschen Sozialhilfeempfänger von Hilfe in besonderen Lebenslagen in den Jahren
seit 1994 bei gleichzeitigem Rückgang der Sozialhilfeempfänger von Hilfe in besonderen Lebenslagen insgesamt?
2.
Welche Maßnahmen unternimmt die Landesregierung bzw. will
sie unternehmen, um den unter 1. genannten Trend zu stoppen?
Namens der Landesregierung beantwortet der Minister für Arbeit,
der Minister für Arbeit,
Soziales, Gesundheit und Frauen die Kleine Anfrage wie folgt:
Soziales, Gesundheit und Frauen die Kleine Anfrage wie folgt:
zu Frage 1:
Die Landesregierung hat keine gesicherten Erkenntnisse darüber,
warum sich nach der Statistik die Anzahl der nichtdeutschen
Empfänger von Hilfe in besonderen Lebenslagen bei gleichzeitigem
Rückgang der Hilfeempfänger von Hilfe in besonderen Lebenslagen
insgesamt seit 1994 erhöht hat.
Datum des Eingangs: 05.10.2000 / Ausgegeben: 10.10.2000

Die im Statistischen Jahrbuch aufgeführten Zahlen für die Jahre
1994 und 1995 eignen sich auf Grund der Einführung einer neuen
Sozialhilfestatistik ab 1.01.1994 und der damit zusammenhängenden Anlaufschwierigkeiten nicht als Basis für eine Bewertung.
zu Frage 2:
Angesichts der verschwindend geringen absoluten Anzahl der Empfänger von Hilfe in besonderen Lebenslagen sieht die Landesregierung keinen Handlungsbedarf."
240,17198000000,171980,0,Verjährungsfrist für STASI-Täter?,171980_762ba9eb5a0b3892a1a418e544afa4cae5ea4287.pdf,1,2,1802,246,https://fragdenstaat.de/dokumente/171980-verjahrungsfrist-fur-stasi-tater/,https://media.frag-den-staat.de/files/docs/bc/d2/ec/bcd2ec86858d412c8fa18ba0393c5e6d/762ba9eb5a0b3892a1a418e544afa4cae5ea4287.pdf,,,bcd2ec86-858d-412c-8fa1-8ba0393c5e6d,C:\Users\Admin\Desktop\OpenLens\Texte\171980_762ba9eb5a0b3892a1a418e544afa4cae5ea4287.txt,C:\Users\Admin\Desktop\OpenLens\Bereinigte_Texte\171980_171980_762ba9eb5a0b3892a1a418e544afa4cae5ea4287.txt,"Landtag Brandenburg
Drucksache 3/390
3. Wahlperiode
Antwort
der Landesregierung
auf die Kleine Anfrage Nr. 78
des Abgeordneten Sigmar-Peter Schuldt
Fraktion der DVU
Drucksache 3/130
Verjährungsfrist für STASI-Täter?
Verjährungsfrist für STASI-Täter?
Wortlaut der Kleinen Anfrage Nr. 78 vom 15.11.1999:
1.
Teilt der Ministerpräsident und die Landesregierung die
Auffassung des Regierenden Bürgermeister Eberhard Diepgen,
wonach für STASI-Tätigkeiten Verjährungsfristen eingeführt
werden sollen? 
2.
Wenn ja, welche Verjährungsfristen? Sollte der Diepgen-
Vorschlag aufgegriffen werden, Verjährungsfristen analog
dem Strafrecht einzuführen?
3.
Ist es dem Rechtsfrieden und der Rechtssicherheit dienlich,
Verjährungsfristen in Erwägung zu ziehen?
4.
Wie viele Beschäftigte des öffentlichen Dienstes wurden
seit Gründung des Landes Brandenburg bis heute in jedem
Jahr auf STASI-Tätigkeit überprüft?
5.
Wie viele öffentlich Beschäftigte sind aufgrund von STASI-
Belastungen seit Gründung des Landes Brandenburg entlassen
worden?
6.
Wie viele öffentlich Beschäftigte wurden aufgrund von STA-
SI-Belastungen zurückgestuft?
Datum des Eingangs: 23.12.1999 / Ausgegeben: 29.12.1999

Landtag Brandenburg - 3. Wahlperiode
Drucksache 3/390

Namens
ns der Landesregierung beantwortet der Minister des Innern
die Kleine Anfrage wie folgt:
die Kleine Anfrage wie folgt:
Zu Fragen 1 bis 3:
Die politische Meinungsbildung innerhalb der Landesregierung zur
Frage der Verjährungsfristen für STASI-Tätigkeiten ist noch
nicht abgeschlossen.
Zu Fragen 4 bis 6:
Eine nach Jahren aufgesplittete Zahlenangabe ist nicht möglich,
weil in den Ressorts unterschiedliche Statistiken geführt werden. Es wurden 72.662 Personen überprüft. 1.411 Personen sind
aufgrund der Stasi-Tätigkeit ausgeschieden. 39 Personen wurden
zurückgestuft."
241,17199700000,171997,0,Entsendung von Bundeswehrsoldaten bzw. Polizisten aus Brandenburg in das Kosovo-Gebiet,171997_5b7d4dde49e6dd220be92ccbf4b351819670e6c9.pdf,1,2,2123,290,https://fragdenstaat.de/dokumente/171997-entsendung-von-bundeswehrsoldaten-bzw-polizisten-aus-brandenburg-in-das-kosovo-gebiet/,https://media.frag-den-staat.de/files/docs/91/35/14/91351489fcb148c5ba6c885e3accb0a6/5b7d4dde49e6dd220be92ccbf4b351819670e6c9.pdf,,,91351489-fcb1-48c5-ba6c-885e3accb0a6,C:\Users\Admin\Desktop\OpenLens\Texte\171997_5b7d4dde49e6dd220be92ccbf4b351819670e6c9.txt,C:\Users\Admin\Desktop\OpenLens\Bereinigte_Texte\171997_171997_5b7d4dde49e6dd220be92ccbf4b351819670e6c9.txt,"Landtag Brandenburg
Drucksache 3/197
3. Wahlperiode
Antwort
der Landesregierung
auf die Kleine Anfrage Nr. 26
der Abgeordneten Birgit Fechner
Fraktion der DVU
Drucksache 3/52
Entsendung
sendung von Bundeswehrsoldaten bzw. Polizisten aus Brandenburg in das Kosovo-Gebiet
burg in das Kosovo-Gebiet
Wortlaut der Kleinen Anfrage Nr. 26 vom 26.10.1999:
Ich frage die Landesregierung:
1.
Befinden sich unter den in das Kosovo-Gebiet entsandten
Bundeswehrsoldaten auch Soldaten aus Brandenburg?
2.
Wenn ja: Wie viele?
3.
Befinden sich unter den in das Kosovo-Gebiet entsandten
deutschen Polizeibeamten auch solche aus Brandenburg?
4.
Wenn ja: Wie viele und welche Kosten verursacht der Einsatz
dieser brandenburgischen Polizeibeamten dem Land Brandenburg pro Jahr?
Namens
ns der Landesregierung beantwortet der Minister des Innern
die Kleine Anfrage wie folgt:
die Kleine Anfrage wie folgt:
zu Frage 1:
Hierzu liegen der Landesregierung keine Informationen vor, da
die Bundeswehr bzw. das Bundesministerium der Verteidigung über
die Herkunft der Soldaten nach Stationierungsort und nicht nach
Hauptwohnsitz Auskunft gibt.
zu Frage 2:
Für die Auskunft, wie viele Bundeswehrsoldaten aus Brandenburg
sich im Kosovo-Gebiet befinden, ist das Bundesministerium der
Verteidigung zuständig.
Datum des Eingangs: 25.11.1999 / Ausgegeben: 30.11.1999

Zu Frage 3:
Ja.
Zu Frage 4:
Von den 210 deutschen Polizeivollzugsbeamten der multinationalen
Friedensmission der UN im Kosovo stammen fünf Beamte und eine
Beamtin aus Brandenburg. Im Rahmen der Zusammenarbeit mit dem
internationalen Strafgerichtshof für das ehemalige Jugoslawien
ist ein weiterer Brandenburger Polizeivollzugsbeamter (insgesamt
50 deutsche Polizeivollzugsbeamte) im Kosovo tätig. Der Entsendungszeitraum liegt bei sechs Monaten.
Das Land Brandenburg zahlt den entsandten Beamten lediglich ihre
bisherigen Inlandsbezüge weiter. Diese betragen unter Zugrundelegung des Entsendungszeitraumes und der Personaldurchschnittskosten 191.100,- DM. Alle weiteren einsatzbezogenen Kosten, wie
z.B. Auslandsverwendungszuschlag, Trennungsgeld oder Reisekosten, werden vom Bund getragen."
242,17207200000,172072,0,Kosten der Euro-Einführung im Lande Brandenburg,172072_47d737c609ae98a7ccda55e0063c3a7379740251.pdf,1,1,1559,219,https://fragdenstaat.de/dokumente/172072-kosten-der-euro-einfuhrung-im-lande-brandenburg/,https://media.frag-den-staat.de/files/docs/fa/bd/97/fabd977af8b44235976627850abee6f4/47d737c609ae98a7ccda55e0063c3a7379740251.pdf,,,fabd977a-f8b4-4235-9766-27850abee6f4,C:\Users\Admin\Desktop\OpenLens\Texte\172072_47d737c609ae98a7ccda55e0063c3a7379740251.txt,C:\Users\Admin\Desktop\OpenLens\Bereinigte_Texte\172072_172072_47d737c609ae98a7ccda55e0063c3a7379740251.txt,"Landtag Brandenburg
Drucksache 3/134
3. Wahlperiode
Antwort
der Landesregierung
auf die Kleine Anfrage 27
der Abgeordneten Birgit Fechner
Fraktion der DVU
Drucksache 3/53
Kosten der Euro-Einführung im Land Brandenburg
Kosten der Euro-Einführung im Land Brandenburg
Wortlaut der Kleinen Anfrage Nr. 27 vom 22. Oktober 1999:
Ich frage die Landesregierung:
1.
Welche finanziellen Mehrbelastungen entstanden den öffentlichen und privaten Haushalten im Lande Brandenburg durch
die Einführung des Euro seit 01.01.1999 (Stand: 30.09.1999)
(bitte detaillierte Aufschlüsselung nach Land, Kommunen,
sonstigen Körperschaften, Anstalten und Stiftungen des
öffentlichen Rechts sowie der Privatwirtschaft und der
privaten Haushalte im Lande Brandenburg)?
2.
Welche Maßnahmen will die Landesregierung ergreifen, um die
unter 1. genannten finanziellen Mehrbelastungen zu kompensieren?
Namens der Landesregierung beantwortet die Ministerin der Finanzen die Kleine Anfrage wie folgt:
zen die Kleine Anfrage wie folgt:
Zu Fragen 1 und 2:
Mehrbelastungen können weder für die Landesverwaltung noch für
die anderen Gruppen im Einzelnen beziffert werden; sie halten
sich aber in engen Grenzen, weil die Umsetzung i.d.R. im Rahmen
üblicher technisch bedingter EDV-Anpassungen (z.B. ""Jahr-2000-
Problem"") erfolgen. Eine Ermittlung der genauen Kosten hätte
demzufolge einen unverhältnismäßig hohen personellen, technischen und organisatorischen Aufwand erfordert, der mit den erzielbaren Ergebnissen nicht zu rechtfertigen wäre.
Datum des Eingangs: 19.11.1999 / Ausgegeben: 24.11.1999"
243,17208100000,172081,0,Internetzugang zu Polizeidienststellen im Lande Brandenburg,172081_30e15fe888e8bef285632cd0ef086651017a0b06.pdf,1,2,1989,247,https://fragdenstaat.de/dokumente/172081-internetzugang-zu-polizeidienststellen-im-lande-brandenburg/,https://media.frag-den-staat.de/files/docs/2e/fe/4c/2efe4c527d884ccd8be0183b1b68e79b/30e15fe888e8bef285632cd0ef086651017a0b06.pdf,,,2efe4c52-7d88-4ccd-8be0-183b1b68e79b,C:\Users\Admin\Desktop\OpenLens\Texte\172081_30e15fe888e8bef285632cd0ef086651017a0b06.txt,C:\Users\Admin\Desktop\OpenLens\Bereinigte_Texte\172081_172081_30e15fe888e8bef285632cd0ef086651017a0b06.txt,"Landtag Brandenburg
Drucksache 3/199
3. Wahlperiode
Antwort
der Landesregierung
auf die Kleine Anfrage Nr. 37
der Abgeordneten Birgit Fechner
Fraktion der DVU
Drucksache 3/64
Internetzugang zu Polizeidienststellen im Lande Brandenburg
Internetzugang zu Polizeidienststellen im Lande Brandenburg
Wortlaut der Kleinen Anfrage Nr. 37 vom 29.10.1999:
Ich frage die Landesregierung:
1.
Wie viele Polizeidienststellen im Lande Brandenburg verfügen über einen Internetzugang (bitte detaillierte Aufschlüsselung)?
2.
Wie viele Beamte der Landespolizei im Lande Brandenburg
haben einen zertifizierten Lehrgang bezüglich Internetnutzung besucht?
3.
Wie viele Beamte der Landespolizei im Lande Brandenburg
besuchen zur Zeit (Stand: 15.10.1999) einen Internetlehrgang?
Namens
ns der Landesregierung beantwortet der Minister des Innern
die Kleine Anfrage wie folgt:
die Kleine Anfrage wie folgt:
zu Frage 1:
Folgende Dienststellen der Polizei des Landes Brandenburg verfügen über einen Internetzugang:
Landeskriminalamt Brandenburg
Polizeipräsidium Cottbus
Polizeipräsidium Eberswalde
Polizeipräsidium Oranienburg
Polizeipräsidium Potsdam
Polizeipräsidium Wasserschutzpolizei
Zentraldienst der Polizei für Technik
und Beschaffung des Landes Brandenburg
Datum des Eingangs: 25.11.1999 / Ausgegeben: 30.11.1999

In folgenden Dienststellen der Polizei wurden alle technischen
Vorbereitungen abgeschlossen und die Inbetriebnahme des Internetzuganges steht kurz bevor:
Polizeipräsidium Frankfurt (Oder)
Landeseinsatzeinheit der Polizei - LESE -
Fachhochschule der Polizei des Landes Brandenburg
zu Frage 2:
Die Bediensteten der Brandenburger Polizei, die die vorhandenen
Internetzugänge nutzen sollen, werden durch die Anwenderbetreuer
der Polizeidienststellen ausgebildet. Das Erlernen der Internetnutzung besitzt keinen hohen Schwierigkeitsgrad. Die Ausbildung kann daher bedarfsweise am Arbeitsplatz erfolgen, ohne dass
ein Lehrgang, der ein Zertifikat vermittelt, erforderlich ist.
zu Frage 3:
Entfällt."
244,17220700000,172207,0,Landeswaldanteil in Brandenburg und anderen Bundesländern,172207_ed3e8b881dc92479a86840f5817befe804bc0eb7.pdf,1,2,2106,302,https://fragdenstaat.de/dokumente/172207-landeswaldanteil-in-brandenburg-und-anderen-bundeslandern/,https://media.frag-den-staat.de/files/docs/17/9e/58/179e58ac1de14ecc81157b74dcc6a9a4/ed3e8b881dc92479a86840f5817befe804bc0eb7.pdf,,,179e58ac-1de1-4ecc-8115-7b74dcc6a9a4,C:\Users\Admin\Desktop\OpenLens\Texte\172207_ed3e8b881dc92479a86840f5817befe804bc0eb7.txt,C:\Users\Admin\Desktop\OpenLens\Bereinigte_Texte\172207_172207_ed3e8b881dc92479a86840f5817befe804bc0eb7.txt,"Landtag Brandenburg
Drucksache 3/1563
3. Wahlperiode
Antwort
der Landesregierung
auf die Kleine Anfrage 588
des Abgeordneten Michael Claus
Fraktion der DVU
Drucksache 3/1489
Landeswaldanteil in Brandenburg und in anderen Bundesländern
Landeswaldanteil in Brandenburg und in anderen Bundesländern
Wortlaut der Kleinen Anfrage Nr. 588 vom 18.07.2000:
In der Begründung zu ihrem Gesetzentwurf ""Gesetz zur Änderung
der Verfassung des Landes Brandenburg und des Gesetzes zur Verwertung landeseigener Grundstücke"" führt die PDS-Fraktion an,
dass mit Verabschiedung dieses Gesetzentwurfs gewährleistet
wurde, dass der nach Abschluss der Privatisierung des ""Treuhandwaldes"" und der WGT-Forstflächen ohnehin geringe Landeswaldanteil von 25 % am Gesamtwald dauerhaft erhalten bliebe.
Ich frage die Landesregierung:
1.
Wie hoch ist nach Erkenntnissen der Landesregierung der
Landeswaldansteil bezogen auf den Gesamtwald in den anderen
Bundesländern?
2.
Welche Maßnahmen will die Landesregierung ergreifen, um den
derzeitigen Landeswaldanteil von 25 % am Gesamtwald des
Landes Brandenburg zu erhalten?
Namens der Landesregierung beantwortet der Minister für Landwirtschaft, Umweltschutz und Raumordnung die Kleine Anfrage wie
g die Kleine Anfrage wie
folgt:
folgt:
Zu Frage 1:
Der Landeswald hat, bezogen auf den Gesamtwald, in den anderen
Bundesländern folgenden Anteil:
Datum des Eingangs: 10.08.2000 / Ausgegeben: 16.08.2000

Land
Anteil Landeswald in %
Baden-Württemberg
23,5
Bayern
30,1
Bremen
-
Hamburg
100,0
Hessen
39,4
Niedersachsen
31,5
Nordrhein-Westfalen
13,8
Rheinland-Pfalz
25,7
Saarland
49,7
Schleswig-Holstein
30,0
Berlin
100,0
Brandenburg
24,6
Mecklenburg-Vorpommern
43,6
Sachsen
37,1
Sachsen-Anhalt
29,3
Thüringen
27,2
 Quelle: Landeswaldberichte der Länder
Zu Frage 2:
Gesonderte Maßnahmen der Landesregierung zur Erhaltung des Landeswaldanteils bedarf es derzeit nicht. 
In der Einigung mit dem Bund zum ehemals preußischen forstwirtschaftlichen Vermögen hat sich das Land verpflichtet, die übertragenen Waldflächen (Landeswald) für die Dauer von 10 Jahren -
also bis Juni 2009 - nicht zu veräußern."
245,17222000000,172220,0,Ermittlungsverfahren wegen eines satirischen Plakates gegen das novellierte Polizeigesetz,172220_9de64a599ad6df9249320ae0f3bc9f48b1bc9aaa.pdf,1,1,1652,217,https://fragdenstaat.de/dokumente/172220-ermittlungsverfahren-wegen-eines-satirischen-plakates-gegen-das-novellierte-polizeigesetz/,https://media.frag-den-staat.de/files/docs/94/d7/ba/94d7bab6c7b842419871bc06688c0aa1/9de64a599ad6df9249320ae0f3bc9f48b1bc9aaa.pdf,,,94d7bab6-c7b8-4241-9871-bc06688c0aa1,C:\Users\Admin\Desktop\OpenLens\Texte\172220_9de64a599ad6df9249320ae0f3bc9f48b1bc9aaa.txt,C:\Users\Admin\Desktop\OpenLens\Bereinigte_Texte\172220_172220_9de64a599ad6df9249320ae0f3bc9f48b1bc9aaa.txt,"Landtag Brandenburg
Drucksache 3/2719
3. Wahlperiode
Antwort
der Landesregierung
auf die Kleine Anfrage Nr. 1040
des Abgeordneten Stefan Sarrach
Fraktion der PDS
Drucksache 3/2623
Ermittlungsverfahren wegen eines satirischen Plakates gegen das
schen Plakates gegen das
novellierte Polizeigesetz
novellierte Polizeigesetz
Wortlaut der Kleinen Anfrage 1040 vom 2. April 2001:
Im September 2000 startete das ""Bündnis gegen das Polizeigesetz""
im Zusammenhang mit der im Landtag beratenen Novelle eines verschärften Brandenburgischen Polizeigesetzes eine landesweite
Plakataktion u. a. mit dem satirischen Text ""Achtung! Dieser
Platz wird noch nicht videoüberwacht. Betreten auf eigene Gefahr.""
Die Einführung der öffentlichen Videoüberwachung, die Normierung
eines Aufenthaltsverbotes und die Regelung des so genannten
Finalen Rettungsschusses waren das Ergebnis der Beratung und
Verabschiedung des geänderten Polizeigesetzes im Landtag, mit
dem deutlich in die Freiheitsrechte der Bürgerinnen und Bürger
eingegriffen wird. 
Ich frage die Landesregierung:
Trifft es zu, dass die Staatsanwaltschaft Potsdam gegen die
Urheber der Plakate Ermittlungsverfahren eingeleitet hat?
Namens
ns der Landesregierung beantwortet der Minister der Justiz
und für Europaangelegenheiten die Kleine Anfrage wie folgt:
und für Europaangelegenheiten die Kleine Anfrage wie folgt:
Die Staatsanwaltschaft Potsdam führt ein auf Grund einer durch
die Polizei von Amts wegen erstatteten Strafanzeige eingeleitetes Ermittlungsverfahren, in dem gegen die Urheber der Plakataktion der Verdacht einer Amtsanmaßung überprüft wird.
Datum des Eingangs: 02.05.2001 / Ausgegeben: 07.05.2001"
246,17222800000,172228,0,Mitarbeit von Ärzten an Schulen,172228_46fee6794ffbc9ff223fc3ed03adfc9d2ea47200.pdf,1,2,1821,253,https://fragdenstaat.de/dokumente/172228-mitarbeit-von-arzten-an-schulen/,https://media.frag-den-staat.de/files/docs/cc/9a/76/cc9a76a83a6e4255afd32fd3269939c8/46fee6794ffbc9ff223fc3ed03adfc9d2ea47200.pdf,,,cc9a76a8-3a6e-4255-afd3-2fd3269939c8,C:\Users\Admin\Desktop\OpenLens\Texte\172228_46fee6794ffbc9ff223fc3ed03adfc9d2ea47200.txt,C:\Users\Admin\Desktop\OpenLens\Bereinigte_Texte\172228_172228_46fee6794ffbc9ff223fc3ed03adfc9d2ea47200.txt,"Landtag Brandenburg
Drucksache 3/1072
3. Wahlperiode
Antwort
der Landesregierung
auf die Kleine Anfrage Nr. 377
des Abgeordneten Werner Firneburg
Fraktion der DVU
Landtagsdrucksache 3/885
Mitarbeit von Ärzten an Schulen
Mitarbeit von Ärzten an Schulen
Wortlaut der Kleinen Anfrage Nr. 377 vom 05.04.2000:
Ich frage die Landesregierung:
1.
Setzt sich die Landesregierung für eine regelmäßige Beratungsstunde von Ärzten für Schüler an Schulen des Landes
ein?
Wenn nein, warum nicht?
2.
Befürwortet die Landesregierung die Mitwirkung von Medizinern an Unterrichtsprojekten/Projektwochen?
3.
Wäre eine regelmäßige ärztliche Beratungsstunde für Eltern
in der Schule von Vorteil?
4.
Ist der Landesregierung eine Befragung von Rektorinnen und
Rektoren aller 47 Grund- und Sonderschulen in Bielefeld
bekannt, die kürzlich auf dem 6. Kongress für Jugendmedizin
in Weimar vorgestellt wurde, wonach 98 % der Schulleiter
den Wunsch nach einer Zusammenarbeit mit einer Ärztin oder
einem Arzt in der Schule äußerten?
Datum des Eingangs: 09.05.2000 / Ausgegeben: 15.05.2000

Namens der Landesregierung beantwortet der Minister für Arbeit,
der Minister für Arbeit,
Soziales, Gesundheit und Frauen die Kleine Anfrage wie folgt:
Soziales, Gesundheit und Frauen die Kleine Anfrage wie folgt:
zu Frage 1:
Die Landesregierung verfolgt einen entsprechenden Modellversuch
eines anderen Bundeslandes mit großer Aufmerksamkeit und wird
sich eine abschließende Meinung bilden, sobald wissenschaftlich
gesicherte, positive Ergebnisse vorliegen.
zu Frage 2:
Die Mitwirkung von Ärzten an gesundheitsbezogenen Unterrichtsprojekten wird, sofern mit den verantwortlichen Pädagogen abgesprochen, befürwortet.
zu Frage 3:
Uns liegen keine Erfahrungsberichte vor, die den Nutzen von
Elternberatungen durch Ärzte in Schulen dokumentieren. 
zu Frage 4:
Nein."
247,17225500000,172255,0,Mehr direkte Demokratie,172255_ae7f6015f0a4dee56d5a53a6fe88024ca51e42af.pdf,1,1,1616,236,https://fragdenstaat.de/dokumente/172255-mehr-direkte-demokratie/,https://media.frag-den-staat.de/files/docs/43/fb/9d/43fb9d66280f40eaa02f97b654744632/ae7f6015f0a4dee56d5a53a6fe88024ca51e42af.pdf,,,43fb9d66-280f-40ea-a02f-97b654744632,C:\Users\Admin\Desktop\OpenLens\Texte\172255_ae7f6015f0a4dee56d5a53a6fe88024ca51e42af.txt,C:\Users\Admin\Desktop\OpenLens\Bereinigte_Texte\172255_172255_ae7f6015f0a4dee56d5a53a6fe88024ca51e42af.txt,"Landtag Brandenburg
Drucksache 3/3019
3. Wahlperiode
Antwort
der Landesregierung
auf die Kleine Anfrage Nr. 1123
des Abgeordneten Sigmar-Peter Schuldt
Fraktion der DVU
Drucksache 3/2866
Mehr direkte Demokratie
Mehr direkte Demokratie
Wortlaut der Kleinen Anfrage Nr. 1123 vom 06.06.2001:
Aufgrund einer Änderung des Kommunalwahlgesetzes in Hessen hatten die Bürgerinnen und Bürger bei der letzten Wahl die Möglichkeit des Panaschierens und Kumulierens.
In Bayern hat sich dieses System seit Jahrzehnten bewährt.
Ich frage die Landesregierung:
1.
Setzt sich die Landesregierung für ein neues Kommunalwahlrecht analog den hessischen Vorschriften ein?
Wenn nein, aus welchem Grund lehnt die Landesregierung eine
Neuregelung ab?
2.
Vertritt die Landesregierung die Auffassung, dass die Landräte direkt vom Volk gewählt werden sollten?
Wenn nein, aus welchem Grund vertritt die Landesregierung
eine ablehnende Haltung?
Namens
ns der Landesregierung beantwortet der Minister des Innern
die Kleine Anfrage wie folgt:
die Kleine Anfrage wie folgt:
zu Frage 1:
Das hiesige Kommunalwahlrecht sieht die Möglichkeit des Kumulierens und Panaschierens bereits
vor. Dies ergibt sich aus den seit dem 29. April
1993 geltenden Vorschriften der §§ 5 Abs. 2
und 3, 43 Abs. 3 des Brandenburgischen Kommunalwahlgesetzes.
zu Frage 2:
Hierzu wird auf die schriftlichen Antworten der
Landesregierung auf die Mündlichen Anfragen Nr.
708 und 714 verwiesen (vgl. Beschlussprotokoll
gemäß § 96 der Geschäftsordnung der 35. Sitzung
des Landtages Brandenburg am 16. Mai 2001 - BePr
3/35 -).
Datum des Eingangs: 05.07.2001 / Ausgegeben: 10.07.2001"
248,17242200000,172422,0,"Vorhalteflächen für Flughafen ""Sperenberg""",172422_5665b45a82e763189448bf265c802c3d64bc90c8.pdf,1,1,1664,215,https://fragdenstaat.de/dokumente/172422-vorhalteflachen-fur-flughafen-sperenberg/,https://media.frag-den-staat.de/files/docs/3b/e9/4d/3be94d99d20a4251b628eab9e727cd39/5665b45a82e763189448bf265c802c3d64bc90c8.pdf,,,3be94d99-d20a-4251-b628-eab9e727cd39,C:\Users\Admin\Desktop\OpenLens\Texte\172422_5665b45a82e763189448bf265c802c3d64bc90c8.txt,C:\Users\Admin\Desktop\OpenLens\Bereinigte_Texte\172422_172422_5665b45a82e763189448bf265c802c3d64bc90c8.txt,"Landtag Brandenburg
Drucksache 3/1172
3. Wahlperiode
Antwort
der Landesregierung
auf die Kleine Anfrage Nr. 419
des Abgeordneten Klaus Bochow
Fraktion der SPD
Drucksache 3/965
Vorhalteflächen für Flughafen “Sperenberg”
Vorhalteflächen für Flughafen “Sperenberg”
Wortlaut der Kleinen Anfrage Nr. 419 vom 06.04.2000:
Im Gemarkungsbereich im Raum Sperenberg unterliegen noch immer
Vorhalteflächen für den eventuellen Bau eines Flughafens in
Sperenberg einer baurechtlichen Veränderungssperre.
Ich frage die Landesregierung:
Unter welchen Voraussetzungen und in welchen Zeiträumen ist mit
einer Aufhebung der Sperre seitens der zuständigen Landesbehörden zu rechnen?
Namens der Landesregierung beantwortet der Minister für Landwirtschaft, Umweltschutz und Raumordnung die Kleine Anfrage wie
g die Kleine Anfrage wie
folgt:
folgt:
Es besteht keine baurechtliche Veränderungssperre für die vorsorglich freizuhaltenden Flächen zum Bau des Flughafens am
Standort Sperenberg.
Gemäß Konsensbeschluss vom 28. Mai 1996 haben sich die Länder
Berlin, Brandenburg und die Bundesregierung als Gesellschafter
der Berlin Brandenburg Flughafen Holding GmbH (BBF) verpflichtet, die Flächen in Sperenberg bis zur Herstellung der Baureife
für den Single-Flughafen Schönefeld vorsorglich freizuhalten.
Diese zeitlich befristete Flächenfreihaltung ist Bestandteil des
Regionalplans Havelland-Fläming. 
Angesichts der Komplexität des Planfeststellungsverfahrens und
der Unsicherheiten im Zusammenhang mit der zu erwartenden gerichtlichen Überprüfung ist die Nennung eines konkreten Termins
zur Herstellung der Baureife nicht möglich.
Datum des Eingangs: 18.05.2000 / Ausgegeben: 23.05.2000"
249,17244200000,172442,0,Abschiebung von Kosovo-Albanern II,172442_d85e9964185d7265cb37dbfdf5f7534483e45174.pdf,1,1,1155,173,https://fragdenstaat.de/dokumente/172442-abschiebung-von-kosovo-albanern-ii/,https://media.frag-den-staat.de/files/docs/33/4a/82/334a82c491644b6c8013d9df7a85b59a/d85e9964185d7265cb37dbfdf5f7534483e45174.pdf,,,334a82c4-9164-4b6c-8013-d9df7a85b59a,C:\Users\Admin\Desktop\OpenLens\Texte\172442_d85e9964185d7265cb37dbfdf5f7534483e45174.txt,C:\Users\Admin\Desktop\OpenLens\Bereinigte_Texte\172442_172442_d85e9964185d7265cb37dbfdf5f7534483e45174.txt,"Landtag Brandenburg
Drucksache 3/1311
3. Wahlperiode
Antwort
der Landesregierung
auf die Kleine Anfrage Nr. 486
des Abgeordneten Werner Firneburg
Fraktion der DVU
Drucksache 3/1155
Abschiebung von Kosovo-Albanern II
Abschiebung von Kosovo-Albanern II
Wortlaut der Kleinen Anfrage Nr. 486 vom 17.05.2000:
Wie der Antwort auf die Kleine Anfrage Nr. 399 zu entnehmen ist,
lebten Ende Februar 2000 189 Bürgerkriegsflüchtlinge aus dem
Kosovo mit einer Duldung im Land Brandenburg. Abschiebungen sind
aus diesem Personenkreis nicht erfolgt. Es gibt auch keine Abschiebehindernisse.
Ich frage die Landesregierung:
1.
Wann werden die 189 Bürgerkriegsflüchtlinge aus dem Kosovo
in ihre Heimat abgeschoben?
2.
Lehnt die Landesregierung auch dann eine Abschiebung ab,
wenn Abschiebehindernisse nicht bestehen? Wenn ja, in welchen konkreten Fällen?
Namens
ns der Landesregierung beantwortet der Minister des Innern
die Kleine Anfrage wie folgt:
die Kleine Anfrage wie folgt:
zu Frage 1:
Mit der Abschiebung der noch im Land Brandenburg aufhältigen
Kosovo-Albaner ist Mitte Mai begonnen worden.
zu Frage 2:
Nein.
Datum des Eingangs: 13.06.2000 / Ausgegeben: 19.06.2000"
250,17248700000,172487,0,Islamische Fundamentalisten in Brandenburg,172487_d319f64ac21854419d645007b78dce2c36d63806.pdf,1,1,1479,191,https://fragdenstaat.de/dokumente/172487-islamische-fundamentalisten-in-brandenburg/,https://media.frag-den-staat.de/files/docs/bc/06/44/bc0644388a8548b3854c33b48a141324/d319f64ac21854419d645007b78dce2c36d63806.pdf,,,bc064438-8a85-48b3-854c-33b48a141324,C:\Users\Admin\Desktop\OpenLens\Texte\172487_d319f64ac21854419d645007b78dce2c36d63806.txt,C:\Users\Admin\Desktop\OpenLens\Bereinigte_Texte\172487_172487_d319f64ac21854419d645007b78dce2c36d63806.txt,"Landtag Brandenburg
Drucksache 3/1762
3. Wahlperiode
Antwort
der Landesregierung
auf die Kleine Anfrage Nr. 654
des Abgeordneten Michael Claus
Fraktion der DVU
Drucksache 3/1634
Islamische Fundamentalisten in Brandenburg
Islamische Fundamentalisten in Brandenburg
Wortlaut der Kleinen Anfrage Nr. 654 vom 24.08.2000:
Ich frage die Landesregierung:
1.
Gibt es nach Erkenntnissen der Landesregierung im Land
Brandenburg Mitglieder bzw. Organisationsstrukturen von
nach den Verfassungsschutzberichten des Bundes bzw. einzelner Bundesländer als islamisch-fundamentalistisch eingestuften extremistischen Organisationen?Wenn ja, um welche
Organisation handelt es sich dabei?
2.
Wie viele Mitglieder der unter 1. genannten islamisch-fundamentalistischen extremistischen Organisationen haben nach
Erkenntnissen der Landesregierung im Land Brandenburg ihren
Wohnsitz bzw. gewöhnlichen Aufenthalt? 
Namens
ns der Landesregierung beantwortet der Minister des Innern
die Kleine Anfrage wie folgt:
die Kleine Anfrage wie folgt:
zu Frage 1:
Soweit der Landesregierung bekannt, hat bislang keine der in den
Verfassungsschutzberichten des Bundes und der Länder als islamistisch eingestuften extremistischen Organisationen in Brandenburg Strukturen aufgebaut.
zu Frage 2:
Islamistisch-extremistische Organisationen sind entweder gar
nicht oder nur mit wenigen Mitgliedern - deren Zahl nicht beziffert werden kann - in Brandenburg vertreten.
Datum des Eingangs: 29.09.2000 / Ausgegeben: 04.10.2000"
251,17250700000,172507,0,"""Nur ein Toter mehr ... / Alltäglicher Rassismus in Deutschland und die Hetzjagd von Guben"" / Buchdokumentation der Prozessbeobachtungsgruppe Guben",172507_0872293d65c5a487a3e12b1d3c12cacdee305309.pdf,1,2,2326,314,https://fragdenstaat.de/dokumente/172507-nur-ein-toter-mehr-alltaglicher-rassismus-in-deutschland-und-die-hetzjagd-von-guben-buchdokumentation-der-prozessbeobachtungsgruppe-guben/,https://media.frag-den-staat.de/files/docs/a0/73/f6/a073f6a5e58745fc816cc432c0bb74cb/0872293d65c5a487a3e12b1d3c12cacdee305309.pdf,,,a073f6a5-e587-45fc-816c-c432c0bb74cb,C:\Users\Admin\Desktop\OpenLens\Texte\172507_0872293d65c5a487a3e12b1d3c12cacdee305309.txt,C:\Users\Admin\Desktop\OpenLens\Bereinigte_Texte\172507_172507_0872293d65c5a487a3e12b1d3c12cacdee305309.txt,"Landtag Brandenburg
Drucksache 3/3271
3. Wahlperiode
Antwort
der Landesregierung
auf die Kleine Anfrage Nr. 1227
der Abgeordneten Birgit Fechner
Fraktion der DVU
Drucksache 3/3127
""Nur ein Toter mehr.../Alltäglicher Rassismus in Deutschland
und die Hetzjagd von Guben""/Buchdokumentation der Prozessbeobachtungsgruppe Guben
bachtungsgruppe Guben
Wortlaut der Kleinen Anfrage Nr. 1227 vom 6.8.2001:
In der Buchdokumentation ""Nur ein Toter mehr.../Alltäglicher
Rassismus in Deutschland und die Hetzjagd von Guben"" der Prozessbeobachtungsgruppe Guben werden Namen von Privatpersonen
sowie Firmen seitenweise genannt und in Verbindung zu sogenanntem gewaltbereiten ""Rechtsradikalismus"" gebracht.
Ich frage die Landesregierung:
1.
Ist der Landesregierung die in der Vorbemerkung genannte
Buchdokumentation bekannt, bzw. wenn nein, warum nicht?
2.
Wenn ja, handelt es sich bei der seitenweisen Nennung von
Namen von Privatpersonen bzw. Firmen in der in der Vorbemerkung genannten Buchdokumentation nach Ansicht der Landesregierung um unzulässige Eingriffe in die Persönlichkeits- und Datenschutzrechte der genannten Privatpersonen
bzw. Firmen, bzw. wenn nein, warum nicht?
3.
Welche Maßnahmen will die Landesregierung ergreifen, um die
unter 2. genannten unzulässigen Eingriffe in die Persönlichkeitsrechte bzw. Datenschutzrechte von Bürgerinnen und
Bürgern bzw. Unternehmen zu unterbinden?
4.
Wurde die in der Vorbemerkung genannte Buchdokumentation
mit öffentlichen Mitteln gefördert, und, wenn ja, mit welchen Mitteln sowie in welcher Höhe (bitte detaillierte
Aufschlüsselung nach Fördermitteln, Förderquellen sowie
Einzelbeträgen)?
Datum des Eingangs: 12.09.2001 / Ausgegeben: 17.09.2001

Namens
ns der Landesregierung beantwortet der Minister des Innern
die Kleine Anfrage wie folgt:
die Kleine Anfrage wie folgt:
zu Frage 1:
In einigen Ressorts der Landesregierung ist bekannt, dass es
eine Buchdokumentation diesen Titels gibt.
zu Fragen 2 bis 4:
Da es sich bei dem Buch nicht um die Veröffentlichung einer
Landesbehörde handelt und es auch keine öffentliche Förderung
dafür gab, bestand und besteht keine Veranlassung, hier eine
datenschutzrechtliche Prüfung vorzunehmen oder gar rechtliche
Maßnahmen zu erwägen. Es ist nicht Aufgabe der Landesregierung,
neu erschienene Bücher einer diesbezüglichen Kontrolle zu unterziehen."
252,17255400000,172554,0,Dubiose Zeugen und selbsternannte Ankläger,172554_0b0e1ad2f9537895ba032a4bb8ff8a5dc588ee26.pdf,1,1,1626,226,https://fragdenstaat.de/dokumente/172554-dubiose-zeugen-und-selbsternannte-anklager/,https://media.frag-den-staat.de/files/docs/2e/07/5b/2e075bea5b7245b6a02ddee31e68997a/0b0e1ad2f9537895ba032a4bb8ff8a5dc588ee26.pdf,,,2e075bea-5b72-45b6-a02d-dee31e68997a,C:\Users\Admin\Desktop\OpenLens\Texte\172554_0b0e1ad2f9537895ba032a4bb8ff8a5dc588ee26.txt,C:\Users\Admin\Desktop\OpenLens\Bereinigte_Texte\172554_172554_0b0e1ad2f9537895ba032a4bb8ff8a5dc588ee26.txt,"Landtag Brandenburg
Drucksache 3/1822
3. Wahlperiode
Antwort
der Landesregierung
auf die Kleine Anfrage 711
des Abgeordneten Dieter Dombrowski
Fraktion der CDU
Drucksache 3/1721
Dubiose Zeugen und selbsternannte Ankläger
Dubiose Zeugen und selbsternannte Ankläger
Wortlaut der Kleinen Anfrage 711 vom 14.09.2000:
Im Zusammenhang mit dem Vorfall am 25. August 2000 vor der Rathenower Spielothek sind Zeugen und selbsternannte Ankläger mit
massiven Vorwürfen gegen zwei bei dem genannten Vorfall eingesetzte Polizeibeamtinnen in Erscheinung getreten.
Da die Glaubwürdigkeit einer Person sehr wesentlich von dem
eigenen Verhalten und Leumund abhängt, frage ich die Landesregierung:
1.
Ist der als Zeuge gegen einen Rathenower Bürger aufgetretene Asylbewerber C.N. unbescholten oder liegen gegen ihn
gerichtliche/polizeiliche oder sonstige behördliche Erkenntnisse vor?
2.
Liegen in Bezug auf die als selbsternannte Ankläger namens
der ""Opferperspektive"" aufgetretenen Personen Erkenntnisse
der in Nr. 1 genannten Art vor?
Namens
ns der Landesregierung beantwortet der Minister des Innern
die Kleine Anfrage wie folgt:
die Kleine Anfrage wie folgt:
zu Fragen 1 und 2:
Das Ministerium des Innern hat zu dem Gegenstand Ihrer Kleinen
Anfrage eine umfassende Dokumentation gefertigt und diese dem
Innenausschuss des Landtages zugeleitet. Die Landesregierung
bittet um Verständnis, wenn sie zur Vermeidung einer öffentlichen Erörterung personenbezogener Informationen, die aus deren
Offenlegung im Rahmen einer Kleiner Anfrage resultieren würde,
auf diese Dokumentation verweist.
Datum des Eingangs: 11.10.2000 / Ausgegeben: 16.10.2000"
253,17258100000,172581,0,Brandenburgs koloniales Erbe,172581_ee33fc03cb7a260721b7c01a4e0029fd95d8a9a5.pdf,1,2,2009,267,https://fragdenstaat.de/dokumente/172581-brandenburgs-koloniales-erbe/,https://media.frag-den-staat.de/files/docs/95/16/6f/95166f09e7874103ad6737e04b79be16/ee33fc03cb7a260721b7c01a4e0029fd95d8a9a5.pdf,,,95166f09-e787-4103-ad67-37e04b79be16,C:\Users\Admin\Desktop\OpenLens\Texte\172581_ee33fc03cb7a260721b7c01a4e0029fd95d8a9a5.txt,C:\Users\Admin\Desktop\OpenLens\Bereinigte_Texte\172581_172581_ee33fc03cb7a260721b7c01a4e0029fd95d8a9a5.txt,"Landtag Brandenburg
Drucksache 3/3191
3. Wahlperiode
Antwort
der Landesregierung
auf die Kleine Anfrage 1208
der Abgeordneten Birgit Fechner
Fraktion der DVU
Drucksache 3/3080
Brandenburgs koloniales Erbe
Bei einer Podiumsdiskussion in der Landeszentrale für politische Bildung wurde vor kurzem
der Aufstieg und Fall der brandenburgisch-preußischen Kolonie ""Großfriedrichsburg"" im
heutigen Ghana im 17./18. Jahrhundert thematisiert.
Eingeladen hatte der Berliner Selignow-Verlag anlässlich des Erscheinens der Geschichtsdokumentation ""Rote Adler an Afrikas Küste"". Seit mehreren Jahren bemüht sich der Autor
der Geschichtsdokumentation um das Zustandekommen einer Ausstellung über diese
preußische Kolonie.
Ich frage die Landesregierung:
1.
Will die Landesregierung das Projekt des unter 1. genannten Historikers nach einer
Ausstellung über die ehemalige preußische Kolonie ""Großfriedrichsburg"" materiell
und logistisch unterstützen?
2.
Wenn ja, mit welchen finanziellen Mitteln soll das unter 1. genannte Projekt unterstützt werden und wie soll die Förderung erfolgen (bitte detaillierte Aufschlüsselung
nach Landes-, Bundes- und EU-Mitteln)?
3.
Bis wann soll die Unterstützung des unter 1. und 2. genannten Projektes seitens der
Landesregierung erfolgen?
Datum des Eingangs: 21.08.2001 / Ausgegeben: 28.08.2001

Namens der Landesregierung beantwortet die Ministerin für Wissenschaft, Forschung
und Kultur die Kleine Anfrage wie folgt:
Zu Frage 1:
Die Übernahme der Trägerschaft für die Durchführung einer Ausstellung zum o.g. Thema ist
nach Kenntnis der Landesregierung noch ungeklärt. Verschiedene Lösungsmöglichkeiten zur
Durchführung der Ausstellung in Havelberg (Sachsen-Anhalt) und der Stadt Brandenburg
wurden von diesen Städten verworfen.
Der Landesregierung liegt bisher kein entscheidungsreifer Antrag zur finanziellen Unterstützung des Ausstellungsvorhabens vor.
Daher existiert auch keine Handlungsgrundlage, das Projekt materiell zu unterstützen.
Zu Fragen 2 und 3:
entfällt, siehe Antwort zu 1."
254,17259200000,172592,0,Folgen für die brandenburgische Wirtschaft aufgrund der Insolvenz der Philipp Holzmann AG,172592_a6f0a09eaec327dfbe889661ed9a53f9b7569f14.pdf,1,2,2301,335,https://fragdenstaat.de/dokumente/172592-folgen-fur-die-brandenburgische-wirtschaft-aufgrund-der-insolvenz-der-philipp-holzmann-ag/,https://media.frag-den-staat.de/files/docs/36/3d/92/363d92c4834849eaacf052acea034c7a/a6f0a09eaec327dfbe889661ed9a53f9b7569f14.pdf,,,363d92c4-8348-49ea-acf0-52acea034c7a,C:\Users\Admin\Desktop\OpenLens\Texte\172592_a6f0a09eaec327dfbe889661ed9a53f9b7569f14.txt,C:\Users\Admin\Desktop\OpenLens\Bereinigte_Texte\172592_172592_a6f0a09eaec327dfbe889661ed9a53f9b7569f14.txt,"Landtag Brandenburg
Drucksache 3/385
3. Wahlperiode
Antwort
der Landesregierung
auf die Kleine Anfrage Nr. 107
der Abgeordneten Liane Hesselbarth
Fraktion der DVU
Drucksache 3/207
Folgen der Insolvenz der Philipp Holzmann AG
Folgen der Insolvenz der Philipp Holzmann AG
Wortlaut der Kleinen Anfrage Nr. 107 vom 23. November 1999:
1.
Wie viele Auftragnehmer der Philipp Holzmann AG sind Firmen
aus Brandenburg?
2.
Wie viele der unter 1. genannten Auftragnehmer haben aufgrund der Insolvenz der Philipp Holzmann AG keine Folgeaufträge?
3.
Wie viele Arbeitnehmer sind bei den unter 1. genannten
Auftragnehmern beschäftigt?
4.
Wie viele der unter 3. genannten Arbeitnehmer sind von
Arbeitslosigkeit bedroht?
5.
Wie viele Bauvorhaben der Firma Philipp Holzmann AG befinden sich im Lande Brandenburg?
6.
Wie viele der im Lande Brandenburg befindlichen Bauvorhaben
der Firma Philipp Holzmann AG werden vom Land Brandenburg
mit Landesmitteln gefördert?
7.
Wie viele der im Land Brandenburg befindlichen Bauvorhaben
der Philipp Holzmann AG, die durch das Land gefördert werden, können nicht beendet werden?
8.
Sind durch die im Land Brandenburg befindlichen und geförderten Baumaßnahmen der Philipp Holzmann AG, die nicht
beendet werden können, schwerwiegende Folgen für das Land
zu erwarten (z.B. Dammbauten an der Oder)?
9.
Was gedenkt das Land Brandenburg zu tun, um die unter
8. genannten Nachteile für das Land zu verhüten?
Datum des Eingangs: 23.12.1999 / Ausgegeben: 29.12.1999

Landtag Brandenburg - 3. Wahlperiode
Drucksache 3/385

10.
Was gedenkt die Landesregierung zu tun, um die von Arbeitslosigkeit bedrohten Arbeitnehmer der Philipp Holzmann AG im
Lande Brandenburg zu unterstützen, und welche Gelder sollen
dafür ausgegeben werden?
11.
Welche Maßnahmen will die Landesregierung ergreifen, um die
von der Insolvenz der Philipp Holzmann AG mitbetroffenen
mittelständischen Auftragnehmer zu unterstützen?
Namens der Landesregierung beantwortet der Minister für Wirtschaft die Kleine Anfrage wie folgt:
schaft die Kleine Anfrage wie folgt:
Die Kleine Anfrage Nr. 107 unterstellt eine Insolvenz der Philipp Holzmann AG.
Nach Eingang der Kleinen Anfrage wurde der Insolvenzantrag des
Unternehmens zurückgenommen. Für die Landesregierung entfällt
damit der Anlass zur Beantwortung der Kleinen Anfrage."
255,17262800000,172628,0,"Einsatz von Fördermitteln in Brandenburger ""Spaßbäder""",172628_1429bdb19c8bf3458469b2c8fafda2418547f6ca.pdf,1,2,2283,313,https://fragdenstaat.de/dokumente/172628-einsatz-von-fordermitteln-in-brandenburger-spabader/,https://media.frag-den-staat.de/files/docs/e0/2a/0d/e02a0d1288a94c1280ef9a31ab5b5ac6/1429bdb19c8bf3458469b2c8fafda2418547f6ca.pdf,,,e02a0d12-88a9-4c12-80ef-9a31ab5b5ac6,C:\Users\Admin\Desktop\OpenLens\Texte\172628_1429bdb19c8bf3458469b2c8fafda2418547f6ca.txt,C:\Users\Admin\Desktop\OpenLens\Bereinigte_Texte\172628_172628_1429bdb19c8bf3458469b2c8fafda2418547f6ca.txt,"Landtag Brandenburg
Drucksache 3/404
3. Wahlperiode
Antwort
der Landesregierung
auf die Kleine Anfrage 95
der Abgeordneten Kerstin Osten
Fraktion der PDS
Drucksache 3/183
Einsatz von Fördermitteln in Brandenburger ""Spaßbädern""
Einsatz von Fördermitteln in Brandenburger ""Spaßbädern""
Wortlaut der Kleinen Anfrage 95 vom 18.11.1999:
Gut ausgebaute Schwimmhallen gehören ohne Zweifel zu einer attraktiven, wünschenswerten Infrastruktur.
Nun wurde im öffentlich-rechtlichen Fernsehen die große Zahl von
so genannten Spaßbädern in Brandenburg kritisiert. Diese Kritik
wurde vor allem im Zusammenhang mit dem großen Umfang von eingesetzten Fördermitteln sowie mit dem finanziellen Unvermögen der
Kommunen zur Bewirtschaftung dieser Bäder geäußert.
Ich frage deshalb die Landesregierung:
1.
In welcher Höhe wurden dafür Fördermittel eingesetzt?
2.
In welcher Verantwortung findet laut eingereichter Konzepte
und entsprechend der jetzigen Realität die Betreibung dieser Bäder statt?
Datum des Eingangs: 04.01.2000 / Ausgegeben: 10.01.2000

Namens der Landesregierung beantwortet der Minister für Bildung,
Jugend und Sport die Kleine Anfrage wie folgt:
Jugend und Sport die Kleine Anfrage wie folgt:
zu Frage 1:
Zur Steuerung der landesweiten Entwicklung und zur Vergabe von
Fördermitteln durch das Land hat die Landesregierung am
13.01.1998 die Standortüberlegungen für Hallenbäder im Land
Brandenburg als Handlungsrahmen beschlossen. Darin enthalten
sind eine Darstellung des Bestandes, eine Bedarfsanalyse sowie
die beabsichtigten Projekte, die bis Ende 1999 von den Ressorts
der Landesregierung gefördert wurden.
In diesem Beschluss sind auch die Bäderarten definiert worden.
Spaßbäder sind, diese Definition zu Grunde gelegt, bisher nur in
Fürstenwalde und Lübbenau gefördert worden. Dabei wurden Fördermittel in Höhe von 21,17 Millionen DM eingesetzt. 
zu Frage 2:
Die Verantwortung für die Betreibung der Bäder ist unterschiedlich geregelt. Sie liegt zum einen in direkter kommunaler Verantwortung, über die Betreibung durch die Stadtwerke, zum anderen bei einer privaten Betreibergesellschaft.
Im übrigen wird darauf verwiesen, dass für eine Landesförderung
u. a. der Nachweis einer dauerhaften Wirtschaftlichkeit sowie
der Nachweis der gesicherten Folgekosten Grundvoraussetzung ist."
256,17267000000,172670,0,"Diskussion zwischen Innenminister Jörg Schönbohm und ""rechten"" Jugendlichen in Cottbus am 09.11.2000",172670_6a574b9ae774e7b725c6eddb55aa8d6a383aff87.pdf,1,2,2048,294,https://fragdenstaat.de/dokumente/172670-diskussion-zwischen-innenminister-jorg-schonbohm-und-rechten-jugendlichen-in-cottbus-am-09112000/,https://media.frag-den-staat.de/files/docs/ec/25/00/ec2500238d8b40f0af3456b0dd0561a9/6a574b9ae774e7b725c6eddb55aa8d6a383aff87.pdf,,,ec250023-8d8b-40f0-af34-56b0dd0561a9,C:\Users\Admin\Desktop\OpenLens\Texte\172670_6a574b9ae774e7b725c6eddb55aa8d6a383aff87.txt,C:\Users\Admin\Desktop\OpenLens\Bereinigte_Texte\172670_172670_6a574b9ae774e7b725c6eddb55aa8d6a383aff87.txt,"Landtag Brandenburg
Drucksache 3/2204
3. Wahlperiode
Antwort
der Landesregierung
auf die Kleine Anfrage Nr. 825
des Abgeordneten Sigmar-Peter Schuldt
Fraktion der DVU
Drucksache 3/2029
Diskussion
kussion zwischen Innenminister Jörg Schönbohm und ""rechten""
Jugendlichen in Cottbus am 09.11.2000
Jugendlichen in Cottbus am 09.11.2000
Wortlaut der Kleinen Anfrage Nr. 825 vom 16.11.2000:
Laut Medienberichten, u.a. im ORB vom 09.11.2000, fand an diesem
Tag in Cottbus ein Gespräch zwischen dem Innenminister des Landes Brandenburg, Herrn Schönbohm, und ""rechten"" Jugendlichen
statt.
Zu dieser Veranstaltung waren laut ORB Vertreter aller Landtagsfraktionen eingeladen.
Ich frage die Landesregierung:
1.
Warum erhielt nach Erkenntnissen der Landesregierung die
DVU-Fraktion im Landtag Brandenburg keine Einladung zu der
in der Vorbemerkung genannten Diskussionsrunde?
2.
Wie erklärt sich die Landesregierung die Aussage in der in
der Vorbemerkung genannten ORB-Sendung, es seien Vertreter
aller Landtagsfraktionen eingeladen worden, wenn dies bei
der DVU-Fraktion nicht der Fall war?
3.
Welche Maßnahmen will die Landesregierung ergreifen, damit
in Zukunft bei Diskussionsrunden oder anderen Veranstaltungen mit Mitgliedern der Landesregierung wirklich alle im
Landtag vertretenen Fraktionen eingeladen werden?
Datum des Eingangs: 28.12.2000 / Ausgegeben: 03.01.2001

Namens
ns der Landesregierung beantwortet der Minister des Innern
die Kleine Anfrage wie folgt:
die Kleine Anfrage wie folgt:
zu den Fragen 1 und 3:
Zu der o.g. Veranstaltung, die im Übrigen auch mit sog. ""linken""
Jugendlichen und darüber hinaus mit dem amerikanischen Entertainer Ron Williams, dem Landesvorsitzenden der brandenburgischen
Sportjugend Burkhard Schöps und dem General a. D. Hans Peter von
Kirchbach durchgeführt wurde, waren ausweislich der Pressemitteilung Vertreter der Medien und interessierte Bürger eingeladen
worden, nicht aber Vertreter der Fraktionen im Landtag Brandenburg als solche. 
zu Frage 2:
Die Landesregierung hat keinen Einfluss auf Beiträge des ORB."
257,17267700000,172677,0,Finanzierung Umsiedlung Horno,172677_5e9e96b2536a0609a1e635e473d41145b4b648ca.pdf,1,2,2304,318,https://fragdenstaat.de/dokumente/172677-finanzierung-umsiedlung-horno/,https://media.frag-den-staat.de/files/docs/50/c4/07/50c407577eff47f5b3669f0df4d2f82a/5e9e96b2536a0609a1e635e473d41145b4b648ca.pdf,,,50c40757-7eff-47f5-b366-9f0df4d2f82a,C:\Users\Admin\Desktop\OpenLens\Texte\172677_5e9e96b2536a0609a1e635e473d41145b4b648ca.txt,C:\Users\Admin\Desktop\OpenLens\Bereinigte_Texte\172677_172677_5e9e96b2536a0609a1e635e473d41145b4b648ca.txt,"Landtag Brandenburg
Drucksache 3/3524
3. Wahlperiode
Antwort
der Landesregierung
auf die Kleine Anfrage Nr. 1295
des Abgeordneten Wolfgang Thiel
Fraktion der PDS
Drucksache Nr. 3/3310
Finanzierung Umsiedlung Horno
Finanzierung Umsiedlung Horno
Wortlaut der Kleinen Anfrage Nr. 1295 vom 18.09.2001:
Am 12. September 2001 besuchte der Braunkohlenausschuss des
Landes Brandenburg u. a. auch den Neuansiedlungsstandort für die
Gemeinde Horno in Forst/Eulo.Dabei wurde den Vertretern der
Stadtverwaltung Forst darauf aufmerksam gemacht, dass es seitens
des Landes eine Finanzierungslücke für kommunale Hochbaumaßnahmen in diesem Bereich gäbe.
Die Bereitstellung der Mittel sei jedoch seitens der Landesregierung zugesagt.
Ich frage daher die Landesregierung:
1.
In welchen Haushaltstiteln sind die Mittel für kommunale
Hochbaumaßnahmen bei der Wiederansiedlung von Horno in
Forst eingestellt?
2.
In welcher Höhe sind diese Mittel vorgesehen?
3.
Wie schätzt die Landesregierung die Einhaltung der Terminkette für die Umsiedlung von Horno bis Ende 2002 ein?
Namens der Landesregierung beantwortet der Minister für Landwirtschaft, Umweltschutz und Raumordnung die Kleine Anfrage wie
folgt:
zu Frage 1:
zu Frage 1:
Das Land Brandenburg unterstützt die Umsiedlung Horno im Rahmen
seiner Möglichkeiten. Die Förderung kommunaler Maßnahmen im
Umfeld des Wiederansiedlungsstandortes ist in die entsprechenden
Programme eingeordnet, teilweise bereits bewilligt. Die Förderung des Ersatzwohnungsbaus am Umsiedlungsstandort erfolgt über
das Wohnungsbauvermögen des Landes Brandenburg.
Datum des Eingangs: 14.11.2001 / Ausgegeben: 19.11.2001

Gegenwärtig wird geprüft, wie die Errichtung kommunaler Gebäude
und Einrichtungen durch das Land finanziell unterstützt werden
kann. Die Nutzung veranschlagter Fördermittel im Rahmen bestehender Förderprogramme soll dabei Priorität haben.
zu Frage 2:
zu Frage 2:
vgl. Antwort zu Frage 1
zu Frage 3:
zu Frage 3:
Der Zeitpunkt für den Abschluss der Umsiedlung wird durch die
Abbauentwicklung des Tagebaus und die für den Bau der Gebäude
sowie den Umzug der Einwohner erforderliche Zeit bestimmt. Aus
beiden Aspekten ergeben sich Zwangspunkte, die gegenwärtig im
Zusammenhang mit der Auswertung der Stellungnahmen zum Entwurf
des Braunkohlenplans Tagebau Jänschwalde geprüft werden."
258,17270700000,172707,0,Heranziehung von Asylbewerbern zu gemeinnütziger Arbeit im Land Brandenburg / Antwort der Landesregierung auf meine Kleine Anfrage Nr. 877 vom 28.12.2000,172707_1ba8f7ed83175a9e102c9ad51981d5bfdd7194e8.pdf,1,2,2138,288,https://fragdenstaat.de/dokumente/172707-heranziehung-von-asylbewerbern-zu-gemeinnutziger-arbeit-im-land-brandenburg-antwort-der-landesregierung-auf-meine-kleine-anfrage-nr-877-vom-28122000/,https://media.frag-den-staat.de/files/docs/1d/69/b3/1d69b38a895647bfbe64a1b948e0b554/1ba8f7ed83175a9e102c9ad51981d5bfdd7194e8.pdf,,,1d69b38a-8956-47bf-be64-a1b948e0b554,C:\Users\Admin\Desktop\OpenLens\Texte\172707_1ba8f7ed83175a9e102c9ad51981d5bfdd7194e8.txt,C:\Users\Admin\Desktop\OpenLens\Bereinigte_Texte\172707_172707_1ba8f7ed83175a9e102c9ad51981d5bfdd7194e8.txt,"Landtag Brandenburg
Drucksache 3/2654
3. Wahlperiode
Antwort
der Landesregierung
auf die Kleine Anfrage Nr. 996
des/der Abgeordneten Birgit Fechner
Fraktion der DVU
Landtagsdrucksache 3/2529
Heranziehung von Asylbewerbern zu gemeinnütziger Arbeit im Land
nnütziger Arbeit im Land
Brandenburg
Brandenburg / Antwort der Landesregierung auf meine Kleine Anfrage Nr. 877 vom 28.12.2000
frage Nr. 877 vom 28.12.2000
(Kurzbezeichnung des Wortlautes der Kleinen Anfrage Nr. 996 vom
20.03.2001 (Ausgabedatum))
Wortlaut der Kleinen Anfrage Nr. 996 vom 20.03.2001 (Ausgabedatum):
Auf Frage 2 meiner oben genannten Kleinen Anfrage Nr. 877, in
welcher ich danach fragte, in welchen Landkreisen und kreisfreien Städten des Landes Brandenburg nach Erkenntnissen der Landesregierung Statistiken über die Inanspruchnahme von Arbeitsgelegenheiten im Sinne des § 5 Asylbewerberleistungsgesetz existieren, antwortete die Landesregierung: ""Die für die Asylbewerberleistungsstatistik erforderlichen Daten werden in allen Landkreisen und kreisfreien Städten erhoben.""
Ich frage die Landesregierung:
1.
Sind die von der Landesregierung genannten, für die Asylbewerberleistungsstatistik erforderlichen Daten, welche in
allen Landkreisen und kreisfreien Städten des Landes erhoben werden, den Abgeordneten des Landtages Brandenburg bzw.
der Öffentlichkeit zugänglich?
2.
Wenn nein: Welche Maßnahmen will die Landesregierung ergreifen, damit die unter 1. genannten Daten den Abgeordneten des Landtages zur Verfügung gestellt werden?
Datum des Eingangs: 18.04.2001 / Ausgegeben: 23.04.2001

Namens der Landesregierung beantwortet der Minister für Arbeit,
der Minister für Arbeit,
Soziales, Gesundheit und Frauen die Kleine Anfrage wie folgt:
Soziales, Gesundheit und Frauen die Kleine Anfrage wie folgt:
zu Frage 1:
Die entsprechend § 12 Asylbewerberleistungsgesetz erhobenen
Daten sind sowohl in Form der Angaben im Statistischen Jahrbuch
Land Brandenburg als auch in den vom Landesamt für Datenverarbeitung und Statistik herausgegebenen Statistischen Berichten
öffentlich und damit auch den Abgeordneten des Landtages Brandenburg zugänglich.
zu Frage 2:
Entfällt."
259,17271700000,172717,0,Situation im Arbeitslosenverband Brandenburg / Antwort der Landesregierung (Drs. 3/414) auf die Kleine Anfrage Nr. 98 der Abgeordneten Birgit Fechner vom 24.11.1999 und die Antwort der Landesregierung (Drs. 3/326) auf die Kleine Anfrage Nr. 68 des Abgeordneten Michael Claus vom 10.11.1999,172717_eaac53b7357412f0c28ef724d182b900a912a0d6.pdf,1,2,1629,236,https://fragdenstaat.de/dokumente/172717-situation-im-arbeitslosenverband-brandenburg-antwort-der-landesregierung-drs-3414-auf-die-kleine-anfrage-nr-98-der-abgeordneten-birgit-fechner-vom-24111999-und-die-antwort-der-landesregierung-drs-3326-auf-die-kleine-anfrage-nr-68-des-ab/,https://media.frag-den-staat.de/files/docs/f8/75/7a/f8757ab495da4c479073089fa481d5fb/eaac53b7357412f0c28ef724d182b900a912a0d6.pdf,,,f8757ab4-95da-4c47-9073-089fa481d5fb,C:\Users\Admin\Desktop\OpenLens\Texte\172717_eaac53b7357412f0c28ef724d182b900a912a0d6.txt,C:\Users\Admin\Desktop\OpenLens\Bereinigte_Texte\172717_172717_eaac53b7357412f0c28ef724d182b900a912a0d6.txt,"Landtag Brandenburg
Drucksache 3/766
3. Wahlperiode
Antwort
der Landesregierung
auf die Kleine Anfrage Nr. 261
der Abgeordneten Birgit Fechner
Fraktion der DVU
Landesdrucksache 3/604
Situation im Arbeitslosenverband Brandenburg / Antwort der Lannburg / Antwort der Landesregierung
desregierung (Drs. 3/414) auf die Kleine Anfrage Nr. 98 der
Abgeordneten
dneten Birgit Fechner vom 24. 11. 1999 und Antwort der
Landesregierung
Landesregierung (Drs. 3/326) auf die kleine Anfrage Nr. 68 des
Abgeordneten Michael Claus vom 10. 11. 1999
Abgeordneten Michael Claus vom 10. 11. 1999
Wortlaut der Kleinen Anfrage Nr. 261 vom 11.02.2000:
1.
Welche Maßnahmen hinsichtlich der Zusammenarbeit mit dem
Arbeitslosenverband Brandenburg will die Landesregierung
ergreifen angesichts der Tatsache, daß führende Mitglieder
dieses Verbandes ehemalige Stasi-Mitarbeiter sind?
2.
Wird der Arbeitslosenverband Brandenburg mit Landesmitteln
finanziell unterstützt?
3.
Wenn ja: Welche Mittel stellt das Land seit wann jährlich
zur Verfügung, und wo sind die Zuwendungen in den Haushaltsplänen ausgewiesen?
Datum des Eingangs: 15.03.2000 / Ausgegeben: 20.03.2000

Namens der Landesregierung beantwortet der Minister für Arbeit,
der Minister für Arbeit,
Soziales, Gesundheit und Frauen die kleine Anfrage wie folgt:
Soziales, Gesundheit und Frauen die kleine Anfrage wie folgt:
zu Frage 1:
Keine.
zu Fragen 2 bis 3:
In diesem Zusammenhang wird auf die Beantwortung der Kleinen
Anfrage Nr. 68 des Abgeordneten Michael Claus, Fraktion der DVU,
und auf die Beantwortung der Kleinen Anfrage Nr. 98 der Abgeordneten Birgit Fechner, Fraktion der DVU, verwiesen."
260,17272800000,172728,0,Maßnahmen zur Gewährleistung des Brand- und Katastrophenschutzes im Land Brandenburg,172728_b0164fe0371adc818c94f1cf30802bf06467ea23.pdf,1,1,2026,258,https://fragdenstaat.de/dokumente/172728-manahmen-zur-gewahrleistung-des-brand-und-katastrophenschutzes-im-land-brandenburg/,https://media.frag-den-staat.de/files/docs/dd/12/20/dd12201f043a4dfdaaef46656a5cf92c/b0164fe0371adc818c94f1cf30802bf06467ea23.pdf,,,dd12201f-043a-4dfd-aaef-46656a5cf92c,C:\Users\Admin\Desktop\OpenLens\Texte\172728_b0164fe0371adc818c94f1cf30802bf06467ea23.txt,C:\Users\Admin\Desktop\OpenLens\Bereinigte_Texte\172728_172728_b0164fe0371adc818c94f1cf30802bf06467ea23.txt,"Landtag Brandenburg
Drucksache 3/1883
3. Wahlperiode
Antwort
der Landesregierung
auf die Kleine Anfrage Nr. 709
des Abgeordneten Reinhold Dellmann
Fraktion der SPD
Drucksache 3/1719
Maßnahmen zur Gewährleistung des Brand- und Katastrophenschutzes
im Land Brandenburg
im Land Brandenburg
Wortlaut der Kleinen Anfrage Nr. 709 vom 13.09.2000:
Im Strategiepapier des Landesfeuerwehrverbandes Brandenburg e.V.
""Feuerwehr 2000"" vom 15. Juli 2000 sind zukunftsweisende Anforderungen für die Gewährleistung des Brandschutzes und der Technischen Hilfeleistung im Land Brandenburg formuliert.
Die aus der Sicht des Landesfeuerwehrverbandes Brandenburg notwendigen kurz- bzw. mittelfristigen Maßnahmen zur künftigen
Gewährleistung des Brand- und Katastrophenschutzes sind in
15 Grundsatzthesen zusammengefasst.
Ich frage die Landesregierung:
Mit welchen Mitteln und Methoden will die Landesregierung die in
den Grundsatzthesen zusammengefassten Forderungen im Land Brandenburg umsetzen?
Namens
ns der Landesregierung beantwortet der Minister des Innern
die Kleine Anfrage wie folgt:
die Kleine Anfrage wie folgt:
Das vom Landesfeuerwehrverband mit einer Arbeitsgruppe erstellte
""Strategiepapier Feuerwehr 2000"" stellt die Verhältnisse im Land
aus dessen Sicht dar. 
Die 15 Grundsatzthesen fassen die wichtigsten Erkenntnisse des
Landesfeuerwehrverbandes zusammen. Die dort enthaltenen Forderungen sind teilweise bereits durch Runderlasse erfüllt bzw. es
wird geprüft, ob diese bei der Novellierung des Brand- und Katastrophenschutzgesetzes berücksichtigt werden können. Die die
Kommunen betreffenden Forderungen können jedoch von Seiten der
Landesregierung kaum umgesetzt werden, da sie die kommunale
Selbstverwaltung berühren. Hinsichtlich der Finanzierung neuer
Technik wird in diesem Zusammenhang auf das Gemeindefinanzierungsgesetz verwiesen, das den Kommunen in eigener Zuständigkeit
und an Hand einer Prioritätenliste eigenverantwortlich die Verwendung der Mittel ermöglicht.
Datum des Eingangs: 18.10.2000 / Ausgegeben: 23.10.2000"
261,17274600000,172746,0,Begnadigungsrecht,172746_52ecd9e33edaf344b032e94d7b850412f1cd4a5a.pdf,1,1,1501,209,https://fragdenstaat.de/dokumente/172746-begnadigungsrecht/,https://media.frag-den-staat.de/files/docs/c4/e8/1f/c4e81f77955749d2a875e9988cf1f338/52ecd9e33edaf344b032e94d7b850412f1cd4a5a.pdf,,,c4e81f77-9557-49d2-a875-e9988cf1f338,C:\Users\Admin\Desktop\OpenLens\Texte\172746_52ecd9e33edaf344b032e94d7b850412f1cd4a5a.txt,C:\Users\Admin\Desktop\OpenLens\Bereinigte_Texte\172746_172746_52ecd9e33edaf344b032e94d7b850412f1cd4a5a.txt,"Landtag Brandenburg
Drucksache 3/1251
3. Wahlperiode
Antwort
der Landesregierung
auf die Kleine Anfrage 450
des Abgeordneten Sigmar-Peter Schuldt
Fraktion der DVU,
LT-Drucksache 3/1028
Begnadigungsrecht
Begnadigungsrecht
Wortlaut der Kleinen Anfrage 450 vom 20. April 2000:
Ich frage die Landesregierung:
1.
Wie viele Gnadengesuche wurden seit 1991 von Verurteilten
im Land Brandenburg eingereicht (bitte detaillierte Aufschlüsselung)?
2.
In wie vielen Fällen hat der Ministerpräsident vom Begnadigungsrecht gemäß Artikel 1 Nr. 1 bis 5 gemäß den Erlass des
Ministerpräsidenten über die Ausführung des Begnadigungsrechts in den Jahren 1991 bis 1999 Gebrauch gemacht (bitte
detaillierte Aufschlüsselung)?
3.
In wie vielen Fällen haben gemäß Artikel 2 des unter 2. genannten Erlasses welche Minister in den Jahren 1991 bis
1999 vom Begnadigungsrecht Gebrauch gemacht?
Namens
ns der Landesregierung beantwortet der Minister der Justiz
und für Europaangelegenheiten die Kleine Anfrage wie folgt:
und für Europaangelegenheiten die Kleine Anfrage wie folgt:
Zu den Fragen 1 bis 3:
Wegen des höchstpersönlichen und vertraulichen Charakters des
Gnadenrechts werden zur Veröffentlichung bestimmte statistische
Zahlen in diesem Bereich nicht erhoben. Dies gilt sowohl für die
Anzahl der Gnadengesuche als auch für die Gnadenentschließungen
des Ministerpräsidenten und der jeweiligen Fachminister, soweit
ihnen im Einzelfall die Entscheidung übertragen ist.
Datum des Eingangs: 30.05.2000 / Ausgegeben: 05.06.2000"
262,17274800000,172748,0,Verschuldung von Aufgabenträger der Wasserversorgung und Abwasserentsorgung,172748_e941a433dd748c76893a4448b901b9f88b52f39f.pdf,1,1,1962,248,https://fragdenstaat.de/dokumente/172748-verschuldung-von-aufgabentrager-der-wasserversorgung-und-abwasserentsorgung/,https://media.frag-den-staat.de/files/docs/74/35/86/743586da801342909a4bd6a9c1cc0f9f/e941a433dd748c76893a4448b901b9f88b52f39f.pdf,,,743586da-8013-4290-9a4b-d6a9c1cc0f9f,C:\Users\Admin\Desktop\OpenLens\Texte\172748_e941a433dd748c76893a4448b901b9f88b52f39f.txt,C:\Users\Admin\Desktop\OpenLens\Bereinigte_Texte\172748_172748_e941a433dd748c76893a4448b901b9f88b52f39f.txt,"Landtag Brandenburg
Drucksache 3/1738
3. Wahlperiode
Antwort
der Landesregierung
auf die Kleine Anfrage 625
des Abgeordneten Ralf Christoffers
Fraktion der PDS
Drucksache 3/1594
Verschuldung von Aufgabenträger der Wasserversorgung und Abwasserversorgung und Abwasserentsorgung
serentsorgung
Wortlaut der Kleinen Anfrage Nr. 625 vom 16.08.2000:
Entsprechend den vorliegenden Daten sind eine Reihe von Aufgabenträger der Wasserversorgung und Abwasserentsorgung in einer
schwierigen finanziellen Situation. Ein Teil dieses Verschuldungsumfangs bei den Aufgabenträgern ist dadurch entstanden,
dass in einer Reihe von Gemeinden vor Gründung eines Zweckverbandes Maßnahmen der Wasserversorgung und Abwasserentsorgung
beschlossen wurden.
In diesem Zusammenhang frage ich die Landesregierung:
Sind der Landesregierung Angaben bekannt, in welchem Umfang
durch Gemeinden für die Wasserversorgung und Abwasserentsorgung
Kredite aufgenommen worden sind, bevor es zur Gründung von
Zweckverbänden im Land Brandenburg gekommen ist?
Namens
ns der Landesregierung beantwortet der Minister des Innern
die Kleine Anfrage wie folgt:
die Kleine Anfrage wie folgt:
Der Landesregierung liegen keine Angaben darüber vor, in welchem
Umfang Gemeinden vor der Gründung von Zweckverbänden Kredite für
Investitionen in die Wasserversorgung und Abwasserentsorgung
aufgenommen haben.
Dies beruht einerseits darauf, dass die Gemeinden der Kommunalaufsicht durch den Landrat des jeweiligen Landkreises unterliegen und nicht der direkten Aufsicht durch das Ministerium des
Innern. Andererseits stellen Kredite gemäß den haushaltsrechtlichen Vorschriften allgemeine Deckungsmittel des Vermögenshaushaltes dar, so dass eine Zuordnung von Krediten zu Investitionen
der Wasserversorgung und Abwasserentsorgung nur dann möglich
wäre, wenn der Vermögenshaushalt keine anderen Investitionen
ausweist. Diesbezügliche Informationen liegen nicht vor.
Datum des Eingangs: 21.09.2000 / Ausgegeben: 26.09.2000"
263,17275500000,172755,0,Ortsumgehung Frankfurt (Oder),172755_8529ac4eae761b704e88406eac51cd2359f2a530.pdf,1,2,1998,276,https://fragdenstaat.de/dokumente/172755-ortsumgehung-frankfurt-oder/,https://media.frag-den-staat.de/files/docs/d0/00/89/d000893cb0a3404a9f7352a57e006cd8/8529ac4eae761b704e88406eac51cd2359f2a530.pdf,,,d000893c-b0a3-404a-9f73-52a57e006cd8,C:\Users\Admin\Desktop\OpenLens\Texte\172755_8529ac4eae761b704e88406eac51cd2359f2a530.txt,C:\Users\Admin\Desktop\OpenLens\Bereinigte_Texte\172755_172755_8529ac4eae761b704e88406eac51cd2359f2a530.txt,"Landtag Brandenburg
Drucksache 3/1850
3. Wahlperiode
Antwort
der Landesregierung
auf die Kleine Anfrage 644
des Abgeordneten Jörg Vogelsänger
Fraktion der SPD
Drucksache 3/1621
Wortlaut der Kleinen Anfrage 644:
Ortsumgehung Frankfurt (Oder)
Ortsumgehung Frankfurt (Oder)
Die Ortsumgehung Frankfurt (Oder) dient der verkehrlichen Entlastung des Oberzentrums und der Erschließung wichtiger gewerblicher Standorte. Weiterhin ist die Ortsumgehung Frankfurt
(Oder) Bestandteil der Oder-Lausitz-Trasse und somit von überregionaler Bedeutung. Der erste Bauabschnitt zwischen A 12 und
B 87 ist bereits fertig gestellt. Aufgrund der Zusage des Bundes, der Finanzierung von Maßnahmen im Grenzraum zu Polen höhere
Priorität einzuräumen, besteht die Hoffnung, den weiteren Ausbau
zu beschleunigen.
Ich frage die Landesregierung:
1.
Wie ist der Planungsstand für die nördlichen Abschnitte der
Ortsumgehung Frankfurt (Oder)?
2.
Welcher Realisierungszeitraum wird aus heutiger Sicht für
die weiteren Bauabschnitte eingeschätzt?
3.
Wie hoch sind die voraussichtlichen Gesamtkosten für die
Maßnahme?
Datum des Eingangs: 12.10.2000 / Ausgegeben: 17.10.2000

Namens
ns der Landesregierung beantwortet der Minister für Stadtentwicklung,
entwicklung, Wohnen und Verkehr die Kleine Anfrage wie folgt:
Zu Frage 1:
Für den zweiten Verkehrsabschnitt (nördlicher Abschnitt der
Ortsumgehung Frankfurt (Oder)) wurde am 18.05.2000 der Planfeststellungsbeschluss erlassen. Er ist bereits bestandskräftig. Im
Bauabschnitt wurden bereits Erdarbeiten zur Sicherung des Baugrundes vorgenommen. Weitere Ausschreibungen der Bauleistungen
erfolgen noch in 2000.
Für den anschließenden Abschnitt zwischen der B 5 und der B 167
läuft die Linien- und Entwurfsplanung.
Zu Frage 2:
Aus heutiger Sicht wird davon ausgegangen, dass der zweite Verkehrsabschnitt im Jahr 2003 abgeschlossen wird. Der Bau des
dritten Abschnittes (zwischen B 5 und B 167) soll sich unmittelbar anschließen.
Zu Frage 3:
Für das Vorhaben sind 63 Mio. DM vorgesehen."
264,17277900000,172779,0,West-Ost-Ausgleich nach dem GKV-Solidaritätsstärkungsgesetz,172779_7bb3ef704ac697a6ec090b3e4d36602d12da4a6b.pdf,1,2,1583,218,https://fragdenstaat.de/dokumente/172779-west-ost-ausgleich-nach-dem-gkv-solidaritatsstarkungsgesetz/,https://media.frag-den-staat.de/files/docs/0b/33/2c/0b332ccba0a042959e7c1265a3b2780a/7bb3ef704ac697a6ec090b3e4d36602d12da4a6b.pdf,,,0b332ccb-a0a0-4295-9e7c-1265a3b2780a,C:\Users\Admin\Desktop\OpenLens\Texte\172779_7bb3ef704ac697a6ec090b3e4d36602d12da4a6b.txt,C:\Users\Admin\Desktop\OpenLens\Bereinigte_Texte\172779_172779_7bb3ef704ac697a6ec090b3e4d36602d12da4a6b.txt,"Landtag Brandenburg
Drucksache 3/259
3. Wahlperiode
Antwort
der Landesregierung
auf die Kleine Anfrage Nr. 55
der Abgeordneten Hannelore Birkholz
Fraktion der PDS
Landtagsdrucksache 3/85
West-Ost-Ausgleich nach dem GKV-Solidaritätsstärkungsgesetz
West-Ost-Ausgleich nach dem GKV-Solidaritätsstärkungsgesetz
Wortlaut der Kleinen Anfrage Nr. 55 vom 03.11.1999:
Mit Artikel 14 des GKV-Solidaritätsstärkungsgesetzes wurden die
Kassenärztlichen Vereinigungen der alten Bundesländer verpflichtet, von den Kassen zur Verfügung gestellte Vergütungsanteile
zur Stützung der Honorarsituation der Ärzte in den neuen Bundesländern zur Verfügung zu stellen.
Ich frage die Landesregierung:
1.
Wie haben die Kassenärztlichen Vereinigungen das Verfahren
organisiert?
2.
In welcher Höhe sind bisher Honorarstützungsbeträge an die
KV Brandenburg geflossen bzw. werden diese erwartet?
3.
Falls noch keine Zahlungen erfolgten: Welche Gründe hierfür
sind bekannt und was hat die KV Brandenburg unternommen, um
an entsprechende Zahlungen zu gelangen?
Datum des Eingangs: 02.12.1999 / Ausgegeben: 07.12.1999

Namens der Landesregierung beantwortet der Minister für Arbeit,
der Minister für Arbeit,
Soziales, Gesundheit und Frauen die Kleine Anfrage wie folgt:
Soziales, Gesundheit und Frauen die Kleine Anfrage wie folgt:
Die Regelung des in Art. 14 Abs. 1a GKV-SolG dargestellten Ausgleichs der Gesamtvergütungen obliegt der Kassenärztlichen Bundesvereinigung (KVB) und ist damit den Landesaufsichten entzogen. Das MASGF besitzt keine Unterlagen, an Hand derer die Fragen 1 - 3 beantwortet werden könnten."
265,17279400000,172794,0,Ansiedlung des Institutes für erneuerbare Energien in der Lausitz,172794_c3b8c78a2ad4d94c9bc01b85f18a3954c6e2aa06.pdf,1,2,1985,267,https://fragdenstaat.de/dokumente/172794-ansiedlung-des-institutes-fur-erneuerbare-energien-in-der-lausitz/,https://media.frag-den-staat.de/files/docs/77/63/50/776350fd82f042458df0287a7c478d7e/c3b8c78a2ad4d94c9bc01b85f18a3954c6e2aa06.pdf,,,776350fd-82f0-4245-8df0-287a7c478d7e,C:\Users\Admin\Desktop\OpenLens\Texte\172794_c3b8c78a2ad4d94c9bc01b85f18a3954c6e2aa06.txt,C:\Users\Admin\Desktop\OpenLens\Bereinigte_Texte\172794_172794_c3b8c78a2ad4d94c9bc01b85f18a3954c6e2aa06.txt,"Landtag Brandenburg
Drucksache 3/3970
3. Wahlperiode
Antwort
der Landesregierung
auf die Kleine Anfrage Nr. 1431
des Abgeordneten Dr. Dietmar Woidke
Fraktion der SPD
Drucksache 3/3816
Ansiedlung des Institutes für erneuerbare Energien in der Lausitz
Wortlaut der Kleinen Anfrage vom 25.01.2002:
Seit 1999 ist es für die Landesregierung erklärtes Ziel, sich bei der Bundesregierung
dafür einzusetzen, dass das geplante Institut für erneuerbare Energien in der Lausitz
angesiedelt wird. Diese Ansiedlung würde eine nennenswerte Stärkung der Region
bedeuten.
Dazu frage ich die Landesregierung:
1.
In welcher Form bemühte sich die Landesregierung bei der Bundesregierung,
um das o. g. Institut in der Lausitz anzusiedeln?
2.
Welche Ergebnisse liegen zum jetzigen Zeitpunkt vor?
3.
Wie bewertet die Landesregierung die Erfolgsaussichten für die Ansiedlung des
o. g. Instituts?
Namens der Landesregierung beantwortet der Minister für Wirtschaft die Kleine
Anfrage wie folgt:
Zu den Fragen 1 und 2:
Das Ministerium für Wirtschaft, die Brandenburgische Energiespar-Agentur (nunmehr
ZukunftsAgentur Brandenburg), die Brandenburgische Technische Universität Cottbus
und das Institut für Solartechnologien GmbH in Frankfurt (Oder) hatten umfangreiche
Vorschläge für die Ansiedlung des Bundesforschungsinstituts für erneuerbare Energien in der Lausitz ausgearbeitet und diese der Bundestagsfraktion Bündnis 90/Die
Grünen übermittelt. Im Zuge der Gründung der Deutschen Energie-Agentur wurden
dem Bundesministerium für Wirtschaft und Technologie durch das Ministerium für
Wirtschaft des Landes Brandenburg auch Ansiedlungsangebote übermittelt. 
Diese Vorschläge wurden bundesseitig jedoch nicht aufgegriffen. 
Datum des Eingangs: 05.03.2002 / Ausgegeben: 11.03.2002

Zu Frage 3:
Die Erfolgsaussichten hängen von der Bereitschaft des Bundestages bzw. der Bundesregierung ab, die Finanzierung für eine Ansiedlung des Bundesforschungsinstituts
für erneuerbare Energien in der Lausitz bereitzustellen."
266,17280700000,172807,0,Situation des Außenhandels der brandenburgischen Wirtschaft,172807_8e08503273c7c1b8c9878b779e7ed8c9fc61a46b.pdf,1,2,2368,310,https://fragdenstaat.de/dokumente/172807-situation-des-auenhandels-der-brandenburgischen-wirtschaft/,https://media.frag-den-staat.de/files/docs/77/c5/59/77c559e89bb74087b0266d9130de85ff/8e08503273c7c1b8c9878b779e7ed8c9fc61a46b.pdf,,,77c559e8-9bb7-4087-b026-6d9130de85ff,C:\Users\Admin\Desktop\OpenLens\Texte\172807_8e08503273c7c1b8c9878b779e7ed8c9fc61a46b.txt,C:\Users\Admin\Desktop\OpenLens\Bereinigte_Texte\172807_172807_8e08503273c7c1b8c9878b779e7ed8c9fc61a46b.txt,"Landtag Brandenburg
Drucksache 3/513
3. Wahlperiode
Antwort
der Landesregierung
auf die Kleine Anfrage Nr. 137
der Abgeordneten Birgit Fechner
DVU-Fraktion
Landtagsdrucksache 3/267
Situation des Außenhandels der brandenburgischen Wirtschaft
Situation des Außenhandels der brandenburgischen Wirtschaft
Wortlaut der Kleinen Anfrage Nr. 137 vom 01.12.1999:
Ich frage die Landesregierung:
1.
Welche Maßnahmen will die Landesregierung ergreifen, um die
laut Pressemeldungen im Jahre 1999 rückläufigen Exporte der
brandenburgischen Wirtschaft zu erhöhen (bitte detaillierte
Aufschlüsselung nach den Exportregionen EU-Länder, übriges
Europa, Afrika, Asien)?
2.
Plant die Landesregierung spezielle Wirtschaftsförderprogramme, welche sich auf den Außenhandel der brandenburgischen Wirtschaft beziehen? Wenn ja, welche?
Namens der Landesregierung beantwortet der Minister für Wirtschaft die Kleine Anfrage wie folgt:
schaft die Kleine Anfrage wie folgt:
Zu Frage 1:
Die Ausfuhren des Landes sind - dem allgemeinen Trend folgend -
im Jahre 1999 erstmals in Brandenburg unter den Vorjahreszahlen
geblieben. Die Ursachen für den Rückgang des Exports liegen vor
allem im weltweiten Rückgang der Nachfrage infolge der Krisen in
Asien, Lateinamerika und der Russischen Föderation.
Die Landesregierung hat unabhängig von der rückläufigen Exportentwicklung im Jahr 1999 - neben dem Messeförderprogramm - ein
in der deutschen Außenwirtschaftsförderlandschaft besonderes
Programm zur Unterstützung der heimischen KMU bei der Markterschließung im In- und Ausland - die Markterschließungsrichtlinie - aufgelegt, um die Unternehmen bei der Überwindung der
strukturellen Nachteile vor allem im Bereich des Außenhandels zu
unterstützen.
Datum des Eingangs: 19.01.2000 / Ausgegeben: 24.01.2000

Kern dieses Programms ist die Unterstützung der Unternehmen
durch ""coaching"" und Beratung bei der Markterschließung und
durch die Mitfinanzierung von Maßnahmen zur Markterschließung.
Ziel ist dabei die stärkere Vernetzung der Unternehmen in Brandenburg mit Unternehmen in den Zielmärkten.
Zu Frage 2:
Für das Jahr 2000 wird zur Zeit geprüft, ob mehr Mittel im Rahmen der Markterschließungsrichtlinie angesetzt werden können.
Die Landesregierung geht davon aus, dass der Einsatz der Markterschließungsmittel eine weitere Stärkung der außenwirtschaftlichen Kompetenz der brandenburgischen KMU bewirkt."
267,17281500000,172815,0,Flüchtlingsströme und die neue Sicherheitslage,172815_d4ef7afcfe2b7cecce9332826ac1765e0d7b0fc2.pdf,1,2,2211,294,https://fragdenstaat.de/dokumente/172815-fluchtlingsstrome-und-die-neue-sicherheitslage/,https://media.frag-den-staat.de/files/docs/e1/66/72/e16672f336dc48da9f971cc86be114a9/d4ef7afcfe2b7cecce9332826ac1765e0d7b0fc2.pdf,,,e16672f3-36dc-48da-9f97-1cc86be114a9,C:\Users\Admin\Desktop\OpenLens\Texte\172815_d4ef7afcfe2b7cecce9332826ac1765e0d7b0fc2.txt,C:\Users\Admin\Desktop\OpenLens\Bereinigte_Texte\172815_172815_d4ef7afcfe2b7cecce9332826ac1765e0d7b0fc2.txt,"Landtag Brandenburg
Drucksache 3/3547
3. Wahlperiode
Antwort
der Landesregierung
auf die Kleine Anfrage Nr. 1320
des Abgeordneten Michael Claus
Fraktion der DVU
Drucksache 3/3395
Flüchtlingsströme und die neue Sicherheitslage
Flüchtlingsströme und die neue Sicherheitslage
Wortlaut der Kleinen Anfrage Nr. 1320 vom 15.10.2001
Die Bundesregierung hat sich bereit erklärt, angesichts der
kriegerischen Auseinandersetzungen Flüchtlinge aus Afghanistan
aufzunehmen.
Ich frage die Landesregierung:
1.
Wie viele Flüchtlinge kann das Land Brandenburg in welchen
Einrichtungen kurzfristig aufnehmen.
2.
Steht für die Flüchtlinge aus Afghanistan genügend Betreuungspersonal im Land Brandenburg zur Verfügung?
3.
Wird die Landesregierung zusätzliche Haushaltsmittel angesichts der zu erwartenden Flüchtlingsströme in den Haushalt
einstellen?
4.
Welche zusätzlichen Kosten entstehen noch in diesem Jahr
aufgrund der verstärkten Sicherheitsmaßnahmen der Polizei
des Landes?
5.
Welche zusätzlichen Mittel wird die Landesregierung für die
Optimierung des Zivilschutzes und des Katastrophenschutzes
im Landeshaushalt einstellen?
6.
In welchem Umfang wird angesichts der zugespitzten Sicherheitslage der Verfassungsschutz verstärkt für die Bekämpfung des Terrorismus eingesetzt?
Datum des Eingangs: 15.11.2001 / Ausgegeben: 20.11.2001

Namens
ns der Landesregierung beantwortet der Minister des Innern
die Kleine Anfrage wie folgt:
die Kleine Anfrage wie folgt:
Einleitend ist anzumerken, dass die jüngsten Pläne der Bundesregierung zur Aufnahme von Flüchtlingen aus Afghanistan noch
nicht im Detail vorliegen, so dass eine Beurteilung derzeit noch
nicht möglich ist.
zu Frage 1:
In den Gemeinschaftsunterkünften für Asylbewerber und Spätaussiedler der Landkreise und kreisfreien Städte im Land Brandenburg sind derzeit 1.604 Plätze verfügbar.
zu Frage 2:
Ja.
zu den Fragen 3 - 6:
Am 23. Oktober 2001 hat die Landesregierung ein umfangreiches
Maßnahmenpaket zum Schutz der Bürgerinnen und Bürger in Brandenburg nach den Terroranschlägen vom 11. September 2001 beschlossen.
Die Landesregierung wird die finanziellen Auswirkungen dieser
Maßnahmen dem Parlament mit einer Ergänzungsvorlage zum Haushaltsentwurf 2002/2003 vorlegen."
268,17282800000,172828,0,Brandenburgische Naturschutzakademie,172828_ee4e31ceef9f314e53cf57873e906548e25de7ef.pdf,1,2,2382,313,https://fragdenstaat.de/dokumente/172828-brandenburgische-naturschutzakademie/,https://media.frag-den-staat.de/files/docs/30/7c/4c/307c4cdb9f124043a2c532cc3a5c1cf1/ee4e31ceef9f314e53cf57873e906548e25de7ef.pdf,,,307c4cdb-9f12-4043-a2c5-32cc3a5c1cf1,C:\Users\Admin\Desktop\OpenLens\Texte\172828_ee4e31ceef9f314e53cf57873e906548e25de7ef.txt,C:\Users\Admin\Desktop\OpenLens\Bereinigte_Texte\172828_172828_ee4e31ceef9f314e53cf57873e906548e25de7ef.txt,"Landtag Brandenburg
Drucksache 3/2827
3. Wahlperiode
Antwort
der Landesregierung
auf die Kleine Anfrage Nr. 1046
des Abgeordneten Dieter Helm
Fraktion der CDU
Drucksache 3/2637
Brandenburgische Naturschutzakademie
Brandenburgische Naturschutzakademie
Wortlaut der Kleinen Anfrage Nr. 1046 vom 5.04.2001:
In der Unterrichtung der Landesregierung zur Personalbedarfsplanung 
der 
Regierung 
des 
Landes 
Brandenburg 
bis 
zum
31.12.2005 - Drucksache 3/2612 - ist im Anhang zur Personalbedarfsplanung des Ministeriums für Landwirtschaft, Umweltschutz
und Raumordnung auf Seite 42 bei Unteraufgaben vermerkt: ""Aufbau
einer Brandenburgischen Naturschutzakademie"".
Ich frage die Landesregierung:
1.
Auf welcher Grundlage wird am Aufbau der Brandenburgischen
Naturschutzakademie gearbeitet und seit wann?
2.
Welcher Arbeitsstand wurde bisher erreicht?
3.
Wie groß ist der Arbeitsstab innerhalb der Landesregierung,
der sich gegenwärtig mit dieser Aufgabe befasst und welche
Kräfte sind darüber hinaus eingebunden?
4.
Welchen Charakter/Aufgaben soll diese Einrichtung haben?
5.
Welche personelle Ausstattung ist für diese Einrichtung
geplant?
6.
Welche finanziellen Belastungen sind mit der Errichtung
dieser Akademie gegenwärtig für den Landeshaushalt verbunden und aus welchen Kapiteln und Titeln des Landeshaushaltes erfolgt die Finanzierung?
7.
Gibt es Überlegungen zur Finanzierung dieser Einrichtung in
den kommenden Jahren?
8.
An welchem Standort ist diese Einrichtung vorgesehen bzw.
welche Alternativen sind dazu bisher in die Überlegungen
einbezogen worden?
Datum des Eingangs: 17.05.2001 / Ausgegeben: 22.05.2001

Namens der Landesregierung beantwortet der Minister für Landwirtschaft, Umweltschutz und Raumordnung die Kleine Anfrage wie
folgt:
zu Frage 1:
zu Frage 1:
In der vergangenen Legislaturperiode hatte das MUNR in Aussicht
genommen, eine Brandenburgische Naturschutzakademie zu errichten
und hausintern einen Prüfauftrag erteilt. Entsprechende Akademien gibt es in verschiedenen Bundesländern. Angesichts der
Haushaltsentwicklung wurde die Fertigstellung einer Konzeption
ebenso aufgegeben wie die Absicht, diese umzusetzen. Aufgabe und
Stelle sind entfallen. Die Aufgabe ist nur aufgrund eines Versehens in der Unterrichtung der Landesregierung zur Personalbedarfsplanung enthalten.
Antworten zu den Fragen 2 bis 8 entfallen.
Antworten zu den Fragen 2 bis 8 entfallen."
269,17287700000,172877,0,Altersfeststellung bei Ausländern,172877_fcdfec71925f8847701a13254772a5cbfe67a1fa.pdf,1,2,1845,256,https://fragdenstaat.de/dokumente/172877-altersfeststellung-bei-auslandern/,https://media.frag-den-staat.de/files/docs/fb/02/78/fb0278a3fc0b49f581dd22ae6e024256/fcdfec71925f8847701a13254772a5cbfe67a1fa.pdf,,,fb0278a3-fc0b-49f5-81dd-22ae6e024256,C:\Users\Admin\Desktop\OpenLens\Texte\172877_fcdfec71925f8847701a13254772a5cbfe67a1fa.txt,C:\Users\Admin\Desktop\OpenLens\Bereinigte_Texte\172877_172877_fcdfec71925f8847701a13254772a5cbfe67a1fa.txt,"Landtag Brandenburg
Drucksache 3/450
3. Wahlperiode
Antwort
der Landesregierung
auf die Kleine Anfrage Nr. 129
des Abgeordneten Sigmar-Peter Schuldt
Fraktion der DVU
Drucksache 3/246
Altersfeststellung bei Ausländern
Altersfeststellung bei Ausländern
Wortlaut der Kleinen Anfrage Nr. 129 vom 02.12.1999:
Ich frage die Landesregierung:
1.
In wie vielen Fällen wurde in den Jahren 1996 eine gutachterliche Altersfeststellung bei
a) minderjährigen Flüchtlingen
b) ausländischen Tatverdächtigen
vorgenommen?
2.
In wie vielen Fällen wurde aufgrund eines ärztlichen Gutachtens die falsche Altersangabe festgestellt und ein Verfahren wegen Verdachts der (versuchten) mittelbaren Falschbeurkundung § 271 StGB eingeleitet?
3.
In wie vielen Fällen wurde nach Erstellung eines ärztlichen
Gutachtens gemäß § 81 a StPO von den Strafverfolgungsbehörden festgestellt, dass die Voraussetzung des § 19 StGB
nicht vorliegen?
4.
Welche Techniken werden bei der Erstellung der Gutachten,
außer der Zugrundelegung der Betrachtung der Handwurzelknochen und des Gebisses verwendet?
5.
Welche Gutachterkosten sind in den letzten 3 Jahren entstanden? 
6.
In wie vielen Fällen haben sich Beschuldigte einer richterlichen Anordnung gemäß § 81 a StPO nicht freiwillig gestellt, sondern mussten polizeilich vorgeführt werden?
Datum des Eingangs: 11.01.2000 / Ausgegeben: 17.01.2000

Namens
ns der Landesregierung beantwortet der Minister des Innern
die Kleine Anfrage wie folgt:
die Kleine Anfrage wie folgt:
zu Fragen 1a, b, 2 und 3:
Statistische Angaben liegen hierzu nicht vor.
zu Frage 4:
Das Land Brandenburg führt diese Untersuchungen nicht durch. Das
Land Brandenburg verfügt über keine eigene Untersuchungsstelle.
Aussagen über die verwendeten Untersuchungstechniken können
daher nicht gemacht werden.
zu Fragen 5 und 6:
Statistische Angaben liegen hierzu nicht vor."
270,21947500000,219475,0,Behandlung einer Landtagseingabe (3318/3/XI),219475_f3a44ce1761fd4841076d542e1423e9087fafc0a.pdf,1,1,464,53,https://fragdenstaat.de/dokumente/219475-behandlung-einer-landtagseingabe-33183xi/,https://media.frag-den-staat.de/files/docs/6a/c6/20/6ac6203021a84c09afd74fa23ab23b7b/f3a44ce1761fd4841076d542e1423e9087fafc0a.pdf,,,6ac62030-21a8-4c09-afd7-4fa23ab23b7b,C:\Users\Admin\Desktop\OpenLens\Texte\219475_f3a44ce1761fd4841076d542e1423e9087fafc0a.txt,C:\Users\Admin\Desktop\OpenLens\Bereinigte_Texte\219475_219475_f3a44ce1761fd4841076d542e1423e9087fafc0a.txt,"Niedersächsicher Landtag – 11. Wahlperiode
Drucksache 11/4275
Beschlussempfehlungen von Ausschüssen des Niedersächsischen Landtages zu Eingaben
sowie Änderungsanträge der Fraktionen dazu werden aus datenschutzrechtlichen Gründen im
Internet und im Parlamentsspiegel nicht veröffentlicht. Sie können über die Drucksachenstelle
des Niedersächsischen Landtages bezogen werden. Bitte nutzen Sie zur Kontaktaufnahme das
Kontaktformular auf www.landtag-niedersachsen.de."
